"TargetPath","ExpectedSHA256","ActualSHA256","Match"
"projects/01-task-basics/course/01_GD32_Template_FreeRTOS/Doc/readme.txt","E3B0C44298FC1C149AFBF4C8996FB92427AE41E4649B934CA495991B7852B855","E3B0C44298FC1C149AFBF4C8996FB92427AE41E4649B934CA495991B7852B855","True"
"projects/01-task-basics/course/01_GD32_Template_FreeRTOS/Firmware/CMSIS/core_cm4_simd.h","0C2A0C2D66C7791B82CA19D10336C96518830EF359F6BFD9DA7477BC2CBCCBBB","0C2A0C2D66C7791B82CA19D10336C96518830EF359F6BFD9DA7477BC2CBCCBBB","True"
"projects/01-task-basics/course/01_GD32_Template_FreeRTOS/Firmware/CMSIS/core_cm4.h","4756546E1449D17B1A7DEE2F3307F2C92C9F1D669C3F5DFC3EE1DEC8AEE9A8F7","4756546E1449D17B1A7DEE2F3307F2C92C9F1D669C3F5DFC3EE1DEC8AEE9A8F7","True"
"projects/01-task-basics/course/01_GD32_Template_FreeRTOS/Firmware/CMSIS/core_cmFunc.h","5075FF67C8E264B83D9B391C07C6512E26ABBC189E321DE0D8B4375476980E5E","5075FF67C8E264B83D9B391C07C6512E26ABBC189E321DE0D8B4375476980E5E","True"
"projects/01-task-basics/course/01_GD32_Template_FreeRTOS/Firmware/CMSIS/core_cmInstr.h","C35DDCA16CA04646DC70ACF2D592AD9EAEAAECD8125A32ABB710069648266EB5","C35DDCA16CA04646DC70ACF2D592AD9EAEAAECD8125A32ABB710069648266EB5","True"
"projects/01-task-basics/course/01_GD32_Template_FreeRTOS/Firmware/CMSIS/GD/GD32F4xx/Include/gd32f4xx.h","96F1F6884C9885D32DF760A385CA0B5E8E9B20C066F71B946771A00503623A62","96F1F6884C9885D32DF760A385CA0B5E8E9B20C066F71B946771A00503623A62","True"
"projects/01-task-basics/course/01_GD32_Template_FreeRTOS/Firmware/CMSIS/GD/GD32F4xx/Include/system_gd32f4xx.h","98EF2DD6DD7F6D2542C4D5CA83E9869BE3630B43300CB9AB453703E4277913BD","98EF2DD6DD7F6D2542C4D5CA83E9869BE3630B43300CB9AB453703E4277913BD","True"
"projects/01-task-basics/course/01_GD32_Template_FreeRTOS/Firmware/CMSIS/GD/GD32F4xx/Source/ARM/startup_gd32f405_425.s","AEF6290F6950C0B7FB922FD12B91B3FC34ADA707A6846AA5D7A1277FDD50FBD9","AEF6290F6950C0B7FB922FD12B91B3FC34ADA707A6846AA5D7A1277FDD50FBD9","True"
"projects/01-task-basics/course/01_GD32_Template_FreeRTOS/Firmware/CMSIS/GD/GD32F4xx/Source/ARM/startup_gd32f407_427.s","65127CC1FFC7BB0C6E3AB3E1EF32C8F935D09EF4A83AC4914E089D40C39B8B5B","65127CC1FFC7BB0C6E3AB3E1EF32C8F935D09EF4A83AC4914E089D40C39B8B5B","True"
"projects/01-task-basics/course/01_GD32_Template_FreeRTOS/Firmware/CMSIS/GD/GD32F4xx/Source/ARM/startup_gd32f450_470.s","A4E9852BA47AAD025DE9645D067FAB33DDA87B8E82DEA6D77B3364F902345299","A4E9852BA47AAD025DE9645D067FAB33DDA87B8E82DEA6D77B3364F902345299","True"
"projects/01-task-basics/course/01_GD32_Template_FreeRTOS/Firmware/CMSIS/GD/GD32F4xx/Source/IAR/startup_gd32f405_425.s","70E76C6AD0182A5682773261E308008BC1102C09839605A0E058851173026836","70E76C6AD0182A5682773261E308008BC1102C09839605A0E058851173026836","True"
"projects/01-task-basics/course/01_GD32_Template_FreeRTOS/Firmware/CMSIS/GD/GD32F4xx/Source/IAR/startup_gd32f407_427.s","550D6CA54DE7F8FCB2791AAF9141666BA15978C55017FA6798BF0CA80A2864C6","550D6CA54DE7F8FCB2791AAF9141666BA15978C55017FA6798BF0CA80A2864C6","True"
"projects/01-task-basics/course/01_GD32_Template_FreeRTOS/Firmware/CMSIS/GD/GD32F4xx/Source/IAR/startup_gd32f450_470.s","EE6654F1D551C6937D014FE943342B0395A32076E5AC8DD688C600EACB9BD343","EE6654F1D551C6937D014FE943342B0395A32076E5AC8DD688C600EACB9BD343","True"
"projects/01-task-basics/course/01_GD32_Template_FreeRTOS/Firmware/CMSIS/GD/GD32F4xx/Source/system_gd32f4xx.c","8F66A123756716CF74297A7B54EEC616F230CBBC37DFB60F21BF05D1BC070836","8F66A123756716CF74297A7B54EEC616F230CBBC37DFB60F21BF05D1BC070836","True"
"projects/01-task-basics/course/01_GD32_Template_FreeRTOS/Firmware/GD32F4xx_standard_peripheral/Include/gd32f4xx_adc.h","D6B41E007F1EE95E5FA1B495F94924F7E6166439FBF3E9234A26B5FA6C32F1DE","D6B41E007F1EE95E5FA1B495F94924F7E6166439FBF3E9234A26B5FA6C32F1DE","True"
"projects/01-task-basics/course/01_GD32_Template_FreeRTOS/Firmware/GD32F4xx_standard_peripheral/Include/gd32f4xx_can.h","62A96066D7B8A1CEF45AB4092FCE5058B962050EB1C9E4B3585F0E19B9F30578","62A96066D7B8A1CEF45AB4092FCE5058B962050EB1C9E4B3585F0E19B9F30578","True"
"projects/01-task-basics/course/01_GD32_Template_FreeRTOS/Firmware/GD32F4xx_standard_peripheral/Include/gd32f4xx_crc.h","4870F145AEEC968F3A7A0A5068105591E1ADEB9A37A5E47FDCC9D27D7D3AFBD6","4870F145AEEC968F3A7A0A5068105591E1ADEB9A37A5E47FDCC9D27D7D3AFBD6","True"
"projects/01-task-basics/course/01_GD32_Template_FreeRTOS/Firmware/GD32F4xx_standard_peripheral/Include/gd32f4xx_ctc.h","900AB7D5F9C585834166A58966C8D523FF91D410066D00BBED3E6522C25782D7","900AB7D5F9C585834166A58966C8D523FF91D410066D00BBED3E6522C25782D7","True"
"projects/01-task-basics/course/01_GD32_Template_FreeRTOS/Firmware/GD32F4xx_standard_peripheral/Include/gd32f4xx_dac.h","86057CC0C52A32F955A12F47ABA1E4997AC2DABA13B10A686D8777579F638AFB","86057CC0C52A32F955A12F47ABA1E4997AC2DABA13B10A686D8777579F638AFB","True"
"projects/01-task-basics/course/01_GD32_Template_FreeRTOS/Firmware/GD32F4xx_standard_peripheral/Include/gd32f4xx_dbg.h","21A089B5880F1D101116BD37EAAC7A085A103901A40900E75941130D901B150E","21A089B5880F1D101116BD37EAAC7A085A103901A40900E75941130D901B150E","True"
"projects/01-task-basics/course/01_GD32_Template_FreeRTOS/Firmware/GD32F4xx_standard_peripheral/Include/gd32f4xx_dci.h","787F449F0B2EBA5BBCC92B0D50899FA668CEA6ED9CCAB3960EBA0B2253CC7748","787F449F0B2EBA5BBCC92B0D50899FA668CEA6ED9CCAB3960EBA0B2253CC7748","True"
"projects/01-task-basics/course/01_GD32_Template_FreeRTOS/Firmware/GD32F4xx_standard_peripheral/Include/gd32f4xx_dma.h","F358957EBF98C4C449480A088E349CDAC2716394C24FA4111DE08B06FCDC5094","F358957EBF98C4C449480A088E349CDAC2716394C24FA4111DE08B06FCDC5094","True"
"projects/01-task-basics/course/01_GD32_Template_FreeRTOS/Firmware/GD32F4xx_standard_peripheral/Include/gd32f4xx_enet.h","2BDBC2BE9B0E3BA398DEEAB38021442A2CFEEDFF21FC353CF3B16C717A2CDF9B","2BDBC2BE9B0E3BA398DEEAB38021442A2CFEEDFF21FC353CF3B16C717A2CDF9B","True"
"projects/01-task-basics/course/01_GD32_Template_FreeRTOS/Firmware/GD32F4xx_standard_peripheral/Include/gd32f4xx_exmc.h","68482B678DD868085A6BE6317EEC18873D43F895936E503487E843E561A0D55E","68482B678DD868085A6BE6317EEC18873D43F895936E503487E843E561A0D55E","True"
"projects/01-task-basics/course/01_GD32_Template_FreeRTOS/Firmware/GD32F4xx_standard_peripheral/Include/gd32f4xx_exti.h","705948F029F63A5995D9849A60E417D6210ECE34C8E942C76A2D4E7A2B927426","705948F029F63A5995D9849A60E417D6210ECE34C8E942C76A2D4E7A2B927426","True"
"projects/01-task-basics/course/01_GD32_Template_FreeRTOS/Firmware/GD32F4xx_standard_peripheral/Include/gd32f4xx_fmc.h","5A5D9F0B1CE1E7486206130F80048F81A6D3E9E6337BF0A4C69D4A1D5EDC9F7E","5A5D9F0B1CE1E7486206130F80048F81A6D3E9E6337BF0A4C69D4A1D5EDC9F7E","True"
"projects/01-task-basics/course/01_GD32_Template_FreeRTOS/Firmware/GD32F4xx_standard_peripheral/Include/gd32f4xx_fwdgt.h","04CB4EE0D6526910CF9CA8BEFC437FC6DF3FDFE09FB0BC418AB7EA5C19611A50","04CB4EE0D6526910CF9CA8BEFC437FC6DF3FDFE09FB0BC418AB7EA5C19611A50","True"
"projects/01-task-basics/course/01_GD32_Template_FreeRTOS/Firmware/GD32F4xx_standard_peripheral/Include/gd32f4xx_gpio.h","A20501A28644BF45B8E3C4AB2A7237466805C1480B06E7D6C8585296D7F08787","A20501A28644BF45B8E3C4AB2A7237466805C1480B06E7D6C8585296D7F08787","True"
"projects/01-task-basics/course/01_GD32_Template_FreeRTOS/Firmware/GD32F4xx_standard_peripheral/Include/gd32f4xx_i2c.h","6CF4053E2452263CDFCB98DA0832CE1F2F1B0380C1BEA5D4284C1DF0D5CBBB05","6CF4053E2452263CDFCB98DA0832CE1F2F1B0380C1BEA5D4284C1DF0D5CBBB05","True"
"projects/01-task-basics/course/01_GD32_Template_FreeRTOS/Firmware/GD32F4xx_standard_peripheral/Include/gd32f4xx_ipa.h","1AD22068402E09BAE4117E637ED972FCD7452751CCBE01C7829AEA7DF45AE8AE","1AD22068402E09BAE4117E637ED972FCD7452751CCBE01C7829AEA7DF45AE8AE","True"
"projects/01-task-basics/course/01_GD32_Template_FreeRTOS/Firmware/GD32F4xx_standard_peripheral/Include/gd32f4xx_iref.h","D9D1E67FD4473F44B2F7E22BB78C3DFA9B5109D083AF1B0FDC63EC657B241C4A","D9D1E67FD4473F44B2F7E22BB78C3DFA9B5109D083AF1B0FDC63EC657B241C4A","True"
"projects/01-task-basics/course/01_GD32_Template_FreeRTOS/Firmware/GD32F4xx_standard_peripheral/Include/gd32f4xx_misc.h","0A918F830F0200C0E806DFB50594259783E69D8ADBC27708705567F7193D35FB","0A918F830F0200C0E806DFB50594259783E69D8ADBC27708705567F7193D35FB","True"
"projects/01-task-basics/course/01_GD32_Template_FreeRTOS/Firmware/GD32F4xx_standard_peripheral/Include/gd32f4xx_pmu.h","B9A72B6E42083EFD170C0C5FBE579C5D6417F9BBF674DB36041BE96FCBD84636","B9A72B6E42083EFD170C0C5FBE579C5D6417F9BBF674DB36041BE96FCBD84636","True"
"projects/01-task-basics/course/01_GD32_Template_FreeRTOS/Firmware/GD32F4xx_standard_peripheral/Include/gd32f4xx_rcu.h","AC2B2AE653EDC89E674EDA24E1CFE8B511B73984AE0CABED3DF60BA61F8EEF08","AC2B2AE653EDC89E674EDA24E1CFE8B511B73984AE0CABED3DF60BA61F8EEF08","True"
"projects/01-task-basics/course/01_GD32_Template_FreeRTOS/Firmware/GD32F4xx_standard_peripheral/Include/gd32f4xx_rtc.h","1798B1B495683096D4491CF0F854957D2AD60612F65A801ED0E7A4BEE49FA549","1798B1B495683096D4491CF0F854957D2AD60612F65A801ED0E7A4BEE49FA549","True"
"projects/01-task-basics/course/01_GD32_Template_FreeRTOS/Firmware/GD32F4xx_standard_peripheral/Include/gd32f4xx_sdio.h","8D6813EFC565E3085611D767EA4E670E0C76A256C6F17FC93F313BCB11D0385A","8D6813EFC565E3085611D767EA4E670E0C76A256C6F17FC93F313BCB11D0385A","True"
"projects/01-task-basics/course/01_GD32_Template_FreeRTOS/Firmware/GD32F4xx_standard_peripheral/Include/gd32f4xx_spi.h","4C6360C8FE58D4A38E4870BCBA17630857551D3EC7B4BD3DDEB5085C31240B1C","4C6360C8FE58D4A38E4870BCBA17630857551D3EC7B4BD3DDEB5085C31240B1C","True"
"projects/01-task-basics/course/01_GD32_Template_FreeRTOS/Firmware/GD32F4xx_standard_peripheral/Include/gd32f4xx_syscfg.h","5060FEF0A07A3FC1396A31F09F95FE1D134F8A1FB1581E3DD98BB6078108C447","5060FEF0A07A3FC1396A31F09F95FE1D134F8A1FB1581E3DD98BB6078108C447","True"
"projects/01-task-basics/course/01_GD32_Template_FreeRTOS/Firmware/GD32F4xx_standard_peripheral/Include/gd32f4xx_timer.h","7A79F81F1D862A1B49F23BFE05B1AC751A71E761B6E63C2DFFABE6C7BC69AC49","7A79F81F1D862A1B49F23BFE05B1AC751A71E761B6E63C2DFFABE6C7BC69AC49","True"
"projects/01-task-basics/course/01_GD32_Template_FreeRTOS/Firmware/GD32F4xx_standard_peripheral/Include/gd32f4xx_tli.h","1B94EA157AC8CE2FED962B0C4FF95B6702C6194300AA51B04C3AAFE493768D2A","1B94EA157AC8CE2FED962B0C4FF95B6702C6194300AA51B04C3AAFE493768D2A","True"
"projects/01-task-basics/course/01_GD32_Template_FreeRTOS/Firmware/GD32F4xx_standard_peripheral/Include/gd32f4xx_trng.h","91E2BB5AFFEFA65F90927FAD795FAA0F4204516284ECA38E461506F0CD9CA924","91E2BB5AFFEFA65F90927FAD795FAA0F4204516284ECA38E461506F0CD9CA924","True"
"projects/01-task-basics/course/01_GD32_Template_FreeRTOS/Firmware/GD32F4xx_standard_peripheral/Include/gd32f4xx_usart.h","6CF40E957A1216C99E3663D667DE1944C42272897011834BF20ADCD97E791074","6CF40E957A1216C99E3663D667DE1944C42272897011834BF20ADCD97E791074","True"
"projects/01-task-basics/course/01_GD32_Template_FreeRTOS/Firmware/GD32F4xx_standard_peripheral/Include/gd32f4xx_wwdgt.h","01EECFC98B4507AEB8F0AFBE7D994EA0A617A79E5D4EB2D1D4A85979BA014EFE","01EECFC98B4507AEB8F0AFBE7D994EA0A617A79E5D4EB2D1D4A85979BA014EFE","True"
"projects/01-task-basics/course/01_GD32_Template_FreeRTOS/Firmware/GD32F4xx_standard_peripheral/Source/gd32f4xx_adc.c","8A5C91EC7A397B53EFD086646674D273ECE00F36C9610AB50715FE1521BA4112","8A5C91EC7A397B53EFD086646674D273ECE00F36C9610AB50715FE1521BA4112","True"
"projects/01-task-basics/course/01_GD32_Template_FreeRTOS/Firmware/GD32F4xx_standard_peripheral/Source/gd32f4xx_can.c","CE0E343B00856972EABACCC1F4D88C051796A8D1E30C4596312FC29A533DB8BA","CE0E343B00856972EABACCC1F4D88C051796A8D1E30C4596312FC29A533DB8BA","True"
"projects/01-task-basics/course/01_GD32_Template_FreeRTOS/Firmware/GD32F4xx_standard_peripheral/Source/gd32f4xx_crc.c","C14034159E72E082AA70E2A8CBA60FFCF950B63D75AE467706632F32EC00F315","C14034159E72E082AA70E2A8CBA60FFCF950B63D75AE467706632F32EC00F315","True"
"projects/01-task-basics/course/01_GD32_Template_FreeRTOS/Firmware/GD32F4xx_standard_peripheral/Source/gd32f4xx_ctc.c","07F4A6385C6FFB2E18ECF95DAAE6A431FB91262FA988835A249A64F4002280A1","07F4A6385C6FFB2E18ECF95DAAE6A431FB91262FA988835A249A64F4002280A1","True"
"projects/01-task-basics/course/01_GD32_Template_FreeRTOS/Firmware/GD32F4xx_standard_peripheral/Source/gd32f4xx_dac.c","ACE5C99F1E2774D955CA4E4D5D6E81B2D831F718098487EA3E8C2C34C960E160","ACE5C99F1E2774D955CA4E4D5D6E81B2D831F718098487EA3E8C2C34C960E160","True"
"projects/01-task-basics/course/01_GD32_Template_FreeRTOS/Firmware/GD32F4xx_standard_peripheral/Source/gd32f4xx_dbg.c","6EEC659FD6B5C549226BAE8E9C9C78785B064D557434189BB221287D550FE291","6EEC659FD6B5C549226BAE8E9C9C78785B064D557434189BB221287D550FE291","True"
"projects/01-task-basics/course/01_GD32_Template_FreeRTOS/Firmware/GD32F4xx_standard_peripheral/Source/gd32f4xx_dci.c","B99613D9A21A02DD39117F30B9A488B859209AB3489DCFDE7361D147CDF76516","B99613D9A21A02DD39117F30B9A488B859209AB3489DCFDE7361D147CDF76516","True"
"projects/01-task-basics/course/01_GD32_Template_FreeRTOS/Firmware/GD32F4xx_standard_peripheral/Source/gd32f4xx_dma.c","2D943A169ABABCC22CBC6C41665F5CE375C30B63005954E1D34BB3218CB63FAF","2D943A169ABABCC22CBC6C41665F5CE375C30B63005954E1D34BB3218CB63FAF","True"
"projects/01-task-basics/course/01_GD32_Template_FreeRTOS/Firmware/GD32F4xx_standard_peripheral/Source/gd32f4xx_enet.c","3051E8737C463D23D07B9C9AD937BC7C488BB573738B2313982870DAA670E87E","3051E8737C463D23D07B9C9AD937BC7C488BB573738B2313982870DAA670E87E","True"
"projects/01-task-basics/course/01_GD32_Template_FreeRTOS/Firmware/GD32F4xx_standard_peripheral/Source/gd32f4xx_exmc.c","E4A79B377C89D9EB8BD5BE101E273AD5EFBA0C2A24FB4621AB7BC124BEEEAEBF","E4A79B377C89D9EB8BD5BE101E273AD5EFBA0C2A24FB4621AB7BC124BEEEAEBF","True"
"projects/01-task-basics/course/01_GD32_Template_FreeRTOS/Firmware/GD32F4xx_standard_peripheral/Source/gd32f4xx_exti.c","FCE4A7ECA93486D71A9E5758642F2282AE7F8805DBB559312837A0B17577FE58","FCE4A7ECA93486D71A9E5758642F2282AE7F8805DBB559312837A0B17577FE58","True"
"projects/01-task-basics/course/01_GD32_Template_FreeRTOS/Firmware/GD32F4xx_standard_peripheral/Source/gd32f4xx_fmc.c","15408829D2405432FC8ED73D5D8C6BBB1E6C74540F1B817983BABD62E22CAB16","15408829D2405432FC8ED73D5D8C6BBB1E6C74540F1B817983BABD62E22CAB16","True"
"projects/01-task-basics/course/01_GD32_Template_FreeRTOS/Firmware/GD32F4xx_standard_peripheral/Source/gd32f4xx_fwdgt.c","05B67D15069CED6F0472E4115ECD16064402E0D6220561499000025A8CD189B7","05B67D15069CED6F0472E4115ECD16064402E0D6220561499000025A8CD189B7","True"
"projects/01-task-basics/course/01_GD32_Template_FreeRTOS/Firmware/GD32F4xx_standard_peripheral/Source/gd32f4xx_gpio.c","262BEFE864D5DA3BADA64D0B3DAB29E5C2747E46B154EDE8BCAB0B788DB614E0","262BEFE864D5DA3BADA64D0B3DAB29E5C2747E46B154EDE8BCAB0B788DB614E0","True"
"projects/01-task-basics/course/01_GD32_Template_FreeRTOS/Firmware/GD32F4xx_standard_peripheral/Source/gd32f4xx_i2c.c","8EDFAF1A8F0BF2833923D0072FE1B9D0467382B3EC1D243E918D0DE9711CCCD2","8EDFAF1A8F0BF2833923D0072FE1B9D0467382B3EC1D243E918D0DE9711CCCD2","True"
"projects/01-task-basics/course/01_GD32_Template_FreeRTOS/Firmware/GD32F4xx_standard_peripheral/Source/gd32f4xx_ipa.c","38A8350304763C1C83B4D2341F6782B090CA09ABE541AC360089B5CB454BCF57","38A8350304763C1C83B4D2341F6782B090CA09ABE541AC360089B5CB454BCF57","True"
"projects/01-task-basics/course/01_GD32_Template_FreeRTOS/Firmware/GD32F4xx_standard_peripheral/Source/gd32f4xx_iref.c","24F2FCFCD20882FD3E65773A281A827BF5391A0A8054324EEF7C98BB3F2B9B80","24F2FCFCD20882FD3E65773A281A827BF5391A0A8054324EEF7C98BB3F2B9B80","True"
"projects/01-task-basics/course/01_GD32_Template_FreeRTOS/Firmware/GD32F4xx_standard_peripheral/Source/gd32f4xx_misc.c","1CD262F295155428C25DEDC69BFBAB99F7A99DE09E0B602ECA1F2C6017CFE2DA","1CD262F295155428C25DEDC69BFBAB99F7A99DE09E0B602ECA1F2C6017CFE2DA","True"
"projects/01-task-basics/course/01_GD32_Template_FreeRTOS/Firmware/GD32F4xx_standard_peripheral/Source/gd32f4xx_pmu.c","DAFA94838A55132E3313234C5AC2BE6172116DC26574347363D554EFFB186D79","DAFA94838A55132E3313234C5AC2BE6172116DC26574347363D554EFFB186D79","True"
"projects/01-task-basics/course/01_GD32_Template_FreeRTOS/Firmware/GD32F4xx_standard_peripheral/Source/gd32f4xx_rcu.c","6C1030EB58EC7CB9C41E2A1FF31DDEF87F70DD083222327978234004C4E95B98","6C1030EB58EC7CB9C41E2A1FF31DDEF87F70DD083222327978234004C4E95B98","True"
"projects/01-task-basics/course/01_GD32_Template_FreeRTOS/Firmware/GD32F4xx_standard_peripheral/Source/gd32f4xx_rtc.c","EEA5BCB92C88A7BAB9F3740F8E9408236412A546B03A5467F21B0F94A01183E7","EEA5BCB92C88A7BAB9F3740F8E9408236412A546B03A5467F21B0F94A01183E7","True"
"projects/01-task-basics/course/01_GD32_Template_FreeRTOS/Firmware/GD32F4xx_standard_peripheral/Source/gd32f4xx_sdio.c","9D8F3E488C74C44A30C4D0BBB9CD8D86555D898CA9C36F259CE57609959B9854","9D8F3E488C74C44A30C4D0BBB9CD8D86555D898CA9C36F259CE57609959B9854","True"
"projects/01-task-basics/course/01_GD32_Template_FreeRTOS/Firmware/GD32F4xx_standard_peripheral/Source/gd32f4xx_spi.c","CE06438E9AD5882A0FCA88DFE658DD925ED3320BA574C2797E2F93ACF6142459","CE06438E9AD5882A0FCA88DFE658DD925ED3320BA574C2797E2F93ACF6142459","True"
"projects/01-task-basics/course/01_GD32_Template_FreeRTOS/Firmware/GD32F4xx_standard_peripheral/Source/gd32f4xx_syscfg.c","51A7A5E70F3064424CC6E2F6A06942B47ADAAC8C36A6612EE08B1643557B3CA3","51A7A5E70F3064424CC6E2F6A06942B47ADAAC8C36A6612EE08B1643557B3CA3","True"
"projects/01-task-basics/course/01_GD32_Template_FreeRTOS/Firmware/GD32F4xx_standard_peripheral/Source/gd32f4xx_timer.c","3961465CF6BA39554E34C02183C50676A4AB9B3991A6AAD32D271754B2506B14","3961465CF6BA39554E34C02183C50676A4AB9B3991A6AAD32D271754B2506B14","True"
"projects/01-task-basics/course/01_GD32_Template_FreeRTOS/Firmware/GD32F4xx_standard_peripheral/Source/gd32f4xx_tli.c","881A02E692AFD4A0B6848A929B0B8C79148911AD7543CF611287C45E82372541","881A02E692AFD4A0B6848A929B0B8C79148911AD7543CF611287C45E82372541","True"
"projects/01-task-basics/course/01_GD32_Template_FreeRTOS/Firmware/GD32F4xx_standard_peripheral/Source/gd32f4xx_trng.c","BA9093D046A01C997AA54D2DE9F663E8AF32FB9E53C950CFC640F1033FCD6C53","BA9093D046A01C997AA54D2DE9F663E8AF32FB9E53C950CFC640F1033FCD6C53","True"
"projects/01-task-basics/course/01_GD32_Template_FreeRTOS/Firmware/GD32F4xx_standard_peripheral/Source/gd32f4xx_usart.c","F67FA54D9C9537317BE92D95FD880A394D9ABE98DF708E5AA821FBFA392AE9B0","F67FA54D9C9537317BE92D95FD880A394D9ABE98DF708E5AA821FBFA392AE9B0","True"
"projects/01-task-basics/course/01_GD32_Template_FreeRTOS/Firmware/GD32F4xx_standard_peripheral/Source/gd32f4xx_wwdgt.c","0ED39DE6F0101E10DDCB476E6EF21C44D2282D4F689D0D0D70F9E04940E6F0FE","0ED39DE6F0101E10DDCB476E6EF21C44D2282D4F689D0D0D70F9E04940E6F0FE","True"
"projects/01-task-basics/course/01_GD32_Template_FreeRTOS/Firmware/GD32F4xx_usb_library/device/class/audio/Include/audio_core.h","D4550583AD93FB3EED7D288FB84CA5E1B57269E088FB073E541A666B636FEC00","D4550583AD93FB3EED7D288FB84CA5E1B57269E088FB073E541A666B636FEC00","True"
"projects/01-task-basics/course/01_GD32_Template_FreeRTOS/Firmware/GD32F4xx_usb_library/device/class/audio/Include/audio_out_itf.h","77FB54DEA6431AF26C1DE2B1CCFB8186FAC92519D817556FE6B31FDE7947310B","77FB54DEA6431AF26C1DE2B1CCFB8186FAC92519D817556FE6B31FDE7947310B","True"
"projects/01-task-basics/course/01_GD32_Template_FreeRTOS/Firmware/GD32F4xx_usb_library/device/class/audio/Source/audio_core.c","E134ABAB42ADA7E2D9C6BAD56032F4358FBD37B82E3861496BFE8DC7B4263D32","E134ABAB42ADA7E2D9C6BAD56032F4358FBD37B82E3861496BFE8DC7B4263D32","True"
"projects/01-task-basics/course/01_GD32_Template_FreeRTOS/Firmware/GD32F4xx_usb_library/device/class/audio/Source/audio_out_itf.c","33F0490E4B3CE2315D51257BB877A233BA7293BF83F1272113382989476B887B","33F0490E4B3CE2315D51257BB877A233BA7293BF83F1272113382989476B887B","True"
"projects/01-task-basics/course/01_GD32_Template_FreeRTOS/Firmware/GD32F4xx_usb_library/device/class/cdc/Include/cdc_acm_core.h","58A53B46A222A4CA1B4F35901A48555A22FF6C8EF95DCB23E651A64512A0B8EC","58A53B46A222A4CA1B4F35901A48555A22FF6C8EF95DCB23E651A64512A0B8EC","True"
"projects/01-task-basics/course/01_GD32_Template_FreeRTOS/Firmware/GD32F4xx_usb_library/device/class/cdc/Source/cdc_acm_core.c","92F6D272CB501A2E0E8020A5C7C3FDBF3F6267044A5F00C248A53BDC23867E71","92F6D272CB501A2E0E8020A5C7C3FDBF3F6267044A5F00C248A53BDC23867E71","True"
"projects/01-task-basics/course/01_GD32_Template_FreeRTOS/Firmware/GD32F4xx_usb_library/device/class/dfu/Include/dfu_core.h","B074E46C11DFC3D6F057E7C91263A7894A8598F5AD27062A8F0C737739F0AC4B","B074E46C11DFC3D6F057E7C91263A7894A8598F5AD27062A8F0C737739F0AC4B","True"
"projects/01-task-basics/course/01_GD32_Template_FreeRTOS/Firmware/GD32F4xx_usb_library/device/class/dfu/Include/dfu_mem.h","EE0FA900E1595041DB2524E57A7684A911AFEC27BD737544CB8ACC1A419B54F3","EE0FA900E1595041DB2524E57A7684A911AFEC27BD737544CB8ACC1A419B54F3","True"
"projects/01-task-basics/course/01_GD32_Template_FreeRTOS/Firmware/GD32F4xx_usb_library/device/class/dfu/Source/dfu_core.c","EE0B61F48E523F816E1977AB5667701D4A30C9D7994809DAEC56A6C22B6B23F2","EE0B61F48E523F816E1977AB5667701D4A30C9D7994809DAEC56A6C22B6B23F2","True"
"projects/01-task-basics/course/01_GD32_Template_FreeRTOS/Firmware/GD32F4xx_usb_library/device/class/dfu/Source/dfu_mem.c","1740852FD0411642AAD47BF10951D51DE5338CA02239C634C4A28211CC0B6BD5","1740852FD0411642AAD47BF10951D51DE5338CA02239C634C4A28211CC0B6BD5","True"
"projects/01-task-basics/course/01_GD32_Template_FreeRTOS/Firmware/GD32F4xx_usb_library/device/class/hid/Include/custom_hid_core.h","3D8630539B539B75241B088BA5CB2BD6A6377EBE6A0C026E14E4D9F618149F3C","3D8630539B539B75241B088BA5CB2BD6A6377EBE6A0C026E14E4D9F618149F3C","True"
"projects/01-task-basics/course/01_GD32_Template_FreeRTOS/Firmware/GD32F4xx_usb_library/device/class/hid/Include/standard_hid_core.h","B43958E8EF0BB4E5939D1B1279F2B4D25791ABD357C51504FB08C6BF5CDE5A55","B43958E8EF0BB4E5939D1B1279F2B4D25791ABD357C51504FB08C6BF5CDE5A55","True"
"projects/01-task-basics/course/01_GD32_Template_FreeRTOS/Firmware/GD32F4xx_usb_library/device/class/hid/Source/custom_hid_core.c","E31D924422097B600884693E2CFB38C20E4215861DFC8BBDFF3058C9A9133668","E31D924422097B600884693E2CFB38C20E4215861DFC8BBDFF3058C9A9133668","True"
"projects/01-task-basics/course/01_GD32_Template_FreeRTOS/Firmware/GD32F4xx_usb_library/device/class/hid/Source/standard_hid_core.c","976542C7FC8C038846C71E4C5E6755B3C9364C8C09425F671FA694F1F14889A1","976542C7FC8C038846C71E4C5E6755B3C9364C8C09425F671FA694F1F14889A1","True"
"projects/01-task-basics/course/01_GD32_Template_FreeRTOS/Firmware/GD32F4xx_usb_library/device/class/iap/Include/usb_iap_core.h","0C5491567E7452BE4CDC0099BC8F6E5B6ACA7B9C273FDB95647264938337C163","0C5491567E7452BE4CDC0099BC8F6E5B6ACA7B9C273FDB95647264938337C163","True"
"projects/01-task-basics/course/01_GD32_Template_FreeRTOS/Firmware/GD32F4xx_usb_library/device/class/iap/Source/usb_iap_core.c","B48D8EDB4882F57E2EE0B7CD17D94A4EA574BBFDB3EF72F35355FB7B8CBF374D","B48D8EDB4882F57E2EE0B7CD17D94A4EA574BBFDB3EF72F35355FB7B8CBF374D","True"
"projects/01-task-basics/course/01_GD32_Template_FreeRTOS/Firmware/GD32F4xx_usb_library/device/class/msc/Include/usbd_msc_bbb.h","FCE4E4A9E17E3C7AD6EF23BF6284354B3C1E0BC79E2E3D8C51C00C7CBA88598F","FCE4E4A9E17E3C7AD6EF23BF6284354B3C1E0BC79E2E3D8C51C00C7CBA88598F","True"
"projects/01-task-basics/course/01_GD32_Template_FreeRTOS/Firmware/GD32F4xx_usb_library/device/class/msc/Include/usbd_msc_core.h","1B56E50C7F78BD46CC86E131565DA5A3CA050901171A99D33526283996D0062C","1B56E50C7F78BD46CC86E131565DA5A3CA050901171A99D33526283996D0062C","True"
"projects/01-task-basics/course/01_GD32_Template_FreeRTOS/Firmware/GD32F4xx_usb_library/device/class/msc/Include/usbd_msc_mem.h","4219910F0D5565CBF2CB7DE2191FFFAD41F01F9903EC160827C6F441FC9FE241","4219910F0D5565CBF2CB7DE2191FFFAD41F01F9903EC160827C6F441FC9FE241","True"
"projects/01-task-basics/course/01_GD32_Template_FreeRTOS/Firmware/GD32F4xx_usb_library/device/class/msc/Include/usbd_msc_scsi.h","8A843A759A5D1013DB6524B1547453013DA00C202F03A7011B604C8E79F96A2D","8A843A759A5D1013DB6524B1547453013DA00C202F03A7011B604C8E79F96A2D","True"
"projects/01-task-basics/course/01_GD32_Template_FreeRTOS/Firmware/GD32F4xx_usb_library/device/class/msc/Source/usbd_msc_bbb.c","D613ECDDAB72A03DE672E4669F2549F5CE93259C09819FCBD78DB49DBBEFA4A5","D613ECDDAB72A03DE672E4669F2549F5CE93259C09819FCBD78DB49DBBEFA4A5","True"
"projects/01-task-basics/course/01_GD32_Template_FreeRTOS/Firmware/GD32F4xx_usb_library/device/class/msc/Source/usbd_msc_core.c","5C5983C2884B08AA4A480B29929E20A502741C56CEFD717E48A6FE5C807BBB5C","5C5983C2884B08AA4A480B29929E20A502741C56CEFD717E48A6FE5C807BBB5C","True"
"projects/01-task-basics/course/01_GD32_Template_FreeRTOS/Firmware/GD32F4xx_usb_library/device/class/msc/Source/usbd_msc_scsi.c","062E1DF310C0FEED9372585E09D4A317F65B8E0E03BD70C14AA7418A99C5EFFD","062E1DF310C0FEED9372585E09D4A317F65B8E0E03BD70C14AA7418A99C5EFFD","True"
"projects/01-task-basics/course/01_GD32_Template_FreeRTOS/Firmware/GD32F4xx_usb_library/device/class/printer/Include/printer_core.h","4231DAE7349CC3643150EC1E90A5CEFB4ADF23ADC0314E82EF001BDFCD7D7E8C","4231DAE7349CC3643150EC1E90A5CEFB4ADF23ADC0314E82EF001BDFCD7D7E8C","True"
"projects/01-task-basics/course/01_GD32_Template_FreeRTOS/Firmware/GD32F4xx_usb_library/device/class/printer/Source/printer_core.c","93EB77FF7A45DA1424244E1FFA25755A259E43B815D00B14C319BEC17A079831","93EB77FF7A45DA1424244E1FFA25755A259E43B815D00B14C319BEC17A079831","True"
"projects/01-task-basics/course/01_GD32_Template_FreeRTOS/Firmware/GD32F4xx_usb_library/device/core/Include/usbd_core.h","A205D78D7C4299519538D5057744916BCB5459EC963BFBD6AA42101197B15041","A205D78D7C4299519538D5057744916BCB5459EC963BFBD6AA42101197B15041","True"
"projects/01-task-basics/course/01_GD32_Template_FreeRTOS/Firmware/GD32F4xx_usb_library/device/core/Include/usbd_enum.h","9DE97ED85BA71120379BF876FAF752FA7900784D1614C18D1E9ECEA6C7E2C897","9DE97ED85BA71120379BF876FAF752FA7900784D1614C18D1E9ECEA6C7E2C897","True"
"projects/01-task-basics/course/01_GD32_Template_FreeRTOS/Firmware/GD32F4xx_usb_library/device/core/Include/usbd_transc.h","7598A18B6AA5696B7D15C3F8DA6F0F04C37BCA44D48C86FD5A7BD92850A17681","7598A18B6AA5696B7D15C3F8DA6F0F04C37BCA44D48C86FD5A7BD92850A17681","True"
"projects/01-task-basics/course/01_GD32_Template_FreeRTOS/Firmware/GD32F4xx_usb_library/device/core/Source/usbd_core.c","74A04240E3912EF2D959396250678FF65E41A6D65E4C92CDDB7BABEBC646A12F","74A04240E3912EF2D959396250678FF65E41A6D65E4C92CDDB7BABEBC646A12F","True"
"projects/01-task-basics/course/01_GD32_Template_FreeRTOS/Firmware/GD32F4xx_usb_library/device/core/Source/usbd_enum.c","07C9D4AF518D9659D3696A574638D2238413C849345915F347B1CE91C02A81EE","07C9D4AF518D9659D3696A574638D2238413C849345915F347B1CE91C02A81EE","True"
"projects/01-task-basics/course/01_GD32_Template_FreeRTOS/Firmware/GD32F4xx_usb_library/device/core/Source/usbd_transc.c","CE5E569F4CBB0918250C03000276FD987E116E69F489EEC7B049B790A5A87F37","CE5E569F4CBB0918250C03000276FD987E116E69F489EEC7B049B790A5A87F37","True"
"projects/01-task-basics/course/01_GD32_Template_FreeRTOS/Firmware/GD32F4xx_usb_library/driver/Include/drv_usb_core.h","D7957D291F199B35772CE89782B17558BCC73B935F66F80C5B7FBE16DDBA5875","D7957D291F199B35772CE89782B17558BCC73B935F66F80C5B7FBE16DDBA5875","True"
"projects/01-task-basics/course/01_GD32_Template_FreeRTOS/Firmware/GD32F4xx_usb_library/driver/Include/drv_usb_dev.h","CAF5D56EBAFDBA9FC9F167418A1616E4291B112EDBF47A8654BD9A98F8C17B9A","CAF5D56EBAFDBA9FC9F167418A1616E4291B112EDBF47A8654BD9A98F8C17B9A","True"
"projects/01-task-basics/course/01_GD32_Template_FreeRTOS/Firmware/GD32F4xx_usb_library/driver/Include/drv_usb_host.h","FB4056A260F60FDA977AB1139EBFCF00E53B5C3E697FDDA573B902A413BFFF14","FB4056A260F60FDA977AB1139EBFCF00E53B5C3E697FDDA573B902A413BFFF14","True"
"projects/01-task-basics/course/01_GD32_Template_FreeRTOS/Firmware/GD32F4xx_usb_library/driver/Include/drv_usb_hw.h","81DBB2D76CD496106998EAA694DA78184988C9618E06CFE573E5D6B5FA1C1F20","81DBB2D76CD496106998EAA694DA78184988C9618E06CFE573E5D6B5FA1C1F20","True"
"projects/01-task-basics/course/01_GD32_Template_FreeRTOS/Firmware/GD32F4xx_usb_library/driver/Include/drv_usb_regs.h","048A97F0FF66F557EE6A5E829F8AA0336D69E13E63151CF4D64092D0FF9606BA","048A97F0FF66F557EE6A5E829F8AA0336D69E13E63151CF4D64092D0FF9606BA","True"
"projects/01-task-basics/course/01_GD32_Template_FreeRTOS/Firmware/GD32F4xx_usb_library/driver/Include/drv_usbd_int.h","3B71749A04450BBEC4838039BC3C6482EE1D7ECB509B97DA5151F362F918A8F4","3B71749A04450BBEC4838039BC3C6482EE1D7ECB509B97DA5151F362F918A8F4","True"
"projects/01-task-basics/course/01_GD32_Template_FreeRTOS/Firmware/GD32F4xx_usb_library/driver/Include/drv_usbh_int.h","5268EE8F0ACCEE9C9E848AE421F3F1B83B8EFA72B8854F08A5756C16C3873997","5268EE8F0ACCEE9C9E848AE421F3F1B83B8EFA72B8854F08A5756C16C3873997","True"
"projects/01-task-basics/course/01_GD32_Template_FreeRTOS/Firmware/GD32F4xx_usb_library/driver/Source/drv_usb_core.c","B90492A8404BCBDCBBA9D31D38AD75D2D85B6014CCACF6EEA77B23F69CF5F623","B90492A8404BCBDCBBA9D31D38AD75D2D85B6014CCACF6EEA77B23F69CF5F623","True"
"projects/01-task-basics/course/01_GD32_Template_FreeRTOS/Firmware/GD32F4xx_usb_library/driver/Source/drv_usb_dev.c","93CA6CD491C5E0FEA197D5AC7F10BA23E6973543DA7AEED38BFC1AE3A0DC474B","93CA6CD491C5E0FEA197D5AC7F10BA23E6973543DA7AEED38BFC1AE3A0DC474B","True"
"projects/01-task-basics/course/01_GD32_Template_FreeRTOS/Firmware/GD32F4xx_usb_library/driver/Source/drv_usb_host.c","D9F6DE1A16C13351C6947A1D8C735A2FA2EF6495159EF75E8C84A903003853EA","D9F6DE1A16C13351C6947A1D8C735A2FA2EF6495159EF75E8C84A903003853EA","True"
"projects/01-task-basics/course/01_GD32_Template_FreeRTOS/Firmware/GD32F4xx_usb_library/driver/Source/drv_usbd_int.c","6D629C1B2EE8A05BD9C1B8E20F2664410AFC9608E9489CCAC5BE881D10D0A715","6D629C1B2EE8A05BD9C1B8E20F2664410AFC9608E9489CCAC5BE881D10D0A715","True"
"projects/01-task-basics/course/01_GD32_Template_FreeRTOS/Firmware/GD32F4xx_usb_library/driver/Source/drv_usbh_int.c","4D390034615DF35FB792026BD76844C922F387580E291039F1BC5F6B6C982486","4D390034615DF35FB792026BD76844C922F387580E291039F1BC5F6B6C982486","True"
"projects/01-task-basics/course/01_GD32_Template_FreeRTOS/Firmware/GD32F4xx_usb_library/host/class/hid/Include/usbh_hid_core.h","0DEC84719141C68389EC4F957111FB6DC21A5BE55159A808A9D4D20759E447AA","0DEC84719141C68389EC4F957111FB6DC21A5BE55159A808A9D4D20759E447AA","True"
"projects/01-task-basics/course/01_GD32_Template_FreeRTOS/Firmware/GD32F4xx_usb_library/host/class/hid/Include/usbh_standard_hid.h","9DFF3D162D5690F986145FC6A50E8BE49EE6EA57B0DF5DE92708173ECE1231A8","9DFF3D162D5690F986145FC6A50E8BE49EE6EA57B0DF5DE92708173ECE1231A8","True"
"projects/01-task-basics/course/01_GD32_Template_FreeRTOS/Firmware/GD32F4xx_usb_library/host/class/hid/Source/usbh_hid_core.c","2CDAFDF63EBB98A454A09ACC070B9C2E925C7EEC29AF318F1A8CE5F913C5D200","2CDAFDF63EBB98A454A09ACC070B9C2E925C7EEC29AF318F1A8CE5F913C5D200","True"
"projects/01-task-basics/course/01_GD32_Template_FreeRTOS/Firmware/GD32F4xx_usb_library/host/class/hid/Source/usbh_standard_hid.c","324F535D3213364159EF30D0AB69CB69472D94EE6A25F07D1C624D1B4BB315C3","324F535D3213364159EF30D0AB69CB69472D94EE6A25F07D1C624D1B4BB315C3","True"
"projects/01-task-basics/course/01_GD32_Template_FreeRTOS/Firmware/GD32F4xx_usb_library/host/class/msc/Include/usbh_msc_bbb.h","FE164E019DB850549FA0EDB8A4B2F0C38FF1C7540A834B935C91268D0E275FF8","FE164E019DB850549FA0EDB8A4B2F0C38FF1C7540A834B935C91268D0E275FF8","True"
"projects/01-task-basics/course/01_GD32_Template_FreeRTOS/Firmware/GD32F4xx_usb_library/host/class/msc/Include/usbh_msc_core.h","34B4B4AED85F332B815096EE4C39FBA67C77FEF1F9EB79FC470603568CBE2DC9","34B4B4AED85F332B815096EE4C39FBA67C77FEF1F9EB79FC470603568CBE2DC9","True"
"projects/01-task-basics/course/01_GD32_Template_FreeRTOS/Firmware/GD32F4xx_usb_library/host/class/msc/Include/usbh_msc_scsi.h","E6E8CA26D9A2ABFFE14A21AF356CB07C4058D9052DFD22B46205EC11884A867A","E6E8CA26D9A2ABFFE14A21AF356CB07C4058D9052DFD22B46205EC11884A867A","True"
"projects/01-task-basics/course/01_GD32_Template_FreeRTOS/Firmware/GD32F4xx_usb_library/host/class/msc/Source/usbh_msc_bbb.c","2A82AD623D78CCC1802D851AB7FB124D6ABB5DBEA980AA8C6517E26FF906E049","2A82AD623D78CCC1802D851AB7FB124D6ABB5DBEA980AA8C6517E26FF906E049","True"
"projects/01-task-basics/course/01_GD32_Template_FreeRTOS/Firmware/GD32F4xx_usb_library/host/class/msc/Source/usbh_msc_core.c","5DF338C15161E6C7A6424179245E0E373973B22E81DEA91111AD5613AE0C8690","5DF338C15161E6C7A6424179245E0E373973B22E81DEA91111AD5613AE0C8690","True"
"projects/01-task-basics/course/01_GD32_Template_FreeRTOS/Firmware/GD32F4xx_usb_library/host/class/msc/Source/usbh_msc_fatfs.c","8FD0C5B44F9AC0E35427803F9761E40A5297CAA2ACC078CB9FDE3C25BA4036B1","8FD0C5B44F9AC0E35427803F9761E40A5297CAA2ACC078CB9FDE3C25BA4036B1","True"
"projects/01-task-basics/course/01_GD32_Template_FreeRTOS/Firmware/GD32F4xx_usb_library/host/class/msc/Source/usbh_msc_scsi.c","45E6AD746800250C90834AC684D207DA486F3F0FDA8503284DEF2C537F952A85","45E6AD746800250C90834AC684D207DA486F3F0FDA8503284DEF2C537F952A85","True"
"projects/01-task-basics/course/01_GD32_Template_FreeRTOS/Firmware/GD32F4xx_usb_library/host/core/Include/usbh_core.h","8919B0DA3BC89862AC89DA53BD34CC4F8AF2F7ECEBF23493D3BC0980570EC67D","8919B0DA3BC89862AC89DA53BD34CC4F8AF2F7ECEBF23493D3BC0980570EC67D","True"
"projects/01-task-basics/course/01_GD32_Template_FreeRTOS/Firmware/GD32F4xx_usb_library/host/core/Include/usbh_enum.h","A08D6A471BE77A6BFDF916E166E4A95B49358F209E0708080E4A441D7D454897","A08D6A471BE77A6BFDF916E166E4A95B49358F209E0708080E4A441D7D454897","True"
"projects/01-task-basics/course/01_GD32_Template_FreeRTOS/Firmware/GD32F4xx_usb_library/host/core/Include/usbh_pipe.h","D1AA31749DB419F147E34BF1608F3C79D8846FC9067B138CE90DCC6D68A724B2","D1AA31749DB419F147E34BF1608F3C79D8846FC9067B138CE90DCC6D68A724B2","True"
"projects/01-task-basics/course/01_GD32_Template_FreeRTOS/Firmware/GD32F4xx_usb_library/host/core/Include/usbh_transc.h","B0A9300C836592E16782062A0D898645ADC64EFD21AD96F46B8EF6EBD876499C","B0A9300C836592E16782062A0D898645ADC64EFD21AD96F46B8EF6EBD876499C","True"
"projects/01-task-basics/course/01_GD32_Template_FreeRTOS/Firmware/GD32F4xx_usb_library/host/core/Source/usbh_core.c","2E61C1493A0F04D944A9B1E01924A57908552C5C5920F357DF984F098988DF08","2E61C1493A0F04D944A9B1E01924A57908552C5C5920F357DF984F098988DF08","True"
"projects/01-task-basics/course/01_GD32_Template_FreeRTOS/Firmware/GD32F4xx_usb_library/host/core/Source/usbh_enum.c","273217F6826C6D57A1D210D2A58974AE97A27E15951B98BE25BBCCDEA8133871","273217F6826C6D57A1D210D2A58974AE97A27E15951B98BE25BBCCDEA8133871","True"
"projects/01-task-basics/course/01_GD32_Template_FreeRTOS/Firmware/GD32F4xx_usb_library/host/core/Source/usbh_pipe.c","E8A4253E2A4224333C4343EE0FFD5F280C9875EF57702F44C1973CBD42EDD2E0","E8A4253E2A4224333C4343EE0FFD5F280C9875EF57702F44C1973CBD42EDD2E0","True"
"projects/01-task-basics/course/01_GD32_Template_FreeRTOS/Firmware/GD32F4xx_usb_library/host/core/Source/usbh_transc.c","CF1AE1FCF884275E82634538E997D8D24C31FBE959140909F5BB4E34BCA0BBEF","CF1AE1FCF884275E82634538E997D8D24C31FBE959140909F5BB4E34BCA0BBEF","True"
"projects/01-task-basics/course/01_GD32_Template_FreeRTOS/Firmware/GD32F4xx_usb_library/ustd/class/cdc/usb_cdc.h","FCD43C4F51573D30F01573E2D2856E0BE969C8FFD02D415AADFB69A595DECF4E","FCD43C4F51573D30F01573E2D2856E0BE969C8FFD02D415AADFB69A595DECF4E","True"
"projects/01-task-basics/course/01_GD32_Template_FreeRTOS/Firmware/GD32F4xx_usb_library/ustd/class/hid/usb_hid.h","F3C6A02D4FC46F9512465B6EB2951C8CDDB956AF73422AAB9D2A1BAFC69F2E7B","F3C6A02D4FC46F9512465B6EB2951C8CDDB956AF73422AAB9D2A1BAFC69F2E7B","True"
"projects/01-task-basics/course/01_GD32_Template_FreeRTOS/Firmware/GD32F4xx_usb_library/ustd/class/msc/msc_bbb.h","B884B8F8F7CFAF22512EDE7AE709B5F3591E126D2919AECF4E2B4D7EFEA1F5D6","B884B8F8F7CFAF22512EDE7AE709B5F3591E126D2919AECF4E2B4D7EFEA1F5D6","True"
"projects/01-task-basics/course/01_GD32_Template_FreeRTOS/Firmware/GD32F4xx_usb_library/ustd/class/msc/msc_scsi.h","8842CF305E996369687FA89568C9AEE3D46F745E1AEF6EB58B1A3F519F863631","8842CF305E996369687FA89568C9AEE3D46F745E1AEF6EB58B1A3F519F863631","True"
"projects/01-task-basics/course/01_GD32_Template_FreeRTOS/Firmware/GD32F4xx_usb_library/ustd/class/msc/usb_msc.h","E3C2A096085131687F121DE426EF9154F23CCC26E877129243A648FB8C90B216","E3C2A096085131687F121DE426EF9154F23CCC26E877129243A648FB8C90B216","True"
"projects/01-task-basics/course/01_GD32_Template_FreeRTOS/Firmware/GD32F4xx_usb_library/ustd/common/usb_ch9_std.h","B5249865F377709E456F76CA76CA5499ACE39BAD6A452832DBE535F1989C6D22","B5249865F377709E456F76CA76CA5499ACE39BAD6A452832DBE535F1989C6D22","True"
"projects/01-task-basics/course/01_GD32_Template_FreeRTOS/FreeRTOS/CMakeLists.txt","277777817A51C3B8548C84A61CF5341C43DA40769C833A05AD46FDBD6F7CEED7","277777817A51C3B8548C84A61CF5341C43DA40769C833A05AD46FDBD6F7CEED7","True"
"projects/01-task-basics/course/01_GD32_Template_FreeRTOS/FreeRTOS/croutine.c","EBF0CDCE261DC4A256C06C0D4AD2582E6026A6DA0E973D4CB92092E94CE8F370","EBF0CDCE261DC4A256C06C0D4AD2582E6026A6DA0E973D4CB92092E94CE8F370","True"
"projects/01-task-basics/course/01_GD32_Template_FreeRTOS/FreeRTOS/event_groups.c","76E967B14D231E4F31F014F1564F359A7BFD36BFA263EE6F437AFA8C056DF657","76E967B14D231E4F31F014F1564F359A7BFD36BFA263EE6F437AFA8C056DF657","True"
"projects/01-task-basics/course/01_GD32_Template_FreeRTOS/FreeRTOS/FreeRTOSConfig.h","EB5BBEF66CDE789149991A567289CF67F0E7EED2BA76F769F49D0F8180D7CD01","EB5BBEF66CDE789149991A567289CF67F0E7EED2BA76F769F49D0F8180D7CD01","True"
"projects/01-task-basics/course/01_GD32_Template_FreeRTOS/FreeRTOS/include/atomic.h","E6EB26727C6CD0A87E4DEC91CC55B2B1313CC3829E06662A0C73E62CAFD1E751","E6EB26727C6CD0A87E4DEC91CC55B2B1313CC3829E06662A0C73E62CAFD1E751","True"
"projects/01-task-basics/course/01_GD32_Template_FreeRTOS/FreeRTOS/include/croutine.h","CF52C15FA26A8D4F82B55909B75EBFE2AAB25468BA7780748912DDEAD9812B4E","CF52C15FA26A8D4F82B55909B75EBFE2AAB25468BA7780748912DDEAD9812B4E","True"
"projects/01-task-basics/course/01_GD32_Template_FreeRTOS/FreeRTOS/include/deprecated_definitions.h","35000A143464BBBD8DF7C9A6F066A64598A24DA5174A7BE33972E62BFBD75F4D","35000A143464BBBD8DF7C9A6F066A64598A24DA5174A7BE33972E62BFBD75F4D","True"
"projects/01-task-basics/course/01_GD32_Template_FreeRTOS/FreeRTOS/include/event_groups.h","7A38D7A3CE24BD2FF6C6003C94EEA7AA7972179B1F17C1A91374334C6069F027","7A38D7A3CE24BD2FF6C6003C94EEA7AA7972179B1F17C1A91374334C6069F027","True"
"projects/01-task-basics/course/01_GD32_Template_FreeRTOS/FreeRTOS/include/FreeRTOS.h","03E9C94ABA57E3CF7F4F73BC2D3EB4A96AE38F3425EEDB5450622CA286475A0B","03E9C94ABA57E3CF7F4F73BC2D3EB4A96AE38F3425EEDB5450622CA286475A0B","True"
"projects/01-task-basics/course/01_GD32_Template_FreeRTOS/FreeRTOS/include/list.h","DC572F54391C0407FC25DB360D912FCA9118CDDAE7BD2E3099EB13F18804E5A9","DC572F54391C0407FC25DB360D912FCA9118CDDAE7BD2E3099EB13F18804E5A9","True"
"projects/01-task-basics/course/01_GD32_Template_FreeRTOS/FreeRTOS/include/message_buffer.h","9A8141D3D6C8044A57D7E448180C9BD2ED32E45DED32BE288D095A39DCED91AB","9A8141D3D6C8044A57D7E448180C9BD2ED32E45DED32BE288D095A39DCED91AB","True"
"projects/01-task-basics/course/01_GD32_Template_FreeRTOS/FreeRTOS/include/mpu_prototypes.h","2B46A2511CE5D23A56BC83079333D8D0A2E33763E5829C9383252806887A3DC0","2B46A2511CE5D23A56BC83079333D8D0A2E33763E5829C9383252806887A3DC0","True"
"projects/01-task-basics/course/01_GD32_Template_FreeRTOS/FreeRTOS/include/mpu_wrappers.h","5014408CC33F0F616215F2B48C67B0D47CCC35BFD5F0044AC653B5BBC6CF5778","5014408CC33F0F616215F2B48C67B0D47CCC35BFD5F0044AC653B5BBC6CF5778","True"
"projects/01-task-basics/course/01_GD32_Template_FreeRTOS/FreeRTOS/include/portable.h","7ADE8F368002778C723B3C4E14084910B7225CD36363ED0C948E9EA36C6F251F","7ADE8F368002778C723B3C4E14084910B7225CD36363ED0C948E9EA36C6F251F","True"
"projects/01-task-basics/course/01_GD32_Template_FreeRTOS/FreeRTOS/include/projdefs.h","8FAF4220DED25B00FD72424A2FA4E63E154713AE7B42F7270F1E3289362A6312","8FAF4220DED25B00FD72424A2FA4E63E154713AE7B42F7270F1E3289362A6312","True"
"projects/01-task-basics/course/01_GD32_Template_FreeRTOS/FreeRTOS/include/queue.h","A3763E24A5A3A38413996FC8392EFD6ADD1D1EE3EF507FBA22DAF75682241FEB","A3763E24A5A3A38413996FC8392EFD6ADD1D1EE3EF507FBA22DAF75682241FEB","True"
"projects/01-task-basics/course/01_GD32_Template_FreeRTOS/FreeRTOS/include/semphr.h","C624E8CDFC07844D4CF35382F3CC908C872375C7A3048482BDC110BDA88CC4F2","C624E8CDFC07844D4CF35382F3CC908C872375C7A3048482BDC110BDA88CC4F2","True"
"projects/01-task-basics/course/01_GD32_Template_FreeRTOS/FreeRTOS/include/stack_macros.h","3CDDF2B3D47AE387E376AC75EB468F9D8FFB575D68C143E08D54AF4087474CCE","3CDDF2B3D47AE387E376AC75EB468F9D8FFB575D68C143E08D54AF4087474CCE","True"
"projects/01-task-basics/course/01_GD32_Template_FreeRTOS/FreeRTOS/include/StackMacros.h","6460E81C910496D51BC39011E35D17F5B5437B5DEB03F9E91222F796D8C8BF79","6460E81C910496D51BC39011E35D17F5B5437B5DEB03F9E91222F796D8C8BF79","True"
"projects/01-task-basics/course/01_GD32_Template_FreeRTOS/FreeRTOS/include/stream_buffer.h","B876D839460197D94D0F95FB93C6AEB457F6FC572D32258480FED7D4DE686B6B","B876D839460197D94D0F95FB93C6AEB457F6FC572D32258480FED7D4DE686B6B","True"
"projects/01-task-basics/course/01_GD32_Template_FreeRTOS/FreeRTOS/include/task.h","CB1B0BBCDC66E39BA3B5A09B3E2829A5D376B8990735980613514903A3C5F493","CB1B0BBCDC66E39BA3B5A09B3E2829A5D376B8990735980613514903A3C5F493","True"
"projects/01-task-basics/course/01_GD32_Template_FreeRTOS/FreeRTOS/include/timers.h","08D73A99380A1BA61376258C52F4FDDF5DF5B6DCBE0F86B0EA03F11A5CA58459","08D73A99380A1BA61376258C52F4FDDF5DF5B6DCBE0F86B0EA03F11A5CA58459","True"
"projects/01-task-basics/course/01_GD32_Template_FreeRTOS/FreeRTOS/list.c","DB5C169CF3EFD68DA1C6A923AC84EEBC724D602C940BDE0B9B5F01F05028FDE4","DB5C169CF3EFD68DA1C6A923AC84EEBC724D602C940BDE0B9B5F01F05028FDE4","True"
"projects/01-task-basics/course/01_GD32_Template_FreeRTOS/FreeRTOS/manifest.yml","F71AEBB742E00AD33F877B3B679B4C24CDB709D7980C3E7836438758DBAA0139","F71AEBB742E00AD33F877B3B679B4C24CDB709D7980C3E7836438758DBAA0139","True"
"projects/01-task-basics/course/01_GD32_Template_FreeRTOS/FreeRTOS/portable/GCC/ARM_CM4F/port.c","11F2202099ED9A73F5AE5EF9DAC414F6D9B257D6480BD9C9A1E38A71B3EE8D41","11F2202099ED9A73F5AE5EF9DAC414F6D9B257D6480BD9C9A1E38A71B3EE8D41","True"
"projects/01-task-basics/course/01_GD32_Template_FreeRTOS/FreeRTOS/portable/GCC/ARM_CM4F/portmacro.h","D569E2A29AF1C742B69CB16E15D256611FA7979BDA2B355E03426D3C40369E42","D569E2A29AF1C742B69CB16E15D256611FA7979BDA2B355E03426D3C40369E42","True"
"projects/01-task-basics/course/01_GD32_Template_FreeRTOS/FreeRTOS/portable/MemMang/heap_1.c","286E3FEE81C9107FC6DEC40405F500CABDCA56836D29747C182F0899BB8997FD","286E3FEE81C9107FC6DEC40405F500CABDCA56836D29747C182F0899BB8997FD","True"
"projects/01-task-basics/course/01_GD32_Template_FreeRTOS/FreeRTOS/portable/MemMang/heap_2.c","A7B035B9ED786593143C8317ACFB49DE21B6450F246036A72331593577E5408B","A7B035B9ED786593143C8317ACFB49DE21B6450F246036A72331593577E5408B","True"
"projects/01-task-basics/course/01_GD32_Template_FreeRTOS/FreeRTOS/portable/MemMang/heap_3.c","E2D5DBB3F3CCBADD8E7AE778F30C18D28B0532EBFE81B03AA6A20E3F75242853","E2D5DBB3F3CCBADD8E7AE778F30C18D28B0532EBFE81B03AA6A20E3F75242853","True"
"projects/01-task-basics/course/01_GD32_Template_FreeRTOS/FreeRTOS/portable/MemMang/heap_4.c","D48A51E34CAED771E6650D95F6C2527E52FDE2A6EBC6F83B49D003AEF0135E05","D48A51E34CAED771E6650D95F6C2527E52FDE2A6EBC6F83B49D003AEF0135E05","True"
"projects/01-task-basics/course/01_GD32_Template_FreeRTOS/FreeRTOS/portable/MemMang/heap_5.c","71B7988059E801A962DC76B956666AAB5564788D5AE437F590080DCB3FDF1881","71B7988059E801A962DC76B956666AAB5564788D5AE437F590080DCB3FDF1881","True"
"projects/01-task-basics/course/01_GD32_Template_FreeRTOS/FreeRTOS/portable/RVDS/ARM_CA9/port.c","484F1EF17F58F3DF0B06026E1BFC8E44471DF51B33CB36D196A2D61369085A9B","484F1EF17F58F3DF0B06026E1BFC8E44471DF51B33CB36D196A2D61369085A9B","True"
"projects/01-task-basics/course/01_GD32_Template_FreeRTOS/FreeRTOS/portable/RVDS/ARM_CA9/portASM.s","CECD728B929B81E8484C603CA00A0F95754C8EC3FF5F6D51728A3563C2E1187C","CECD728B929B81E8484C603CA00A0F95754C8EC3FF5F6D51728A3563C2E1187C","True"
"projects/01-task-basics/course/01_GD32_Template_FreeRTOS/FreeRTOS/portable/RVDS/ARM_CA9/portmacro.h","AF5E80736D03E02590745B6781BB03809D68721BFAB0213C02B3697A4C4F8814","AF5E80736D03E02590745B6781BB03809D68721BFAB0213C02B3697A4C4F8814","True"
"projects/01-task-basics/course/01_GD32_Template_FreeRTOS/FreeRTOS/portable/RVDS/ARM_CM0/port.c","76BE44D607E9E2CB32743386F1A97FF98E7463744DAF687773A0967B00B7F20F","76BE44D607E9E2CB32743386F1A97FF98E7463744DAF687773A0967B00B7F20F","True"
"projects/01-task-basics/course/01_GD32_Template_FreeRTOS/FreeRTOS/portable/RVDS/ARM_CM0/portmacro.h","8E89F1A754EFF06CDCC206A4BDC13F41211D31A432981759FA25B184941078DE","8E89F1A754EFF06CDCC206A4BDC13F41211D31A432981759FA25B184941078DE","True"
"projects/01-task-basics/course/01_GD32_Template_FreeRTOS/FreeRTOS/portable/RVDS/ARM_CM3/port.c","0F5A2323E1BDC135D37FA40DAFAC766095C46FE623F9A20CBF2F0D92405B4067","0F5A2323E1BDC135D37FA40DAFAC766095C46FE623F9A20CBF2F0D92405B4067","True"
"projects/01-task-basics/course/01_GD32_Template_FreeRTOS/FreeRTOS/portable/RVDS/ARM_CM3/portmacro.h","7B6EEFBBA5194658CF11B14F97DD540B1CEEDCB40178F0C97244A063AC53F4E2","7B6EEFBBA5194658CF11B14F97DD540B1CEEDCB40178F0C97244A063AC53F4E2","True"
"projects/01-task-basics/course/01_GD32_Template_FreeRTOS/FreeRTOS/portable/RVDS/ARM_CM4_MPU/port.c","1EBEB0A72801D79FAB99F4D1C43B5D2F34DC75C34E9D39A25F057B304E40685C","1EBEB0A72801D79FAB99F4D1C43B5D2F34DC75C34E9D39A25F057B304E40685C","True"
"projects/01-task-basics/course/01_GD32_Template_FreeRTOS/FreeRTOS/portable/RVDS/ARM_CM4_MPU/portmacro.h","4149E8C08E5AE89F05E1E1E8C5B3BD87143321FDF4510F5693885624B8148DDE","4149E8C08E5AE89F05E1E1E8C5B3BD87143321FDF4510F5693885624B8148DDE","True"
"projects/01-task-basics/course/01_GD32_Template_FreeRTOS/FreeRTOS/portable/RVDS/ARM_CM4F/port.c","6493BDBCD8AC57B5739EDB5CECC8E55EF9C82A8F978FC2F05BE19B2FAF46CEDF","6493BDBCD8AC57B5739EDB5CECC8E55EF9C82A8F978FC2F05BE19B2FAF46CEDF","True"
"projects/01-task-basics/course/01_GD32_Template_FreeRTOS/FreeRTOS/portable/RVDS/ARM_CM4F/portmacro.h","9AA2265C543E086FD40A1B22C3BAFE0E4C2950E1E1F6DE05C803E13D621F9438","9AA2265C543E086FD40A1B22C3BAFE0E4C2950E1E1F6DE05C803E13D621F9438","True"
"projects/01-task-basics/course/01_GD32_Template_FreeRTOS/FreeRTOS/portable/RVDS/ARM_CM7/r0p1/port.c","0B428C045198D97CBF2C7B4BECB063FB067EE8F765F263A37EF3286839B4FE12","0B428C045198D97CBF2C7B4BECB063FB067EE8F765F263A37EF3286839B4FE12","True"
"projects/01-task-basics/course/01_GD32_Template_FreeRTOS/FreeRTOS/portable/RVDS/ARM_CM7/r0p1/portmacro.h","641CCD46A7EBA0E476DEFE30B350847FEE8044DFBF503B6E1ECB9CE3CDACF9F9","641CCD46A7EBA0E476DEFE30B350847FEE8044DFBF503B6E1ECB9CE3CDACF9F9","True"
"projects/01-task-basics/course/01_GD32_Template_FreeRTOS/FreeRTOS/portable/RVDS/ARM_CM7/ReadMe.txt","710C88C6D9BFCC4645C414F151EE23F4C28FB8B4932308B5EB7109EF07B1D1C6","710C88C6D9BFCC4645C414F151EE23F4C28FB8B4932308B5EB7109EF07B1D1C6","True"
"projects/01-task-basics/course/01_GD32_Template_FreeRTOS/FreeRTOS/portable/RVDS/ARM7_LPC21xx/port.c","4F79AF04C94548F73D9DEEA4A81CC841FF172B8D1E27C5E544FB243BD3F147B3","4F79AF04C94548F73D9DEEA4A81CC841FF172B8D1E27C5E544FB243BD3F147B3","True"
"projects/01-task-basics/course/01_GD32_Template_FreeRTOS/FreeRTOS/portable/RVDS/ARM7_LPC21xx/portASM.s","EEC6FD2E493EE97E8592C715AEC32C12EF8E5CEC861DEFCCCC6E30AE584FAFD6","EEC6FD2E493EE97E8592C715AEC32C12EF8E5CEC861DEFCCCC6E30AE584FAFD6","True"
"projects/01-task-basics/course/01_GD32_Template_FreeRTOS/FreeRTOS/portable/RVDS/ARM7_LPC21xx/portmacro.h","7B796FC47E27A4AC381510536369605571DB0ECDD36BA9DBDB7AB4C02FC81C92","7B796FC47E27A4AC381510536369605571DB0ECDD36BA9DBDB7AB4C02FC81C92","True"
"projects/01-task-basics/course/01_GD32_Template_FreeRTOS/FreeRTOS/queue.c","5CDF4FA35FE059446EFFFF5BF20DEAF83DDFFB08921BC198FDA106B1D17DD894","5CDF4FA35FE059446EFFFF5BF20DEAF83DDFFB08921BC198FDA106B1D17DD894","True"
"projects/01-task-basics/course/01_GD32_Template_FreeRTOS/FreeRTOS/stream_buffer.c","86D948694C723B814C9606A6C804EA7C1BD30B3DA518D1D6A83B81F972E3A152","86D948694C723B814C9606A6C804EA7C1BD30B3DA518D1D6A83B81F972E3A152","True"
"projects/01-task-basics/course/01_GD32_Template_FreeRTOS/FreeRTOS/tasks.c","14020D617B96DD2814E1211F6E3B645BCF5E2BD3179C23FE7DD16BC666FE9463","14020D617B96DD2814E1211F6E3B645BCF5E2BD3179C23FE7DD16BC666FE9463","True"
"projects/01-task-basics/course/01_GD32_Template_FreeRTOS/FreeRTOS/timers.c","24962EF361F396AAA5E6E33776EEEDDAF2FB251C87B6FE50602ACC56C537B093","24962EF361F396AAA5E6E33776EEEDDAF2FB251C87B6FE50602ACC56C537B093","True"
"projects/01-task-basics/course/01_GD32_Template_FreeRTOS/Hardware/bsp_buzzer.c","DB132610BB9FD25BB3606FEE7C189AD01FB3F68FEF38D105A74C0609C66B5CEE","DB132610BB9FD25BB3606FEE7C189AD01FB3F68FEF38D105A74C0609C66B5CEE","True"
"projects/01-task-basics/course/01_GD32_Template_FreeRTOS/Hardware/bsp_buzzer.h","A849E5A19D17A5DED0E7438846AFA0D5E3636544ABFC356B361024CA882EC6C5","A849E5A19D17A5DED0E7438846AFA0D5E3636544ABFC356B361024CA882EC6C5","True"
"projects/01-task-basics/course/01_GD32_Template_FreeRTOS/Hardware/bsp_buzzer2.c","D4F400CA00C8ACE082181E1D587A2B1CE7CC29C870BCA80C8A920BF78710B2C1","D4F400CA00C8ACE082181E1D587A2B1CE7CC29C870BCA80C8A920BF78710B2C1","True"
"projects/01-task-basics/course/01_GD32_Template_FreeRTOS/Hardware/bsp_buzzer2.h","A849E5A19D17A5DED0E7438846AFA0D5E3636544ABFC356B361024CA882EC6C5","A849E5A19D17A5DED0E7438846AFA0D5E3636544ABFC356B361024CA882EC6C5","True"
"projects/01-task-basics/course/01_GD32_Template_FreeRTOS/Library/EXTI_config.h","0FD94A8DF148AC6618D5CAA1F2788003CE63E2B27E13A31000428E29D095542B","0FD94A8DF148AC6618D5CAA1F2788003CE63E2B27E13A31000428E29D095542B","True"
"projects/01-task-basics/course/01_GD32_Template_FreeRTOS/Library/EXTI.c","528D0B3C2AC1F1661095497895FDB15FF878723CF351D28F3D3EE13F79DF8AE2","528D0B3C2AC1F1661095497895FDB15FF878723CF351D28F3D3EE13F79DF8AE2","True"
"projects/01-task-basics/course/01_GD32_Template_FreeRTOS/Library/EXTI.h","63711925072BE76CE24B295341905A97BDD73234E1EFB33A28A0CEC82E3CD6C2","63711925072BE76CE24B295341905A97BDD73234E1EFB33A28A0CEC82E3CD6C2","True"
"projects/01-task-basics/course/01_GD32_Template_FreeRTOS/Library/I2C0.c","1902450E399F26AB11BABACB640C9C56389B2188FF852E3E6A58D60E16AF528E","1902450E399F26AB11BABACB640C9C56389B2188FF852E3E6A58D60E16AF528E","True"
"projects/01-task-basics/course/01_GD32_Template_FreeRTOS/Library/I2C0.h","E30F8BA27DF76E3682B8D0325EB2B9DAAF13A20CFF0E1FC59A4625625996AF42","E30F8BA27DF76E3682B8D0325EB2B9DAAF13A20CFF0E1FC59A4625625996AF42","True"
"projects/01-task-basics/course/01_GD32_Template_FreeRTOS/Library/TIMER_config.h","BD74AB72F9068615F9AB44169B11F6EF25CD9BC3D4CD0E27A95BE4AE24608766","BD74AB72F9068615F9AB44169B11F6EF25CD9BC3D4CD0E27A95BE4AE24608766","True"
"projects/01-task-basics/course/01_GD32_Template_FreeRTOS/Library/TIMER.c","68A9D9BBDB446C51E0C577B7E7969E8F3513AF7E4736C10BC6D579FBF5661435","68A9D9BBDB446C51E0C577B7E7969E8F3513AF7E4736C10BC6D579FBF5661435","True"
"projects/01-task-basics/course/01_GD32_Template_FreeRTOS/Library/TIMER.h","51A72D9863C245195AD3CD40ADDB0D573930D5AB540B30D3D971AD2AF6B2E80E","51A72D9863C245195AD3CD40ADDB0D573930D5AB540B30D3D971AD2AF6B2E80E","True"
"projects/01-task-basics/course/01_GD32_Template_FreeRTOS/Library/USART_config.h","73E72408B41955E419784B2A24B0FBD8AD81A334AA38EB9DB60A7DDAE97AD633","73E72408B41955E419784B2A24B0FBD8AD81A334AA38EB9DB60A7DDAE97AD633","True"
"projects/01-task-basics/course/01_GD32_Template_FreeRTOS/Library/USART0.c","325E153A7388566303CC9DA901A87ED2A3D158D0238FA4A36A20EB17B1067606","325E153A7388566303CC9DA901A87ED2A3D158D0238FA4A36A20EB17B1067606","True"
"projects/01-task-basics/course/01_GD32_Template_FreeRTOS/Library/USART0.h","6016FD90E22446BB90BE0996EA5EE6493AB9CDF6E7F71024ED583F05C4860399","6016FD90E22446BB90BE0996EA5EE6493AB9CDF6E7F71024ED583F05C4860399","True"
"projects/01-task-basics/course/01_GD32_Template_FreeRTOS/Project/GD32F407.uvprojx","8B0555F9503B4B9669764E7E01E02E675B191709E5451A7E8763ECA78D614ED0","8B0555F9503B4B9669764E7E01E02E675B191709E5451A7E8763ECA78D614ED0","True"
"projects/01-task-basics/course/01_GD32_Template_FreeRTOS/README.md","E3B0C44298FC1C149AFBF4C8996FB92427AE41E4649B934CA495991B7852B855","E3B0C44298FC1C149AFBF4C8996FB92427AE41E4649B934CA495991B7852B855","True"
"projects/01-task-basics/course/01_GD32_Template_FreeRTOS/User/gd32f4xx_it.c","4AF8D0E30992B84018E763B4465FAF58DB22B108F3E64F997CE229AE1243FBFC","4AF8D0E30992B84018E763B4465FAF58DB22B108F3E64F997CE229AE1243FBFC","True"
"projects/01-task-basics/course/01_GD32_Template_FreeRTOS/User/gd32f4xx_it.h","B4995762AE5CEB7125CC9720CEA7E2BAD8640C23B87ED1856D9B8A380A5FC8C3","B4995762AE5CEB7125CC9720CEA7E2BAD8640C23B87ED1856D9B8A380A5FC8C3","True"
"projects/01-task-basics/course/01_GD32_Template_FreeRTOS/User/gd32f4xx_libopt.h","702C6D85987BCDDDD363A8412C5806255F6C746065DA984EB21896C5DDD6BF09","702C6D85987BCDDDD363A8412C5806255F6C746065DA984EB21896C5DDD6BF09","True"
"projects/01-task-basics/course/01_GD32_Template_FreeRTOS/User/main.c","60C754D67ACF5B6451D35AB7275CE2EB9AD823319CB0760971FE868C5EA296E1","60C754D67ACF5B6451D35AB7275CE2EB9AD823319CB0760971FE868C5EA296E1","True"
"projects/01-task-basics/course/01_GD32_Template_FreeRTOS/User/main.h","32C273B119ABF22DA51E2782C09853A1545B1DF1364A13EFFA2B465379E1A53C","32C273B119ABF22DA51E2782C09853A1545B1DF1364A13EFFA2B465379E1A53C","True"
"projects/01-task-basics/course/01_GD32_Template_FreeRTOS/User/readme.txt","A45BD1E14D470B46BE2D57C9D35147E41204556CC4BB4E25EA3C7B6B424A0B7C","A45BD1E14D470B46BE2D57C9D35147E41204556CC4BB4E25EA3C7B6B424A0B7C","True"
"projects/01-task-basics/course/01_GD32_Template_FreeRTOS/User/systick.c","8D524363D38E222D3E8A2281F06972493AE62F379A138637B65419C59E06CBD2","8D524363D38E222D3E8A2281F06972493AE62F379A138637B65419C59E06CBD2","True"
"projects/01-task-basics/course/01_GD32_Template_FreeRTOS/User/systick.h","E74F1981340E6162CCE52F39F73009B1570EFB7F024410652F494E77997DA025","E74F1981340E6162CCE52F39F73009B1570EFB7F024410652F494E77997DA025","True"
"projects/01-task-basics/course/02_GD32_Template_FreeRTOS_RTE/Doc/readme.txt","E3B0C44298FC1C149AFBF4C8996FB92427AE41E4649B934CA495991B7852B855","E3B0C44298FC1C149AFBF4C8996FB92427AE41E4649B934CA495991B7852B855","True"
"projects/01-task-basics/course/02_GD32_Template_FreeRTOS_RTE/Hardware/bsp_buzzer.c","DB132610BB9FD25BB3606FEE7C189AD01FB3F68FEF38D105A74C0609C66B5CEE","DB132610BB9FD25BB3606FEE7C189AD01FB3F68FEF38D105A74C0609C66B5CEE","True"
"projects/01-task-basics/course/02_GD32_Template_FreeRTOS_RTE/Hardware/bsp_buzzer.h","A849E5A19D17A5DED0E7438846AFA0D5E3636544ABFC356B361024CA882EC6C5","A849E5A19D17A5DED0E7438846AFA0D5E3636544ABFC356B361024CA882EC6C5","True"
"projects/01-task-basics/course/02_GD32_Template_FreeRTOS_RTE/Hardware/bsp_buzzer2.c","D4F400CA00C8ACE082181E1D587A2B1CE7CC29C870BCA80C8A920BF78710B2C1","D4F400CA00C8ACE082181E1D587A2B1CE7CC29C870BCA80C8A920BF78710B2C1","True"
"projects/01-task-basics/course/02_GD32_Template_FreeRTOS_RTE/Hardware/bsp_buzzer2.h","A849E5A19D17A5DED0E7438846AFA0D5E3636544ABFC356B361024CA882EC6C5","A849E5A19D17A5DED0E7438846AFA0D5E3636544ABFC356B361024CA882EC6C5","True"
"projects/01-task-basics/course/02_GD32_Template_FreeRTOS_RTE/Library/EXTI_config.h","0FD94A8DF148AC6618D5CAA1F2788003CE63E2B27E13A31000428E29D095542B","0FD94A8DF148AC6618D5CAA1F2788003CE63E2B27E13A31000428E29D095542B","True"
"projects/01-task-basics/course/02_GD32_Template_FreeRTOS_RTE/Library/EXTI.c","528D0B3C2AC1F1661095497895FDB15FF878723CF351D28F3D3EE13F79DF8AE2","528D0B3C2AC1F1661095497895FDB15FF878723CF351D28F3D3EE13F79DF8AE2","True"
"projects/01-task-basics/course/02_GD32_Template_FreeRTOS_RTE/Library/EXTI.h","63711925072BE76CE24B295341905A97BDD73234E1EFB33A28A0CEC82E3CD6C2","63711925072BE76CE24B295341905A97BDD73234E1EFB33A28A0CEC82E3CD6C2","True"
"projects/01-task-basics/course/02_GD32_Template_FreeRTOS_RTE/Library/I2C0.c","1902450E399F26AB11BABACB640C9C56389B2188FF852E3E6A58D60E16AF528E","1902450E399F26AB11BABACB640C9C56389B2188FF852E3E6A58D60E16AF528E","True"
"projects/01-task-basics/course/02_GD32_Template_FreeRTOS_RTE/Library/I2C0.h","E30F8BA27DF76E3682B8D0325EB2B9DAAF13A20CFF0E1FC59A4625625996AF42","E30F8BA27DF76E3682B8D0325EB2B9DAAF13A20CFF0E1FC59A4625625996AF42","True"
"projects/01-task-basics/course/02_GD32_Template_FreeRTOS_RTE/Library/TIMER_config.h","BD74AB72F9068615F9AB44169B11F6EF25CD9BC3D4CD0E27A95BE4AE24608766","BD74AB72F9068615F9AB44169B11F6EF25CD9BC3D4CD0E27A95BE4AE24608766","True"
"projects/01-task-basics/course/02_GD32_Template_FreeRTOS_RTE/Library/TIMER.c","68A9D9BBDB446C51E0C577B7E7969E8F3513AF7E4736C10BC6D579FBF5661435","68A9D9BBDB446C51E0C577B7E7969E8F3513AF7E4736C10BC6D579FBF5661435","True"
"projects/01-task-basics/course/02_GD32_Template_FreeRTOS_RTE/Library/TIMER.h","51A72D9863C245195AD3CD40ADDB0D573930D5AB540B30D3D971AD2AF6B2E80E","51A72D9863C245195AD3CD40ADDB0D573930D5AB540B30D3D971AD2AF6B2E80E","True"
"projects/01-task-basics/course/02_GD32_Template_FreeRTOS_RTE/Library/USART_config.h","73E72408B41955E419784B2A24B0FBD8AD81A334AA38EB9DB60A7DDAE97AD633","73E72408B41955E419784B2A24B0FBD8AD81A334AA38EB9DB60A7DDAE97AD633","True"
"projects/01-task-basics/course/02_GD32_Template_FreeRTOS_RTE/Library/USART0.c","325E153A7388566303CC9DA901A87ED2A3D158D0238FA4A36A20EB17B1067606","325E153A7388566303CC9DA901A87ED2A3D158D0238FA4A36A20EB17B1067606","True"
"projects/01-task-basics/course/02_GD32_Template_FreeRTOS_RTE/Library/USART0.h","6016FD90E22446BB90BE0996EA5EE6493AB9CDF6E7F71024ED583F05C4860399","6016FD90E22446BB90BE0996EA5EE6493AB9CDF6E7F71024ED583F05C4860399","True"
"projects/01-task-basics/course/02_GD32_Template_FreeRTOS_RTE/Project/GD32F407.uvprojx","88FF0819E162A187B3EF0BDA914AD22A0ED93CF3C2F4A05BBDDC3D8F1155D8F7","88FF0819E162A187B3EF0BDA914AD22A0ED93CF3C2F4A05BBDDC3D8F1155D8F7","True"
"projects/01-task-basics/course/02_GD32_Template_FreeRTOS_RTE/Project/RTE/_Target_1/RTE_Components.h","2FA9BE41169C2DA1A32813A611C358766FE18157A51F34C47BA790D00DF19B85","2FA9BE41169C2DA1A32813A611C358766FE18157A51F34C47BA790D00DF19B85","True"
"projects/01-task-basics/course/02_GD32_Template_FreeRTOS_RTE/Project/RTE/Device/GD32F407VE/gd32f4xx_dma.c","2D943A169ABABCC22CBC6C41665F5CE375C30B63005954E1D34BB3218CB63FAF","2D943A169ABABCC22CBC6C41665F5CE375C30B63005954E1D34BB3218CB63FAF","True"
"projects/01-task-basics/course/02_GD32_Template_FreeRTOS_RTE/Project/RTE/Device/GD32F407VE/gd32f4xx_exti.c","FCE4A7ECA93486D71A9E5758642F2282AE7F8805DBB559312837A0B17577FE58","FCE4A7ECA93486D71A9E5758642F2282AE7F8805DBB559312837A0B17577FE58","True"
"projects/01-task-basics/course/02_GD32_Template_FreeRTOS_RTE/Project/RTE/Device/GD32F407VE/gd32f4xx_gpio.c","262BEFE864D5DA3BADA64D0B3DAB29E5C2747E46B154EDE8BCAB0B788DB614E0","262BEFE864D5DA3BADA64D0B3DAB29E5C2747E46B154EDE8BCAB0B788DB614E0","True"
"projects/01-task-basics/course/02_GD32_Template_FreeRTOS_RTE/Project/RTE/Device/GD32F407VE/gd32f4xx_misc.c","1CD262F295155428C25DEDC69BFBAB99F7A99DE09E0B602ECA1F2C6017CFE2DA","1CD262F295155428C25DEDC69BFBAB99F7A99DE09E0B602ECA1F2C6017CFE2DA","True"
"projects/01-task-basics/course/02_GD32_Template_FreeRTOS_RTE/Project/RTE/Device/GD32F407VE/gd32f4xx_pmu.c","DAFA94838A55132E3313234C5AC2BE6172116DC26574347363D554EFFB186D79","DAFA94838A55132E3313234C5AC2BE6172116DC26574347363D554EFFB186D79","True"
"projects/01-task-basics/course/02_GD32_Template_FreeRTOS_RTE/Project/RTE/Device/GD32F407VE/gd32f4xx_rcu.c","6C1030EB58EC7CB9C41E2A1FF31DDEF87F70DD083222327978234004C4E95B98","6C1030EB58EC7CB9C41E2A1FF31DDEF87F70DD083222327978234004C4E95B98","True"
"projects/01-task-basics/course/02_GD32_Template_FreeRTOS_RTE/Project/RTE/Device/GD32F407VE/gd32f4xx_syscfg.c","51A7A5E70F3064424CC6E2F6A06942B47ADAAC8C36A6612EE08B1643557B3CA3","51A7A5E70F3064424CC6E2F6A06942B47ADAAC8C36A6612EE08B1643557B3CA3","True"
"projects/01-task-basics/course/02_GD32_Template_FreeRTOS_RTE/Project/RTE/Device/GD32F407VE/gd32f4xx_timer.c","3961465CF6BA39554E34C02183C50676A4AB9B3991A6AAD32D271754B2506B14","3961465CF6BA39554E34C02183C50676A4AB9B3991A6AAD32D271754B2506B14","True"
"projects/01-task-basics/course/02_GD32_Template_FreeRTOS_RTE/Project/RTE/Device/GD32F407VE/gd32f4xx_usart.c","F67FA54D9C9537317BE92D95FD880A394D9ABE98DF708E5AA821FBFA392AE9B0","F67FA54D9C9537317BE92D95FD880A394D9ABE98DF708E5AA821FBFA392AE9B0","True"
"projects/01-task-basics/course/02_GD32_Template_FreeRTOS_RTE/Project/RTE/Device/GD32F407VE/startup_gd32f407_427.s","65127CC1FFC7BB0C6E3AB3E1EF32C8F935D09EF4A83AC4914E089D40C39B8B5B","65127CC1FFC7BB0C6E3AB3E1EF32C8F935D09EF4A83AC4914E089D40C39B8B5B","True"
"projects/01-task-basics/course/02_GD32_Template_FreeRTOS_RTE/Project/RTE/Device/GD32F407VE/system_gd32f4xx.c","8F66A123756716CF74297A7B54EEC616F230CBBC37DFB60F21BF05D1BC070836","8F66A123756716CF74297A7B54EEC616F230CBBC37DFB60F21BF05D1BC070836","True"
"projects/01-task-basics/course/02_GD32_Template_FreeRTOS_RTE/Project/RTE/RTOS/FreeRTOSConfig.h","C755444FFEAA7865D22E9018DB804866229F0EE068CDB505B92469A8F320A897","C755444FFEAA7865D22E9018DB804866229F0EE068CDB505B92469A8F320A897","True"
"projects/01-task-basics/course/02_GD32_Template_FreeRTOS_RTE/README.md","E3B0C44298FC1C149AFBF4C8996FB92427AE41E4649B934CA495991B7852B855","E3B0C44298FC1C149AFBF4C8996FB92427AE41E4649B934CA495991B7852B855","True"
"projects/01-task-basics/course/02_GD32_Template_FreeRTOS_RTE/User/gd32f4xx_it.c","4AF8D0E30992B84018E763B4465FAF58DB22B108F3E64F997CE229AE1243FBFC","4AF8D0E30992B84018E763B4465FAF58DB22B108F3E64F997CE229AE1243FBFC","True"
"projects/01-task-basics/course/02_GD32_Template_FreeRTOS_RTE/User/gd32f4xx_it.h","B4995762AE5CEB7125CC9720CEA7E2BAD8640C23B87ED1856D9B8A380A5FC8C3","B4995762AE5CEB7125CC9720CEA7E2BAD8640C23B87ED1856D9B8A380A5FC8C3","True"
"projects/01-task-basics/course/02_GD32_Template_FreeRTOS_RTE/User/gd32f4xx_libopt.h","702C6D85987BCDDDD363A8412C5806255F6C746065DA984EB21896C5DDD6BF09","702C6D85987BCDDDD363A8412C5806255F6C746065DA984EB21896C5DDD6BF09","True"
"projects/01-task-basics/course/02_GD32_Template_FreeRTOS_RTE/User/main.c","22C2BCD3A39E87061268C49105E91E66766D86A9923CFF5850C9D49839BA7A76","22C2BCD3A39E87061268C49105E91E66766D86A9923CFF5850C9D49839BA7A76","True"
"projects/01-task-basics/course/02_GD32_Template_FreeRTOS_RTE/User/main.h","32C273B119ABF22DA51E2782C09853A1545B1DF1364A13EFFA2B465379E1A53C","32C273B119ABF22DA51E2782C09853A1545B1DF1364A13EFFA2B465379E1A53C","True"
"projects/01-task-basics/course/02_GD32_Template_FreeRTOS_RTE/User/readme.txt","A45BD1E14D470B46BE2D57C9D35147E41204556CC4BB4E25EA3C7B6B424A0B7C","A45BD1E14D470B46BE2D57C9D35147E41204556CC4BB4E25EA3C7B6B424A0B7C","True"
"projects/01-task-basics/course/02_GD32_Template_FreeRTOS_RTE/User/systick.c","8D524363D38E222D3E8A2281F06972493AE62F379A138637B65419C59E06CBD2","8D524363D38E222D3E8A2281F06972493AE62F379A138637B65419C59E06CBD2","True"
"projects/01-task-basics/course/02_GD32_Template_FreeRTOS_RTE/User/systick.h","E74F1981340E6162CCE52F39F73009B1570EFB7F024410652F494E77997DA025","E74F1981340E6162CCE52F39F73009B1570EFB7F024410652F494E77997DA025","True"
"projects/01-task-basics/course/03_FreeRTOS_create_task/Doc/readme.txt","E3B0C44298FC1C149AFBF4C8996FB92427AE41E4649B934CA495991B7852B855","E3B0C44298FC1C149AFBF4C8996FB92427AE41E4649B934CA495991B7852B855","True"
"projects/01-task-basics/course/03_FreeRTOS_create_task/Firmware/CMSIS/core_cm4_simd.h","0C2A0C2D66C7791B82CA19D10336C96518830EF359F6BFD9DA7477BC2CBCCBBB","0C2A0C2D66C7791B82CA19D10336C96518830EF359F6BFD9DA7477BC2CBCCBBB","True"
"projects/01-task-basics/course/03_FreeRTOS_create_task/Firmware/CMSIS/core_cm4.h","4756546E1449D17B1A7DEE2F3307F2C92C9F1D669C3F5DFC3EE1DEC8AEE9A8F7","4756546E1449D17B1A7DEE2F3307F2C92C9F1D669C3F5DFC3EE1DEC8AEE9A8F7","True"
"projects/01-task-basics/course/03_FreeRTOS_create_task/Firmware/CMSIS/core_cmFunc.h","5075FF67C8E264B83D9B391C07C6512E26ABBC189E321DE0D8B4375476980E5E","5075FF67C8E264B83D9B391C07C6512E26ABBC189E321DE0D8B4375476980E5E","True"
"projects/01-task-basics/course/03_FreeRTOS_create_task/Firmware/CMSIS/core_cmInstr.h","C35DDCA16CA04646DC70ACF2D592AD9EAEAAECD8125A32ABB710069648266EB5","C35DDCA16CA04646DC70ACF2D592AD9EAEAAECD8125A32ABB710069648266EB5","True"
"projects/01-task-basics/course/03_FreeRTOS_create_task/Firmware/CMSIS/GD/GD32F4xx/Include/gd32f4xx.h","96F1F6884C9885D32DF760A385CA0B5E8E9B20C066F71B946771A00503623A62","96F1F6884C9885D32DF760A385CA0B5E8E9B20C066F71B946771A00503623A62","True"
"projects/01-task-basics/course/03_FreeRTOS_create_task/Firmware/CMSIS/GD/GD32F4xx/Include/system_gd32f4xx.h","98EF2DD6DD7F6D2542C4D5CA83E9869BE3630B43300CB9AB453703E4277913BD","98EF2DD6DD7F6D2542C4D5CA83E9869BE3630B43300CB9AB453703E4277913BD","True"
"projects/01-task-basics/course/03_FreeRTOS_create_task/Firmware/CMSIS/GD/GD32F4xx/Source/ARM/startup_gd32f405_425.s","AEF6290F6950C0B7FB922FD12B91B3FC34ADA707A6846AA5D7A1277FDD50FBD9","AEF6290F6950C0B7FB922FD12B91B3FC34ADA707A6846AA5D7A1277FDD50FBD9","True"
"projects/01-task-basics/course/03_FreeRTOS_create_task/Firmware/CMSIS/GD/GD32F4xx/Source/ARM/startup_gd32f407_427.s","65127CC1FFC7BB0C6E3AB3E1EF32C8F935D09EF4A83AC4914E089D40C39B8B5B","65127CC1FFC7BB0C6E3AB3E1EF32C8F935D09EF4A83AC4914E089D40C39B8B5B","True"
"projects/01-task-basics/course/03_FreeRTOS_create_task/Firmware/CMSIS/GD/GD32F4xx/Source/ARM/startup_gd32f450_470.s","A4E9852BA47AAD025DE9645D067FAB33DDA87B8E82DEA6D77B3364F902345299","A4E9852BA47AAD025DE9645D067FAB33DDA87B8E82DEA6D77B3364F902345299","True"
"projects/01-task-basics/course/03_FreeRTOS_create_task/Firmware/CMSIS/GD/GD32F4xx/Source/IAR/startup_gd32f405_425.s","70E76C6AD0182A5682773261E308008BC1102C09839605A0E058851173026836","70E76C6AD0182A5682773261E308008BC1102C09839605A0E058851173026836","True"
"projects/01-task-basics/course/03_FreeRTOS_create_task/Firmware/CMSIS/GD/GD32F4xx/Source/IAR/startup_gd32f407_427.s","550D6CA54DE7F8FCB2791AAF9141666BA15978C55017FA6798BF0CA80A2864C6","550D6CA54DE7F8FCB2791AAF9141666BA15978C55017FA6798BF0CA80A2864C6","True"
"projects/01-task-basics/course/03_FreeRTOS_create_task/Firmware/CMSIS/GD/GD32F4xx/Source/IAR/startup_gd32f450_470.s","EE6654F1D551C6937D014FE943342B0395A32076E5AC8DD688C600EACB9BD343","EE6654F1D551C6937D014FE943342B0395A32076E5AC8DD688C600EACB9BD343","True"
"projects/01-task-basics/course/03_FreeRTOS_create_task/Firmware/CMSIS/GD/GD32F4xx/Source/system_gd32f4xx.c","8F66A123756716CF74297A7B54EEC616F230CBBC37DFB60F21BF05D1BC070836","8F66A123756716CF74297A7B54EEC616F230CBBC37DFB60F21BF05D1BC070836","True"
"projects/01-task-basics/course/03_FreeRTOS_create_task/Firmware/GD32F4xx_standard_peripheral/Include/gd32f4xx_adc.h","D6B41E007F1EE95E5FA1B495F94924F7E6166439FBF3E9234A26B5FA6C32F1DE","D6B41E007F1EE95E5FA1B495F94924F7E6166439FBF3E9234A26B5FA6C32F1DE","True"
"projects/01-task-basics/course/03_FreeRTOS_create_task/Firmware/GD32F4xx_standard_peripheral/Include/gd32f4xx_can.h","62A96066D7B8A1CEF45AB4092FCE5058B962050EB1C9E4B3585F0E19B9F30578","62A96066D7B8A1CEF45AB4092FCE5058B962050EB1C9E4B3585F0E19B9F30578","True"
"projects/01-task-basics/course/03_FreeRTOS_create_task/Firmware/GD32F4xx_standard_peripheral/Include/gd32f4xx_crc.h","4870F145AEEC968F3A7A0A5068105591E1ADEB9A37A5E47FDCC9D27D7D3AFBD6","4870F145AEEC968F3A7A0A5068105591E1ADEB9A37A5E47FDCC9D27D7D3AFBD6","True"
"projects/01-task-basics/course/03_FreeRTOS_create_task/Firmware/GD32F4xx_standard_peripheral/Include/gd32f4xx_ctc.h","900AB7D5F9C585834166A58966C8D523FF91D410066D00BBED3E6522C25782D7","900AB7D5F9C585834166A58966C8D523FF91D410066D00BBED3E6522C25782D7","True"
"projects/01-task-basics/course/03_FreeRTOS_create_task/Firmware/GD32F4xx_standard_peripheral/Include/gd32f4xx_dac.h","86057CC0C52A32F955A12F47ABA1E4997AC2DABA13B10A686D8777579F638AFB","86057CC0C52A32F955A12F47ABA1E4997AC2DABA13B10A686D8777579F638AFB","True"
"projects/01-task-basics/course/03_FreeRTOS_create_task/Firmware/GD32F4xx_standard_peripheral/Include/gd32f4xx_dbg.h","21A089B5880F1D101116BD37EAAC7A085A103901A40900E75941130D901B150E","21A089B5880F1D101116BD37EAAC7A085A103901A40900E75941130D901B150E","True"
"projects/01-task-basics/course/03_FreeRTOS_create_task/Firmware/GD32F4xx_standard_peripheral/Include/gd32f4xx_dci.h","787F449F0B2EBA5BBCC92B0D50899FA668CEA6ED9CCAB3960EBA0B2253CC7748","787F449F0B2EBA5BBCC92B0D50899FA668CEA6ED9CCAB3960EBA0B2253CC7748","True"
"projects/01-task-basics/course/03_FreeRTOS_create_task/Firmware/GD32F4xx_standard_peripheral/Include/gd32f4xx_dma.h","F358957EBF98C4C449480A088E349CDAC2716394C24FA4111DE08B06FCDC5094","F358957EBF98C4C449480A088E349CDAC2716394C24FA4111DE08B06FCDC5094","True"
"projects/01-task-basics/course/03_FreeRTOS_create_task/Firmware/GD32F4xx_standard_peripheral/Include/gd32f4xx_enet.h","2BDBC2BE9B0E3BA398DEEAB38021442A2CFEEDFF21FC353CF3B16C717A2CDF9B","2BDBC2BE9B0E3BA398DEEAB38021442A2CFEEDFF21FC353CF3B16C717A2CDF9B","True"
"projects/01-task-basics/course/03_FreeRTOS_create_task/Firmware/GD32F4xx_standard_peripheral/Include/gd32f4xx_exmc.h","68482B678DD868085A6BE6317EEC18873D43F895936E503487E843E561A0D55E","68482B678DD868085A6BE6317EEC18873D43F895936E503487E843E561A0D55E","True"
"projects/01-task-basics/course/03_FreeRTOS_create_task/Firmware/GD32F4xx_standard_peripheral/Include/gd32f4xx_exti.h","705948F029F63A5995D9849A60E417D6210ECE34C8E942C76A2D4E7A2B927426","705948F029F63A5995D9849A60E417D6210ECE34C8E942C76A2D4E7A2B927426","True"
"projects/01-task-basics/course/03_FreeRTOS_create_task/Firmware/GD32F4xx_standard_peripheral/Include/gd32f4xx_fmc.h","5A5D9F0B1CE1E7486206130F80048F81A6D3E9E6337BF0A4C69D4A1D5EDC9F7E","5A5D9F0B1CE1E7486206130F80048F81A6D3E9E6337BF0A4C69D4A1D5EDC9F7E","True"
"projects/01-task-basics/course/03_FreeRTOS_create_task/Firmware/GD32F4xx_standard_peripheral/Include/gd32f4xx_fwdgt.h","04CB4EE0D6526910CF9CA8BEFC437FC6DF3FDFE09FB0BC418AB7EA5C19611A50","04CB4EE0D6526910CF9CA8BEFC437FC6DF3FDFE09FB0BC418AB7EA5C19611A50","True"
"projects/01-task-basics/course/03_FreeRTOS_create_task/Firmware/GD32F4xx_standard_peripheral/Include/gd32f4xx_gpio.h","A20501A28644BF45B8E3C4AB2A7237466805C1480B06E7D6C8585296D7F08787","A20501A28644BF45B8E3C4AB2A7237466805C1480B06E7D6C8585296D7F08787","True"
"projects/01-task-basics/course/03_FreeRTOS_create_task/Firmware/GD32F4xx_standard_peripheral/Include/gd32f4xx_i2c.h","6CF4053E2452263CDFCB98DA0832CE1F2F1B0380C1BEA5D4284C1DF0D5CBBB05","6CF4053E2452263CDFCB98DA0832CE1F2F1B0380C1BEA5D4284C1DF0D5CBBB05","True"
"projects/01-task-basics/course/03_FreeRTOS_create_task/Firmware/GD32F4xx_standard_peripheral/Include/gd32f4xx_ipa.h","1AD22068402E09BAE4117E637ED972FCD7452751CCBE01C7829AEA7DF45AE8AE","1AD22068402E09BAE4117E637ED972FCD7452751CCBE01C7829AEA7DF45AE8AE","True"
"projects/01-task-basics/course/03_FreeRTOS_create_task/Firmware/GD32F4xx_standard_peripheral/Include/gd32f4xx_iref.h","D9D1E67FD4473F44B2F7E22BB78C3DFA9B5109D083AF1B0FDC63EC657B241C4A","D9D1E67FD4473F44B2F7E22BB78C3DFA9B5109D083AF1B0FDC63EC657B241C4A","True"
"projects/01-task-basics/course/03_FreeRTOS_create_task/Firmware/GD32F4xx_standard_peripheral/Include/gd32f4xx_misc.h","0A918F830F0200C0E806DFB50594259783E69D8ADBC27708705567F7193D35FB","0A918F830F0200C0E806DFB50594259783E69D8ADBC27708705567F7193D35FB","True"
"projects/01-task-basics/course/03_FreeRTOS_create_task/Firmware/GD32F4xx_standard_peripheral/Include/gd32f4xx_pmu.h","B9A72B6E42083EFD170C0C5FBE579C5D6417F9BBF674DB36041BE96FCBD84636","B9A72B6E42083EFD170C0C5FBE579C5D6417F9BBF674DB36041BE96FCBD84636","True"
"projects/01-task-basics/course/03_FreeRTOS_create_task/Firmware/GD32F4xx_standard_peripheral/Include/gd32f4xx_rcu.h","AC2B2AE653EDC89E674EDA24E1CFE8B511B73984AE0CABED3DF60BA61F8EEF08","AC2B2AE653EDC89E674EDA24E1CFE8B511B73984AE0CABED3DF60BA61F8EEF08","True"
"projects/01-task-basics/course/03_FreeRTOS_create_task/Firmware/GD32F4xx_standard_peripheral/Include/gd32f4xx_rtc.h","1798B1B495683096D4491CF0F854957D2AD60612F65A801ED0E7A4BEE49FA549","1798B1B495683096D4491CF0F854957D2AD60612F65A801ED0E7A4BEE49FA549","True"
"projects/01-task-basics/course/03_FreeRTOS_create_task/Firmware/GD32F4xx_standard_peripheral/Include/gd32f4xx_sdio.h","8D6813EFC565E3085611D767EA4E670E0C76A256C6F17FC93F313BCB11D0385A","8D6813EFC565E3085611D767EA4E670E0C76A256C6F17FC93F313BCB11D0385A","True"
"projects/01-task-basics/course/03_FreeRTOS_create_task/Firmware/GD32F4xx_standard_peripheral/Include/gd32f4xx_spi.h","4C6360C8FE58D4A38E4870BCBA17630857551D3EC7B4BD3DDEB5085C31240B1C","4C6360C8FE58D4A38E4870BCBA17630857551D3EC7B4BD3DDEB5085C31240B1C","True"
"projects/01-task-basics/course/03_FreeRTOS_create_task/Firmware/GD32F4xx_standard_peripheral/Include/gd32f4xx_syscfg.h","5060FEF0A07A3FC1396A31F09F95FE1D134F8A1FB1581E3DD98BB6078108C447","5060FEF0A07A3FC1396A31F09F95FE1D134F8A1FB1581E3DD98BB6078108C447","True"
"projects/01-task-basics/course/03_FreeRTOS_create_task/Firmware/GD32F4xx_standard_peripheral/Include/gd32f4xx_timer.h","7A79F81F1D862A1B49F23BFE05B1AC751A71E761B6E63C2DFFABE6C7BC69AC49","7A79F81F1D862A1B49F23BFE05B1AC751A71E761B6E63C2DFFABE6C7BC69AC49","True"
"projects/01-task-basics/course/03_FreeRTOS_create_task/Firmware/GD32F4xx_standard_peripheral/Include/gd32f4xx_tli.h","1B94EA157AC8CE2FED962B0C4FF95B6702C6194300AA51B04C3AAFE493768D2A","1B94EA157AC8CE2FED962B0C4FF95B6702C6194300AA51B04C3AAFE493768D2A","True"
"projects/01-task-basics/course/03_FreeRTOS_create_task/Firmware/GD32F4xx_standard_peripheral/Include/gd32f4xx_trng.h","91E2BB5AFFEFA65F90927FAD795FAA0F4204516284ECA38E461506F0CD9CA924","91E2BB5AFFEFA65F90927FAD795FAA0F4204516284ECA38E461506F0CD9CA924","True"
"projects/01-task-basics/course/03_FreeRTOS_create_task/Firmware/GD32F4xx_standard_peripheral/Include/gd32f4xx_usart.h","6CF40E957A1216C99E3663D667DE1944C42272897011834BF20ADCD97E791074","6CF40E957A1216C99E3663D667DE1944C42272897011834BF20ADCD97E791074","True"
"projects/01-task-basics/course/03_FreeRTOS_create_task/Firmware/GD32F4xx_standard_peripheral/Include/gd32f4xx_wwdgt.h","01EECFC98B4507AEB8F0AFBE7D994EA0A617A79E5D4EB2D1D4A85979BA014EFE","01EECFC98B4507AEB8F0AFBE7D994EA0A617A79E5D4EB2D1D4A85979BA014EFE","True"
"projects/01-task-basics/course/03_FreeRTOS_create_task/Firmware/GD32F4xx_standard_peripheral/Source/gd32f4xx_adc.c","8A5C91EC7A397B53EFD086646674D273ECE00F36C9610AB50715FE1521BA4112","8A5C91EC7A397B53EFD086646674D273ECE00F36C9610AB50715FE1521BA4112","True"
"projects/01-task-basics/course/03_FreeRTOS_create_task/Firmware/GD32F4xx_standard_peripheral/Source/gd32f4xx_can.c","CE0E343B00856972EABACCC1F4D88C051796A8D1E30C4596312FC29A533DB8BA","CE0E343B00856972EABACCC1F4D88C051796A8D1E30C4596312FC29A533DB8BA","True"
"projects/01-task-basics/course/03_FreeRTOS_create_task/Firmware/GD32F4xx_standard_peripheral/Source/gd32f4xx_crc.c","C14034159E72E082AA70E2A8CBA60FFCF950B63D75AE467706632F32EC00F315","C14034159E72E082AA70E2A8CBA60FFCF950B63D75AE467706632F32EC00F315","True"
"projects/01-task-basics/course/03_FreeRTOS_create_task/Firmware/GD32F4xx_standard_peripheral/Source/gd32f4xx_ctc.c","07F4A6385C6FFB2E18ECF95DAAE6A431FB91262FA988835A249A64F4002280A1","07F4A6385C6FFB2E18ECF95DAAE6A431FB91262FA988835A249A64F4002280A1","True"
"projects/01-task-basics/course/03_FreeRTOS_create_task/Firmware/GD32F4xx_standard_peripheral/Source/gd32f4xx_dac.c","ACE5C99F1E2774D955CA4E4D5D6E81B2D831F718098487EA3E8C2C34C960E160","ACE5C99F1E2774D955CA4E4D5D6E81B2D831F718098487EA3E8C2C34C960E160","True"
"projects/01-task-basics/course/03_FreeRTOS_create_task/Firmware/GD32F4xx_standard_peripheral/Source/gd32f4xx_dbg.c","6EEC659FD6B5C549226BAE8E9C9C78785B064D557434189BB221287D550FE291","6EEC659FD6B5C549226BAE8E9C9C78785B064D557434189BB221287D550FE291","True"
"projects/01-task-basics/course/03_FreeRTOS_create_task/Firmware/GD32F4xx_standard_peripheral/Source/gd32f4xx_dci.c","B99613D9A21A02DD39117F30B9A488B859209AB3489DCFDE7361D147CDF76516","B99613D9A21A02DD39117F30B9A488B859209AB3489DCFDE7361D147CDF76516","True"
"projects/01-task-basics/course/03_FreeRTOS_create_task/Firmware/GD32F4xx_standard_peripheral/Source/gd32f4xx_dma.c","2D943A169ABABCC22CBC6C41665F5CE375C30B63005954E1D34BB3218CB63FAF","2D943A169ABABCC22CBC6C41665F5CE375C30B63005954E1D34BB3218CB63FAF","True"
"projects/01-task-basics/course/03_FreeRTOS_create_task/Firmware/GD32F4xx_standard_peripheral/Source/gd32f4xx_enet.c","3051E8737C463D23D07B9C9AD937BC7C488BB573738B2313982870DAA670E87E","3051E8737C463D23D07B9C9AD937BC7C488BB573738B2313982870DAA670E87E","True"
"projects/01-task-basics/course/03_FreeRTOS_create_task/Firmware/GD32F4xx_standard_peripheral/Source/gd32f4xx_exmc.c","E4A79B377C89D9EB8BD5BE101E273AD5EFBA0C2A24FB4621AB7BC124BEEEAEBF","E4A79B377C89D9EB8BD5BE101E273AD5EFBA0C2A24FB4621AB7BC124BEEEAEBF","True"
"projects/01-task-basics/course/03_FreeRTOS_create_task/Firmware/GD32F4xx_standard_peripheral/Source/gd32f4xx_exti.c","FCE4A7ECA93486D71A9E5758642F2282AE7F8805DBB559312837A0B17577FE58","FCE4A7ECA93486D71A9E5758642F2282AE7F8805DBB559312837A0B17577FE58","True"
"projects/01-task-basics/course/03_FreeRTOS_create_task/Firmware/GD32F4xx_standard_peripheral/Source/gd32f4xx_fmc.c","15408829D2405432FC8ED73D5D8C6BBB1E6C74540F1B817983BABD62E22CAB16","15408829D2405432FC8ED73D5D8C6BBB1E6C74540F1B817983BABD62E22CAB16","True"
"projects/01-task-basics/course/03_FreeRTOS_create_task/Firmware/GD32F4xx_standard_peripheral/Source/gd32f4xx_fwdgt.c","05B67D15069CED6F0472E4115ECD16064402E0D6220561499000025A8CD189B7","05B67D15069CED6F0472E4115ECD16064402E0D6220561499000025A8CD189B7","True"
"projects/01-task-basics/course/03_FreeRTOS_create_task/Firmware/GD32F4xx_standard_peripheral/Source/gd32f4xx_gpio.c","262BEFE864D5DA3BADA64D0B3DAB29E5C2747E46B154EDE8BCAB0B788DB614E0","262BEFE864D5DA3BADA64D0B3DAB29E5C2747E46B154EDE8BCAB0B788DB614E0","True"
"projects/01-task-basics/course/03_FreeRTOS_create_task/Firmware/GD32F4xx_standard_peripheral/Source/gd32f4xx_i2c.c","8EDFAF1A8F0BF2833923D0072FE1B9D0467382B3EC1D243E918D0DE9711CCCD2","8EDFAF1A8F0BF2833923D0072FE1B9D0467382B3EC1D243E918D0DE9711CCCD2","True"
"projects/01-task-basics/course/03_FreeRTOS_create_task/Firmware/GD32F4xx_standard_peripheral/Source/gd32f4xx_ipa.c","38A8350304763C1C83B4D2341F6782B090CA09ABE541AC360089B5CB454BCF57","38A8350304763C1C83B4D2341F6782B090CA09ABE541AC360089B5CB454BCF57","True"
"projects/01-task-basics/course/03_FreeRTOS_create_task/Firmware/GD32F4xx_standard_peripheral/Source/gd32f4xx_iref.c","24F2FCFCD20882FD3E65773A281A827BF5391A0A8054324EEF7C98BB3F2B9B80","24F2FCFCD20882FD3E65773A281A827BF5391A0A8054324EEF7C98BB3F2B9B80","True"
"projects/01-task-basics/course/03_FreeRTOS_create_task/Firmware/GD32F4xx_standard_peripheral/Source/gd32f4xx_misc.c","1CD262F295155428C25DEDC69BFBAB99F7A99DE09E0B602ECA1F2C6017CFE2DA","1CD262F295155428C25DEDC69BFBAB99F7A99DE09E0B602ECA1F2C6017CFE2DA","True"
"projects/01-task-basics/course/03_FreeRTOS_create_task/Firmware/GD32F4xx_standard_peripheral/Source/gd32f4xx_pmu.c","DAFA94838A55132E3313234C5AC2BE6172116DC26574347363D554EFFB186D79","DAFA94838A55132E3313234C5AC2BE6172116DC26574347363D554EFFB186D79","True"
"projects/01-task-basics/course/03_FreeRTOS_create_task/Firmware/GD32F4xx_standard_peripheral/Source/gd32f4xx_rcu.c","6C1030EB58EC7CB9C41E2A1FF31DDEF87F70DD083222327978234004C4E95B98","6C1030EB58EC7CB9C41E2A1FF31DDEF87F70DD083222327978234004C4E95B98","True"
"projects/01-task-basics/course/03_FreeRTOS_create_task/Firmware/GD32F4xx_standard_peripheral/Source/gd32f4xx_rtc.c","EEA5BCB92C88A7BAB9F3740F8E9408236412A546B03A5467F21B0F94A01183E7","EEA5BCB92C88A7BAB9F3740F8E9408236412A546B03A5467F21B0F94A01183E7","True"
"projects/01-task-basics/course/03_FreeRTOS_create_task/Firmware/GD32F4xx_standard_peripheral/Source/gd32f4xx_sdio.c","9D8F3E488C74C44A30C4D0BBB9CD8D86555D898CA9C36F259CE57609959B9854","9D8F3E488C74C44A30C4D0BBB9CD8D86555D898CA9C36F259CE57609959B9854","True"
"projects/01-task-basics/course/03_FreeRTOS_create_task/Firmware/GD32F4xx_standard_peripheral/Source/gd32f4xx_spi.c","CE06438E9AD5882A0FCA88DFE658DD925ED3320BA574C2797E2F93ACF6142459","CE06438E9AD5882A0FCA88DFE658DD925ED3320BA574C2797E2F93ACF6142459","True"
"projects/01-task-basics/course/03_FreeRTOS_create_task/Firmware/GD32F4xx_standard_peripheral/Source/gd32f4xx_syscfg.c","51A7A5E70F3064424CC6E2F6A06942B47ADAAC8C36A6612EE08B1643557B3CA3","51A7A5E70F3064424CC6E2F6A06942B47ADAAC8C36A6612EE08B1643557B3CA3","True"
"projects/01-task-basics/course/03_FreeRTOS_create_task/Firmware/GD32F4xx_standard_peripheral/Source/gd32f4xx_timer.c","3961465CF6BA39554E34C02183C50676A4AB9B3991A6AAD32D271754B2506B14","3961465CF6BA39554E34C02183C50676A4AB9B3991A6AAD32D271754B2506B14","True"
"projects/01-task-basics/course/03_FreeRTOS_create_task/Firmware/GD32F4xx_standard_peripheral/Source/gd32f4xx_tli.c","881A02E692AFD4A0B6848A929B0B8C79148911AD7543CF611287C45E82372541","881A02E692AFD4A0B6848A929B0B8C79148911AD7543CF611287C45E82372541","True"
"projects/01-task-basics/course/03_FreeRTOS_create_task/Firmware/GD32F4xx_standard_peripheral/Source/gd32f4xx_trng.c","BA9093D046A01C997AA54D2DE9F663E8AF32FB9E53C950CFC640F1033FCD6C53","BA9093D046A01C997AA54D2DE9F663E8AF32FB9E53C950CFC640F1033FCD6C53","True"
"projects/01-task-basics/course/03_FreeRTOS_create_task/Firmware/GD32F4xx_standard_peripheral/Source/gd32f4xx_usart.c","F67FA54D9C9537317BE92D95FD880A394D9ABE98DF708E5AA821FBFA392AE9B0","F67FA54D9C9537317BE92D95FD880A394D9ABE98DF708E5AA821FBFA392AE9B0","True"
"projects/01-task-basics/course/03_FreeRTOS_create_task/Firmware/GD32F4xx_standard_peripheral/Source/gd32f4xx_wwdgt.c","0ED39DE6F0101E10DDCB476E6EF21C44D2282D4F689D0D0D70F9E04940E6F0FE","0ED39DE6F0101E10DDCB476E6EF21C44D2282D4F689D0D0D70F9E04940E6F0FE","True"
"projects/01-task-basics/course/03_FreeRTOS_create_task/Firmware/GD32F4xx_usb_library/device/class/audio/Include/audio_core.h","D4550583AD93FB3EED7D288FB84CA5E1B57269E088FB073E541A666B636FEC00","D4550583AD93FB3EED7D288FB84CA5E1B57269E088FB073E541A666B636FEC00","True"
"projects/01-task-basics/course/03_FreeRTOS_create_task/Firmware/GD32F4xx_usb_library/device/class/audio/Include/audio_out_itf.h","77FB54DEA6431AF26C1DE2B1CCFB8186FAC92519D817556FE6B31FDE7947310B","77FB54DEA6431AF26C1DE2B1CCFB8186FAC92519D817556FE6B31FDE7947310B","True"
"projects/01-task-basics/course/03_FreeRTOS_create_task/Firmware/GD32F4xx_usb_library/device/class/audio/Source/audio_core.c","E134ABAB42ADA7E2D9C6BAD56032F4358FBD37B82E3861496BFE8DC7B4263D32","E134ABAB42ADA7E2D9C6BAD56032F4358FBD37B82E3861496BFE8DC7B4263D32","True"
"projects/01-task-basics/course/03_FreeRTOS_create_task/Firmware/GD32F4xx_usb_library/device/class/audio/Source/audio_out_itf.c","33F0490E4B3CE2315D51257BB877A233BA7293BF83F1272113382989476B887B","33F0490E4B3CE2315D51257BB877A233BA7293BF83F1272113382989476B887B","True"
"projects/01-task-basics/course/03_FreeRTOS_create_task/Firmware/GD32F4xx_usb_library/device/class/cdc/Include/cdc_acm_core.h","58A53B46A222A4CA1B4F35901A48555A22FF6C8EF95DCB23E651A64512A0B8EC","58A53B46A222A4CA1B4F35901A48555A22FF6C8EF95DCB23E651A64512A0B8EC","True"
"projects/01-task-basics/course/03_FreeRTOS_create_task/Firmware/GD32F4xx_usb_library/device/class/cdc/Source/cdc_acm_core.c","92F6D272CB501A2E0E8020A5C7C3FDBF3F6267044A5F00C248A53BDC23867E71","92F6D272CB501A2E0E8020A5C7C3FDBF3F6267044A5F00C248A53BDC23867E71","True"
"projects/01-task-basics/course/03_FreeRTOS_create_task/Firmware/GD32F4xx_usb_library/device/class/dfu/Include/dfu_core.h","B074E46C11DFC3D6F057E7C91263A7894A8598F5AD27062A8F0C737739F0AC4B","B074E46C11DFC3D6F057E7C91263A7894A8598F5AD27062A8F0C737739F0AC4B","True"
"projects/01-task-basics/course/03_FreeRTOS_create_task/Firmware/GD32F4xx_usb_library/device/class/dfu/Include/dfu_mem.h","EE0FA900E1595041DB2524E57A7684A911AFEC27BD737544CB8ACC1A419B54F3","EE0FA900E1595041DB2524E57A7684A911AFEC27BD737544CB8ACC1A419B54F3","True"
"projects/01-task-basics/course/03_FreeRTOS_create_task/Firmware/GD32F4xx_usb_library/device/class/dfu/Source/dfu_core.c","EE0B61F48E523F816E1977AB5667701D4A30C9D7994809DAEC56A6C22B6B23F2","EE0B61F48E523F816E1977AB5667701D4A30C9D7994809DAEC56A6C22B6B23F2","True"
"projects/01-task-basics/course/03_FreeRTOS_create_task/Firmware/GD32F4xx_usb_library/device/class/dfu/Source/dfu_mem.c","1740852FD0411642AAD47BF10951D51DE5338CA02239C634C4A28211CC0B6BD5","1740852FD0411642AAD47BF10951D51DE5338CA02239C634C4A28211CC0B6BD5","True"
"projects/01-task-basics/course/03_FreeRTOS_create_task/Firmware/GD32F4xx_usb_library/device/class/hid/Include/custom_hid_core.h","3D8630539B539B75241B088BA5CB2BD6A6377EBE6A0C026E14E4D9F618149F3C","3D8630539B539B75241B088BA5CB2BD6A6377EBE6A0C026E14E4D9F618149F3C","True"
"projects/01-task-basics/course/03_FreeRTOS_create_task/Firmware/GD32F4xx_usb_library/device/class/hid/Include/standard_hid_core.h","B43958E8EF0BB4E5939D1B1279F2B4D25791ABD357C51504FB08C6BF5CDE5A55","B43958E8EF0BB4E5939D1B1279F2B4D25791ABD357C51504FB08C6BF5CDE5A55","True"
"projects/01-task-basics/course/03_FreeRTOS_create_task/Firmware/GD32F4xx_usb_library/device/class/hid/Source/custom_hid_core.c","E31D924422097B600884693E2CFB38C20E4215861DFC8BBDFF3058C9A9133668","E31D924422097B600884693E2CFB38C20E4215861DFC8BBDFF3058C9A9133668","True"
"projects/01-task-basics/course/03_FreeRTOS_create_task/Firmware/GD32F4xx_usb_library/device/class/hid/Source/standard_hid_core.c","976542C7FC8C038846C71E4C5E6755B3C9364C8C09425F671FA694F1F14889A1","976542C7FC8C038846C71E4C5E6755B3C9364C8C09425F671FA694F1F14889A1","True"
"projects/01-task-basics/course/03_FreeRTOS_create_task/Firmware/GD32F4xx_usb_library/device/class/iap/Include/usb_iap_core.h","0C5491567E7452BE4CDC0099BC8F6E5B6ACA7B9C273FDB95647264938337C163","0C5491567E7452BE4CDC0099BC8F6E5B6ACA7B9C273FDB95647264938337C163","True"
"projects/01-task-basics/course/03_FreeRTOS_create_task/Firmware/GD32F4xx_usb_library/device/class/iap/Source/usb_iap_core.c","B48D8EDB4882F57E2EE0B7CD17D94A4EA574BBFDB3EF72F35355FB7B8CBF374D","B48D8EDB4882F57E2EE0B7CD17D94A4EA574BBFDB3EF72F35355FB7B8CBF374D","True"
"projects/01-task-basics/course/03_FreeRTOS_create_task/Firmware/GD32F4xx_usb_library/device/class/msc/Include/usbd_msc_bbb.h","FCE4E4A9E17E3C7AD6EF23BF6284354B3C1E0BC79E2E3D8C51C00C7CBA88598F","FCE4E4A9E17E3C7AD6EF23BF6284354B3C1E0BC79E2E3D8C51C00C7CBA88598F","True"
"projects/01-task-basics/course/03_FreeRTOS_create_task/Firmware/GD32F4xx_usb_library/device/class/msc/Include/usbd_msc_core.h","1B56E50C7F78BD46CC86E131565DA5A3CA050901171A99D33526283996D0062C","1B56E50C7F78BD46CC86E131565DA5A3CA050901171A99D33526283996D0062C","True"
"projects/01-task-basics/course/03_FreeRTOS_create_task/Firmware/GD32F4xx_usb_library/device/class/msc/Include/usbd_msc_mem.h","4219910F0D5565CBF2CB7DE2191FFFAD41F01F9903EC160827C6F441FC9FE241","4219910F0D5565CBF2CB7DE2191FFFAD41F01F9903EC160827C6F441FC9FE241","True"
"projects/01-task-basics/course/03_FreeRTOS_create_task/Firmware/GD32F4xx_usb_library/device/class/msc/Include/usbd_msc_scsi.h","8A843A759A5D1013DB6524B1547453013DA00C202F03A7011B604C8E79F96A2D","8A843A759A5D1013DB6524B1547453013DA00C202F03A7011B604C8E79F96A2D","True"
"projects/01-task-basics/course/03_FreeRTOS_create_task/Firmware/GD32F4xx_usb_library/device/class/msc/Source/usbd_msc_bbb.c","D613ECDDAB72A03DE672E4669F2549F5CE93259C09819FCBD78DB49DBBEFA4A5","D613ECDDAB72A03DE672E4669F2549F5CE93259C09819FCBD78DB49DBBEFA4A5","True"
"projects/01-task-basics/course/03_FreeRTOS_create_task/Firmware/GD32F4xx_usb_library/device/class/msc/Source/usbd_msc_core.c","5C5983C2884B08AA4A480B29929E20A502741C56CEFD717E48A6FE5C807BBB5C","5C5983C2884B08AA4A480B29929E20A502741C56CEFD717E48A6FE5C807BBB5C","True"
"projects/01-task-basics/course/03_FreeRTOS_create_task/Firmware/GD32F4xx_usb_library/device/class/msc/Source/usbd_msc_scsi.c","062E1DF310C0FEED9372585E09D4A317F65B8E0E03BD70C14AA7418A99C5EFFD","062E1DF310C0FEED9372585E09D4A317F65B8E0E03BD70C14AA7418A99C5EFFD","True"
"projects/01-task-basics/course/03_FreeRTOS_create_task/Firmware/GD32F4xx_usb_library/device/class/printer/Include/printer_core.h","4231DAE7349CC3643150EC1E90A5CEFB4ADF23ADC0314E82EF001BDFCD7D7E8C","4231DAE7349CC3643150EC1E90A5CEFB4ADF23ADC0314E82EF001BDFCD7D7E8C","True"
"projects/01-task-basics/course/03_FreeRTOS_create_task/Firmware/GD32F4xx_usb_library/device/class/printer/Source/printer_core.c","93EB77FF7A45DA1424244E1FFA25755A259E43B815D00B14C319BEC17A079831","93EB77FF7A45DA1424244E1FFA25755A259E43B815D00B14C319BEC17A079831","True"
"projects/01-task-basics/course/03_FreeRTOS_create_task/Firmware/GD32F4xx_usb_library/device/core/Include/usbd_core.h","A205D78D7C4299519538D5057744916BCB5459EC963BFBD6AA42101197B15041","A205D78D7C4299519538D5057744916BCB5459EC963BFBD6AA42101197B15041","True"
"projects/01-task-basics/course/03_FreeRTOS_create_task/Firmware/GD32F4xx_usb_library/device/core/Include/usbd_enum.h","9DE97ED85BA71120379BF876FAF752FA7900784D1614C18D1E9ECEA6C7E2C897","9DE97ED85BA71120379BF876FAF752FA7900784D1614C18D1E9ECEA6C7E2C897","True"
"projects/01-task-basics/course/03_FreeRTOS_create_task/Firmware/GD32F4xx_usb_library/device/core/Include/usbd_transc.h","7598A18B6AA5696B7D15C3F8DA6F0F04C37BCA44D48C86FD5A7BD92850A17681","7598A18B6AA5696B7D15C3F8DA6F0F04C37BCA44D48C86FD5A7BD92850A17681","True"
"projects/01-task-basics/course/03_FreeRTOS_create_task/Firmware/GD32F4xx_usb_library/device/core/Source/usbd_core.c","74A04240E3912EF2D959396250678FF65E41A6D65E4C92CDDB7BABEBC646A12F","74A04240E3912EF2D959396250678FF65E41A6D65E4C92CDDB7BABEBC646A12F","True"
"projects/01-task-basics/course/03_FreeRTOS_create_task/Firmware/GD32F4xx_usb_library/device/core/Source/usbd_enum.c","07C9D4AF518D9659D3696A574638D2238413C849345915F347B1CE91C02A81EE","07C9D4AF518D9659D3696A574638D2238413C849345915F347B1CE91C02A81EE","True"
"projects/01-task-basics/course/03_FreeRTOS_create_task/Firmware/GD32F4xx_usb_library/device/core/Source/usbd_transc.c","CE5E569F4CBB0918250C03000276FD987E116E69F489EEC7B049B790A5A87F37","CE5E569F4CBB0918250C03000276FD987E116E69F489EEC7B049B790A5A87F37","True"
"projects/01-task-basics/course/03_FreeRTOS_create_task/Firmware/GD32F4xx_usb_library/driver/Include/drv_usb_core.h","D7957D291F199B35772CE89782B17558BCC73B935F66F80C5B7FBE16DDBA5875","D7957D291F199B35772CE89782B17558BCC73B935F66F80C5B7FBE16DDBA5875","True"
"projects/01-task-basics/course/03_FreeRTOS_create_task/Firmware/GD32F4xx_usb_library/driver/Include/drv_usb_dev.h","CAF5D56EBAFDBA9FC9F167418A1616E4291B112EDBF47A8654BD9A98F8C17B9A","CAF5D56EBAFDBA9FC9F167418A1616E4291B112EDBF47A8654BD9A98F8C17B9A","True"
"projects/01-task-basics/course/03_FreeRTOS_create_task/Firmware/GD32F4xx_usb_library/driver/Include/drv_usb_host.h","FB4056A260F60FDA977AB1139EBFCF00E53B5C3E697FDDA573B902A413BFFF14","FB4056A260F60FDA977AB1139EBFCF00E53B5C3E697FDDA573B902A413BFFF14","True"
"projects/01-task-basics/course/03_FreeRTOS_create_task/Firmware/GD32F4xx_usb_library/driver/Include/drv_usb_hw.h","81DBB2D76CD496106998EAA694DA78184988C9618E06CFE573E5D6B5FA1C1F20","81DBB2D76CD496106998EAA694DA78184988C9618E06CFE573E5D6B5FA1C1F20","True"
"projects/01-task-basics/course/03_FreeRTOS_create_task/Firmware/GD32F4xx_usb_library/driver/Include/drv_usb_regs.h","048A97F0FF66F557EE6A5E829F8AA0336D69E13E63151CF4D64092D0FF9606BA","048A97F0FF66F557EE6A5E829F8AA0336D69E13E63151CF4D64092D0FF9606BA","True"
"projects/01-task-basics/course/03_FreeRTOS_create_task/Firmware/GD32F4xx_usb_library/driver/Include/drv_usbd_int.h","3B71749A04450BBEC4838039BC3C6482EE1D7ECB509B97DA5151F362F918A8F4","3B71749A04450BBEC4838039BC3C6482EE1D7ECB509B97DA5151F362F918A8F4","True"
"projects/01-task-basics/course/03_FreeRTOS_create_task/Firmware/GD32F4xx_usb_library/driver/Include/drv_usbh_int.h","5268EE8F0ACCEE9C9E848AE421F3F1B83B8EFA72B8854F08A5756C16C3873997","5268EE8F0ACCEE9C9E848AE421F3F1B83B8EFA72B8854F08A5756C16C3873997","True"
"projects/01-task-basics/course/03_FreeRTOS_create_task/Firmware/GD32F4xx_usb_library/driver/Source/drv_usb_core.c","B90492A8404BCBDCBBA9D31D38AD75D2D85B6014CCACF6EEA77B23F69CF5F623","B90492A8404BCBDCBBA9D31D38AD75D2D85B6014CCACF6EEA77B23F69CF5F623","True"
"projects/01-task-basics/course/03_FreeRTOS_create_task/Firmware/GD32F4xx_usb_library/driver/Source/drv_usb_dev.c","93CA6CD491C5E0FEA197D5AC7F10BA23E6973543DA7AEED38BFC1AE3A0DC474B","93CA6CD491C5E0FEA197D5AC7F10BA23E6973543DA7AEED38BFC1AE3A0DC474B","True"
"projects/01-task-basics/course/03_FreeRTOS_create_task/Firmware/GD32F4xx_usb_library/driver/Source/drv_usb_host.c","D9F6DE1A16C13351C6947A1D8C735A2FA2EF6495159EF75E8C84A903003853EA","D9F6DE1A16C13351C6947A1D8C735A2FA2EF6495159EF75E8C84A903003853EA","True"
"projects/01-task-basics/course/03_FreeRTOS_create_task/Firmware/GD32F4xx_usb_library/driver/Source/drv_usbd_int.c","6D629C1B2EE8A05BD9C1B8E20F2664410AFC9608E9489CCAC5BE881D10D0A715","6D629C1B2EE8A05BD9C1B8E20F2664410AFC9608E9489CCAC5BE881D10D0A715","True"
"projects/01-task-basics/course/03_FreeRTOS_create_task/Firmware/GD32F4xx_usb_library/driver/Source/drv_usbh_int.c","4D390034615DF35FB792026BD76844C922F387580E291039F1BC5F6B6C982486","4D390034615DF35FB792026BD76844C922F387580E291039F1BC5F6B6C982486","True"
"projects/01-task-basics/course/03_FreeRTOS_create_task/Firmware/GD32F4xx_usb_library/host/class/hid/Include/usbh_hid_core.h","0DEC84719141C68389EC4F957111FB6DC21A5BE55159A808A9D4D20759E447AA","0DEC84719141C68389EC4F957111FB6DC21A5BE55159A808A9D4D20759E447AA","True"
"projects/01-task-basics/course/03_FreeRTOS_create_task/Firmware/GD32F4xx_usb_library/host/class/hid/Include/usbh_standard_hid.h","9DFF3D162D5690F986145FC6A50E8BE49EE6EA57B0DF5DE92708173ECE1231A8","9DFF3D162D5690F986145FC6A50E8BE49EE6EA57B0DF5DE92708173ECE1231A8","True"
"projects/01-task-basics/course/03_FreeRTOS_create_task/Firmware/GD32F4xx_usb_library/host/class/hid/Source/usbh_hid_core.c","2CDAFDF63EBB98A454A09ACC070B9C2E925C7EEC29AF318F1A8CE5F913C5D200","2CDAFDF63EBB98A454A09ACC070B9C2E925C7EEC29AF318F1A8CE5F913C5D200","True"
"projects/01-task-basics/course/03_FreeRTOS_create_task/Firmware/GD32F4xx_usb_library/host/class/hid/Source/usbh_standard_hid.c","324F535D3213364159EF30D0AB69CB69472D94EE6A25F07D1C624D1B4BB315C3","324F535D3213364159EF30D0AB69CB69472D94EE6A25F07D1C624D1B4BB315C3","True"
"projects/01-task-basics/course/03_FreeRTOS_create_task/Firmware/GD32F4xx_usb_library/host/class/msc/Include/usbh_msc_bbb.h","FE164E019DB850549FA0EDB8A4B2F0C38FF1C7540A834B935C91268D0E275FF8","FE164E019DB850549FA0EDB8A4B2F0C38FF1C7540A834B935C91268D0E275FF8","True"
"projects/01-task-basics/course/03_FreeRTOS_create_task/Firmware/GD32F4xx_usb_library/host/class/msc/Include/usbh_msc_core.h","34B4B4AED85F332B815096EE4C39FBA67C77FEF1F9EB79FC470603568CBE2DC9","34B4B4AED85F332B815096EE4C39FBA67C77FEF1F9EB79FC470603568CBE2DC9","True"
"projects/01-task-basics/course/03_FreeRTOS_create_task/Firmware/GD32F4xx_usb_library/host/class/msc/Include/usbh_msc_scsi.h","E6E8CA26D9A2ABFFE14A21AF356CB07C4058D9052DFD22B46205EC11884A867A","E6E8CA26D9A2ABFFE14A21AF356CB07C4058D9052DFD22B46205EC11884A867A","True"
"projects/01-task-basics/course/03_FreeRTOS_create_task/Firmware/GD32F4xx_usb_library/host/class/msc/Source/usbh_msc_bbb.c","2A82AD623D78CCC1802D851AB7FB124D6ABB5DBEA980AA8C6517E26FF906E049","2A82AD623D78CCC1802D851AB7FB124D6ABB5DBEA980AA8C6517E26FF906E049","True"
"projects/01-task-basics/course/03_FreeRTOS_create_task/Firmware/GD32F4xx_usb_library/host/class/msc/Source/usbh_msc_core.c","5DF338C15161E6C7A6424179245E0E373973B22E81DEA91111AD5613AE0C8690","5DF338C15161E6C7A6424179245E0E373973B22E81DEA91111AD5613AE0C8690","True"
"projects/01-task-basics/course/03_FreeRTOS_create_task/Firmware/GD32F4xx_usb_library/host/class/msc/Source/usbh_msc_fatfs.c","8FD0C5B44F9AC0E35427803F9761E40A5297CAA2ACC078CB9FDE3C25BA4036B1","8FD0C5B44F9AC0E35427803F9761E40A5297CAA2ACC078CB9FDE3C25BA4036B1","True"
"projects/01-task-basics/course/03_FreeRTOS_create_task/Firmware/GD32F4xx_usb_library/host/class/msc/Source/usbh_msc_scsi.c","45E6AD746800250C90834AC684D207DA486F3F0FDA8503284DEF2C537F952A85","45E6AD746800250C90834AC684D207DA486F3F0FDA8503284DEF2C537F952A85","True"
"projects/01-task-basics/course/03_FreeRTOS_create_task/Firmware/GD32F4xx_usb_library/host/core/Include/usbh_core.h","8919B0DA3BC89862AC89DA53BD34CC4F8AF2F7ECEBF23493D3BC0980570EC67D","8919B0DA3BC89862AC89DA53BD34CC4F8AF2F7ECEBF23493D3BC0980570EC67D","True"
"projects/01-task-basics/course/03_FreeRTOS_create_task/Firmware/GD32F4xx_usb_library/host/core/Include/usbh_enum.h","A08D6A471BE77A6BFDF916E166E4A95B49358F209E0708080E4A441D7D454897","A08D6A471BE77A6BFDF916E166E4A95B49358F209E0708080E4A441D7D454897","True"
"projects/01-task-basics/course/03_FreeRTOS_create_task/Firmware/GD32F4xx_usb_library/host/core/Include/usbh_pipe.h","D1AA31749DB419F147E34BF1608F3C79D8846FC9067B138CE90DCC6D68A724B2","D1AA31749DB419F147E34BF1608F3C79D8846FC9067B138CE90DCC6D68A724B2","True"
"projects/01-task-basics/course/03_FreeRTOS_create_task/Firmware/GD32F4xx_usb_library/host/core/Include/usbh_transc.h","B0A9300C836592E16782062A0D898645ADC64EFD21AD96F46B8EF6EBD876499C","B0A9300C836592E16782062A0D898645ADC64EFD21AD96F46B8EF6EBD876499C","True"
"projects/01-task-basics/course/03_FreeRTOS_create_task/Firmware/GD32F4xx_usb_library/host/core/Source/usbh_core.c","2E61C1493A0F04D944A9B1E01924A57908552C5C5920F357DF984F098988DF08","2E61C1493A0F04D944A9B1E01924A57908552C5C5920F357DF984F098988DF08","True"
"projects/01-task-basics/course/03_FreeRTOS_create_task/Firmware/GD32F4xx_usb_library/host/core/Source/usbh_enum.c","273217F6826C6D57A1D210D2A58974AE97A27E15951B98BE25BBCCDEA8133871","273217F6826C6D57A1D210D2A58974AE97A27E15951B98BE25BBCCDEA8133871","True"
"projects/01-task-basics/course/03_FreeRTOS_create_task/Firmware/GD32F4xx_usb_library/host/core/Source/usbh_pipe.c","E8A4253E2A4224333C4343EE0FFD5F280C9875EF57702F44C1973CBD42EDD2E0","E8A4253E2A4224333C4343EE0FFD5F280C9875EF57702F44C1973CBD42EDD2E0","True"
"projects/01-task-basics/course/03_FreeRTOS_create_task/Firmware/GD32F4xx_usb_library/host/core/Source/usbh_transc.c","CF1AE1FCF884275E82634538E997D8D24C31FBE959140909F5BB4E34BCA0BBEF","CF1AE1FCF884275E82634538E997D8D24C31FBE959140909F5BB4E34BCA0BBEF","True"
"projects/01-task-basics/course/03_FreeRTOS_create_task/Firmware/GD32F4xx_usb_library/ustd/class/cdc/usb_cdc.h","FCD43C4F51573D30F01573E2D2856E0BE969C8FFD02D415AADFB69A595DECF4E","FCD43C4F51573D30F01573E2D2856E0BE969C8FFD02D415AADFB69A595DECF4E","True"
"projects/01-task-basics/course/03_FreeRTOS_create_task/Firmware/GD32F4xx_usb_library/ustd/class/hid/usb_hid.h","F3C6A02D4FC46F9512465B6EB2951C8CDDB956AF73422AAB9D2A1BAFC69F2E7B","F3C6A02D4FC46F9512465B6EB2951C8CDDB956AF73422AAB9D2A1BAFC69F2E7B","True"
"projects/01-task-basics/course/03_FreeRTOS_create_task/Firmware/GD32F4xx_usb_library/ustd/class/msc/msc_bbb.h","B884B8F8F7CFAF22512EDE7AE709B5F3591E126D2919AECF4E2B4D7EFEA1F5D6","B884B8F8F7CFAF22512EDE7AE709B5F3591E126D2919AECF4E2B4D7EFEA1F5D6","True"
"projects/01-task-basics/course/03_FreeRTOS_create_task/Firmware/GD32F4xx_usb_library/ustd/class/msc/msc_scsi.h","8842CF305E996369687FA89568C9AEE3D46F745E1AEF6EB58B1A3F519F863631","8842CF305E996369687FA89568C9AEE3D46F745E1AEF6EB58B1A3F519F863631","True"
"projects/01-task-basics/course/03_FreeRTOS_create_task/Firmware/GD32F4xx_usb_library/ustd/class/msc/usb_msc.h","E3C2A096085131687F121DE426EF9154F23CCC26E877129243A648FB8C90B216","E3C2A096085131687F121DE426EF9154F23CCC26E877129243A648FB8C90B216","True"
"projects/01-task-basics/course/03_FreeRTOS_create_task/Firmware/GD32F4xx_usb_library/ustd/common/usb_ch9_std.h","B5249865F377709E456F76CA76CA5499ACE39BAD6A452832DBE535F1989C6D22","B5249865F377709E456F76CA76CA5499ACE39BAD6A452832DBE535F1989C6D22","True"
"projects/01-task-basics/course/03_FreeRTOS_create_task/FreeRTOS/CMakeLists.txt","277777817A51C3B8548C84A61CF5341C43DA40769C833A05AD46FDBD6F7CEED7","277777817A51C3B8548C84A61CF5341C43DA40769C833A05AD46FDBD6F7CEED7","True"
"projects/01-task-basics/course/03_FreeRTOS_create_task/FreeRTOS/croutine.c","EBF0CDCE261DC4A256C06C0D4AD2582E6026A6DA0E973D4CB92092E94CE8F370","EBF0CDCE261DC4A256C06C0D4AD2582E6026A6DA0E973D4CB92092E94CE8F370","True"
"projects/01-task-basics/course/03_FreeRTOS_create_task/FreeRTOS/event_groups.c","76E967B14D231E4F31F014F1564F359A7BFD36BFA263EE6F437AFA8C056DF657","76E967B14D231E4F31F014F1564F359A7BFD36BFA263EE6F437AFA8C056DF657","True"
"projects/01-task-basics/course/03_FreeRTOS_create_task/FreeRTOS/FreeRTOSConfig.h","EB5BBEF66CDE789149991A567289CF67F0E7EED2BA76F769F49D0F8180D7CD01","EB5BBEF66CDE789149991A567289CF67F0E7EED2BA76F769F49D0F8180D7CD01","True"
"projects/01-task-basics/course/03_FreeRTOS_create_task/FreeRTOS/include/atomic.h","E6EB26727C6CD0A87E4DEC91CC55B2B1313CC3829E06662A0C73E62CAFD1E751","E6EB26727C6CD0A87E4DEC91CC55B2B1313CC3829E06662A0C73E62CAFD1E751","True"
"projects/01-task-basics/course/03_FreeRTOS_create_task/FreeRTOS/include/croutine.h","CF52C15FA26A8D4F82B55909B75EBFE2AAB25468BA7780748912DDEAD9812B4E","CF52C15FA26A8D4F82B55909B75EBFE2AAB25468BA7780748912DDEAD9812B4E","True"
"projects/01-task-basics/course/03_FreeRTOS_create_task/FreeRTOS/include/deprecated_definitions.h","35000A143464BBBD8DF7C9A6F066A64598A24DA5174A7BE33972E62BFBD75F4D","35000A143464BBBD8DF7C9A6F066A64598A24DA5174A7BE33972E62BFBD75F4D","True"
"projects/01-task-basics/course/03_FreeRTOS_create_task/FreeRTOS/include/event_groups.h","7A38D7A3CE24BD2FF6C6003C94EEA7AA7972179B1F17C1A91374334C6069F027","7A38D7A3CE24BD2FF6C6003C94EEA7AA7972179B1F17C1A91374334C6069F027","True"
"projects/01-task-basics/course/03_FreeRTOS_create_task/FreeRTOS/include/FreeRTOS.h","03E9C94ABA57E3CF7F4F73BC2D3EB4A96AE38F3425EEDB5450622CA286475A0B","03E9C94ABA57E3CF7F4F73BC2D3EB4A96AE38F3425EEDB5450622CA286475A0B","True"
"projects/01-task-basics/course/03_FreeRTOS_create_task/FreeRTOS/include/list.h","DC572F54391C0407FC25DB360D912FCA9118CDDAE7BD2E3099EB13F18804E5A9","DC572F54391C0407FC25DB360D912FCA9118CDDAE7BD2E3099EB13F18804E5A9","True"
"projects/01-task-basics/course/03_FreeRTOS_create_task/FreeRTOS/include/message_buffer.h","9A8141D3D6C8044A57D7E448180C9BD2ED32E45DED32BE288D095A39DCED91AB","9A8141D3D6C8044A57D7E448180C9BD2ED32E45DED32BE288D095A39DCED91AB","True"
"projects/01-task-basics/course/03_FreeRTOS_create_task/FreeRTOS/include/mpu_prototypes.h","2B46A2511CE5D23A56BC83079333D8D0A2E33763E5829C9383252806887A3DC0","2B46A2511CE5D23A56BC83079333D8D0A2E33763E5829C9383252806887A3DC0","True"
"projects/01-task-basics/course/03_FreeRTOS_create_task/FreeRTOS/include/mpu_wrappers.h","5014408CC33F0F616215F2B48C67B0D47CCC35BFD5F0044AC653B5BBC6CF5778","5014408CC33F0F616215F2B48C67B0D47CCC35BFD5F0044AC653B5BBC6CF5778","True"
"projects/01-task-basics/course/03_FreeRTOS_create_task/FreeRTOS/include/portable.h","7ADE8F368002778C723B3C4E14084910B7225CD36363ED0C948E9EA36C6F251F","7ADE8F368002778C723B3C4E14084910B7225CD36363ED0C948E9EA36C6F251F","True"
"projects/01-task-basics/course/03_FreeRTOS_create_task/FreeRTOS/include/projdefs.h","F1FA9FAA0D14851DFF86AACA00559F4B474E5F6D68772D0072842E25351D98B3","F1FA9FAA0D14851DFF86AACA00559F4B474E5F6D68772D0072842E25351D98B3","True"
"projects/01-task-basics/course/03_FreeRTOS_create_task/FreeRTOS/include/queue.h","A3763E24A5A3A38413996FC8392EFD6ADD1D1EE3EF507FBA22DAF75682241FEB","A3763E24A5A3A38413996FC8392EFD6ADD1D1EE3EF507FBA22DAF75682241FEB","True"
"projects/01-task-basics/course/03_FreeRTOS_create_task/FreeRTOS/include/semphr.h","C624E8CDFC07844D4CF35382F3CC908C872375C7A3048482BDC110BDA88CC4F2","C624E8CDFC07844D4CF35382F3CC908C872375C7A3048482BDC110BDA88CC4F2","True"
"projects/01-task-basics/course/03_FreeRTOS_create_task/FreeRTOS/include/stack_macros.h","3CDDF2B3D47AE387E376AC75EB468F9D8FFB575D68C143E08D54AF4087474CCE","3CDDF2B3D47AE387E376AC75EB468F9D8FFB575D68C143E08D54AF4087474CCE","True"
"projects/01-task-basics/course/03_FreeRTOS_create_task/FreeRTOS/include/StackMacros.h","6460E81C910496D51BC39011E35D17F5B5437B5DEB03F9E91222F796D8C8BF79","6460E81C910496D51BC39011E35D17F5B5437B5DEB03F9E91222F796D8C8BF79","True"
"projects/01-task-basics/course/03_FreeRTOS_create_task/FreeRTOS/include/stream_buffer.h","B876D839460197D94D0F95FB93C6AEB457F6FC572D32258480FED7D4DE686B6B","B876D839460197D94D0F95FB93C6AEB457F6FC572D32258480FED7D4DE686B6B","True"
"projects/01-task-basics/course/03_FreeRTOS_create_task/FreeRTOS/include/task.h","CB1B0BBCDC66E39BA3B5A09B3E2829A5D376B8990735980613514903A3C5F493","CB1B0BBCDC66E39BA3B5A09B3E2829A5D376B8990735980613514903A3C5F493","True"
"projects/01-task-basics/course/03_FreeRTOS_create_task/FreeRTOS/include/timers.h","08D73A99380A1BA61376258C52F4FDDF5DF5B6DCBE0F86B0EA03F11A5CA58459","08D73A99380A1BA61376258C52F4FDDF5DF5B6DCBE0F86B0EA03F11A5CA58459","True"
"projects/01-task-basics/course/03_FreeRTOS_create_task/FreeRTOS/list.c","DB5C169CF3EFD68DA1C6A923AC84EEBC724D602C940BDE0B9B5F01F05028FDE4","DB5C169CF3EFD68DA1C6A923AC84EEBC724D602C940BDE0B9B5F01F05028FDE4","True"
"projects/01-task-basics/course/03_FreeRTOS_create_task/FreeRTOS/manifest.yml","F71AEBB742E00AD33F877B3B679B4C24CDB709D7980C3E7836438758DBAA0139","F71AEBB742E00AD33F877B3B679B4C24CDB709D7980C3E7836438758DBAA0139","True"
"projects/01-task-basics/course/03_FreeRTOS_create_task/FreeRTOS/portable/GCC/ARM_CM4F/port.c","11F2202099ED9A73F5AE5EF9DAC414F6D9B257D6480BD9C9A1E38A71B3EE8D41","11F2202099ED9A73F5AE5EF9DAC414F6D9B257D6480BD9C9A1E38A71B3EE8D41","True"
"projects/01-task-basics/course/03_FreeRTOS_create_task/FreeRTOS/portable/GCC/ARM_CM4F/portmacro.h","D569E2A29AF1C742B69CB16E15D256611FA7979BDA2B355E03426D3C40369E42","D569E2A29AF1C742B69CB16E15D256611FA7979BDA2B355E03426D3C40369E42","True"
"projects/01-task-basics/course/03_FreeRTOS_create_task/FreeRTOS/portable/MemMang/heap_1.c","286E3FEE81C9107FC6DEC40405F500CABDCA56836D29747C182F0899BB8997FD","286E3FEE81C9107FC6DEC40405F500CABDCA56836D29747C182F0899BB8997FD","True"
"projects/01-task-basics/course/03_FreeRTOS_create_task/FreeRTOS/portable/MemMang/heap_2.c","A7B035B9ED786593143C8317ACFB49DE21B6450F246036A72331593577E5408B","A7B035B9ED786593143C8317ACFB49DE21B6450F246036A72331593577E5408B","True"
"projects/01-task-basics/course/03_FreeRTOS_create_task/FreeRTOS/portable/MemMang/heap_3.c","E2D5DBB3F3CCBADD8E7AE778F30C18D28B0532EBFE81B03AA6A20E3F75242853","E2D5DBB3F3CCBADD8E7AE778F30C18D28B0532EBFE81B03AA6A20E3F75242853","True"
"projects/01-task-basics/course/03_FreeRTOS_create_task/FreeRTOS/portable/MemMang/heap_4.c","D48A51E34CAED771E6650D95F6C2527E52FDE2A6EBC6F83B49D003AEF0135E05","D48A51E34CAED771E6650D95F6C2527E52FDE2A6EBC6F83B49D003AEF0135E05","True"
"projects/01-task-basics/course/03_FreeRTOS_create_task/FreeRTOS/portable/MemMang/heap_5.c","71B7988059E801A962DC76B956666AAB5564788D5AE437F590080DCB3FDF1881","71B7988059E801A962DC76B956666AAB5564788D5AE437F590080DCB3FDF1881","True"
"projects/01-task-basics/course/03_FreeRTOS_create_task/FreeRTOS/portable/RVDS/ARM_CA9/port.c","484F1EF17F58F3DF0B06026E1BFC8E44471DF51B33CB36D196A2D61369085A9B","484F1EF17F58F3DF0B06026E1BFC8E44471DF51B33CB36D196A2D61369085A9B","True"
"projects/01-task-basics/course/03_FreeRTOS_create_task/FreeRTOS/portable/RVDS/ARM_CA9/portASM.s","CECD728B929B81E8484C603CA00A0F95754C8EC3FF5F6D51728A3563C2E1187C","CECD728B929B81E8484C603CA00A0F95754C8EC3FF5F6D51728A3563C2E1187C","True"
"projects/01-task-basics/course/03_FreeRTOS_create_task/FreeRTOS/portable/RVDS/ARM_CA9/portmacro.h","AF5E80736D03E02590745B6781BB03809D68721BFAB0213C02B3697A4C4F8814","AF5E80736D03E02590745B6781BB03809D68721BFAB0213C02B3697A4C4F8814","True"
"projects/01-task-basics/course/03_FreeRTOS_create_task/FreeRTOS/portable/RVDS/ARM_CM0/port.c","76BE44D607E9E2CB32743386F1A97FF98E7463744DAF687773A0967B00B7F20F","76BE44D607E9E2CB32743386F1A97FF98E7463744DAF687773A0967B00B7F20F","True"
"projects/01-task-basics/course/03_FreeRTOS_create_task/FreeRTOS/portable/RVDS/ARM_CM0/portmacro.h","8E89F1A754EFF06CDCC206A4BDC13F41211D31A432981759FA25B184941078DE","8E89F1A754EFF06CDCC206A4BDC13F41211D31A432981759FA25B184941078DE","True"
"projects/01-task-basics/course/03_FreeRTOS_create_task/FreeRTOS/portable/RVDS/ARM_CM3/port.c","0F5A2323E1BDC135D37FA40DAFAC766095C46FE623F9A20CBF2F0D92405B4067","0F5A2323E1BDC135D37FA40DAFAC766095C46FE623F9A20CBF2F0D92405B4067","True"
"projects/01-task-basics/course/03_FreeRTOS_create_task/FreeRTOS/portable/RVDS/ARM_CM3/portmacro.h","7B6EEFBBA5194658CF11B14F97DD540B1CEEDCB40178F0C97244A063AC53F4E2","7B6EEFBBA5194658CF11B14F97DD540B1CEEDCB40178F0C97244A063AC53F4E2","True"
"projects/01-task-basics/course/03_FreeRTOS_create_task/FreeRTOS/portable/RVDS/ARM_CM4_MPU/port.c","1EBEB0A72801D79FAB99F4D1C43B5D2F34DC75C34E9D39A25F057B304E40685C","1EBEB0A72801D79FAB99F4D1C43B5D2F34DC75C34E9D39A25F057B304E40685C","True"
"projects/01-task-basics/course/03_FreeRTOS_create_task/FreeRTOS/portable/RVDS/ARM_CM4_MPU/portmacro.h","4149E8C08E5AE89F05E1E1E8C5B3BD87143321FDF4510F5693885624B8148DDE","4149E8C08E5AE89F05E1E1E8C5B3BD87143321FDF4510F5693885624B8148DDE","True"
"projects/01-task-basics/course/03_FreeRTOS_create_task/FreeRTOS/portable/RVDS/ARM_CM4F/port.c","6493BDBCD8AC57B5739EDB5CECC8E55EF9C82A8F978FC2F05BE19B2FAF46CEDF","6493BDBCD8AC57B5739EDB5CECC8E55EF9C82A8F978FC2F05BE19B2FAF46CEDF","True"
"projects/01-task-basics/course/03_FreeRTOS_create_task/FreeRTOS/portable/RVDS/ARM_CM4F/portmacro.h","9AA2265C543E086FD40A1B22C3BAFE0E4C2950E1E1F6DE05C803E13D621F9438","9AA2265C543E086FD40A1B22C3BAFE0E4C2950E1E1F6DE05C803E13D621F9438","True"
"projects/01-task-basics/course/03_FreeRTOS_create_task/FreeRTOS/portable/RVDS/ARM_CM7/r0p1/port.c","0B428C045198D97CBF2C7B4BECB063FB067EE8F765F263A37EF3286839B4FE12","0B428C045198D97CBF2C7B4BECB063FB067EE8F765F263A37EF3286839B4FE12","True"
"projects/01-task-basics/course/03_FreeRTOS_create_task/FreeRTOS/portable/RVDS/ARM_CM7/r0p1/portmacro.h","641CCD46A7EBA0E476DEFE30B350847FEE8044DFBF503B6E1ECB9CE3CDACF9F9","641CCD46A7EBA0E476DEFE30B350847FEE8044DFBF503B6E1ECB9CE3CDACF9F9","True"
"projects/01-task-basics/course/03_FreeRTOS_create_task/FreeRTOS/portable/RVDS/ARM_CM7/ReadMe.txt","710C88C6D9BFCC4645C414F151EE23F4C28FB8B4932308B5EB7109EF07B1D1C6","710C88C6D9BFCC4645C414F151EE23F4C28FB8B4932308B5EB7109EF07B1D1C6","True"
"projects/01-task-basics/course/03_FreeRTOS_create_task/FreeRTOS/portable/RVDS/ARM7_LPC21xx/port.c","4F79AF04C94548F73D9DEEA4A81CC841FF172B8D1E27C5E544FB243BD3F147B3","4F79AF04C94548F73D9DEEA4A81CC841FF172B8D1E27C5E544FB243BD3F147B3","True"
"projects/01-task-basics/course/03_FreeRTOS_create_task/FreeRTOS/portable/RVDS/ARM7_LPC21xx/portASM.s","EEC6FD2E493EE97E8592C715AEC32C12EF8E5CEC861DEFCCCC6E30AE584FAFD6","EEC6FD2E493EE97E8592C715AEC32C12EF8E5CEC861DEFCCCC6E30AE584FAFD6","True"
"projects/01-task-basics/course/03_FreeRTOS_create_task/FreeRTOS/portable/RVDS/ARM7_LPC21xx/portmacro.h","7B796FC47E27A4AC381510536369605571DB0ECDD36BA9DBDB7AB4C02FC81C92","7B796FC47E27A4AC381510536369605571DB0ECDD36BA9DBDB7AB4C02FC81C92","True"
"projects/01-task-basics/course/03_FreeRTOS_create_task/FreeRTOS/queue.c","5CDF4FA35FE059446EFFFF5BF20DEAF83DDFFB08921BC198FDA106B1D17DD894","5CDF4FA35FE059446EFFFF5BF20DEAF83DDFFB08921BC198FDA106B1D17DD894","True"
"projects/01-task-basics/course/03_FreeRTOS_create_task/FreeRTOS/stream_buffer.c","86D948694C723B814C9606A6C804EA7C1BD30B3DA518D1D6A83B81F972E3A152","86D948694C723B814C9606A6C804EA7C1BD30B3DA518D1D6A83B81F972E3A152","True"
"projects/01-task-basics/course/03_FreeRTOS_create_task/FreeRTOS/tasks.c","14020D617B96DD2814E1211F6E3B645BCF5E2BD3179C23FE7DD16BC666FE9463","14020D617B96DD2814E1211F6E3B645BCF5E2BD3179C23FE7DD16BC666FE9463","True"
"projects/01-task-basics/course/03_FreeRTOS_create_task/FreeRTOS/timers.c","24962EF361F396AAA5E6E33776EEEDDAF2FB251C87B6FE50602ACC56C537B093","24962EF361F396AAA5E6E33776EEEDDAF2FB251C87B6FE50602ACC56C537B093","True"
"projects/01-task-basics/course/03_FreeRTOS_create_task/Hardware/bsp_buzzer.c","DB132610BB9FD25BB3606FEE7C189AD01FB3F68FEF38D105A74C0609C66B5CEE","DB132610BB9FD25BB3606FEE7C189AD01FB3F68FEF38D105A74C0609C66B5CEE","True"
"projects/01-task-basics/course/03_FreeRTOS_create_task/Hardware/bsp_buzzer.h","A849E5A19D17A5DED0E7438846AFA0D5E3636544ABFC356B361024CA882EC6C5","A849E5A19D17A5DED0E7438846AFA0D5E3636544ABFC356B361024CA882EC6C5","True"
"projects/01-task-basics/course/03_FreeRTOS_create_task/Hardware/bsp_buzzer2.c","D4F400CA00C8ACE082181E1D587A2B1CE7CC29C870BCA80C8A920BF78710B2C1","D4F400CA00C8ACE082181E1D587A2B1CE7CC29C870BCA80C8A920BF78710B2C1","True"
"projects/01-task-basics/course/03_FreeRTOS_create_task/Hardware/bsp_buzzer2.h","A849E5A19D17A5DED0E7438846AFA0D5E3636544ABFC356B361024CA882EC6C5","A849E5A19D17A5DED0E7438846AFA0D5E3636544ABFC356B361024CA882EC6C5","True"
"projects/01-task-basics/course/03_FreeRTOS_create_task/Library/EXTI_config.h","0FD94A8DF148AC6618D5CAA1F2788003CE63E2B27E13A31000428E29D095542B","0FD94A8DF148AC6618D5CAA1F2788003CE63E2B27E13A31000428E29D095542B","True"
"projects/01-task-basics/course/03_FreeRTOS_create_task/Library/EXTI.c","528D0B3C2AC1F1661095497895FDB15FF878723CF351D28F3D3EE13F79DF8AE2","528D0B3C2AC1F1661095497895FDB15FF878723CF351D28F3D3EE13F79DF8AE2","True"
"projects/01-task-basics/course/03_FreeRTOS_create_task/Library/EXTI.h","63711925072BE76CE24B295341905A97BDD73234E1EFB33A28A0CEC82E3CD6C2","63711925072BE76CE24B295341905A97BDD73234E1EFB33A28A0CEC82E3CD6C2","True"
"projects/01-task-basics/course/03_FreeRTOS_create_task/Library/I2C0.c","1902450E399F26AB11BABACB640C9C56389B2188FF852E3E6A58D60E16AF528E","1902450E399F26AB11BABACB640C9C56389B2188FF852E3E6A58D60E16AF528E","True"
"projects/01-task-basics/course/03_FreeRTOS_create_task/Library/I2C0.h","E30F8BA27DF76E3682B8D0325EB2B9DAAF13A20CFF0E1FC59A4625625996AF42","E30F8BA27DF76E3682B8D0325EB2B9DAAF13A20CFF0E1FC59A4625625996AF42","True"
"projects/01-task-basics/course/03_FreeRTOS_create_task/Library/TIMER_config.h","BD74AB72F9068615F9AB44169B11F6EF25CD9BC3D4CD0E27A95BE4AE24608766","BD74AB72F9068615F9AB44169B11F6EF25CD9BC3D4CD0E27A95BE4AE24608766","True"
"projects/01-task-basics/course/03_FreeRTOS_create_task/Library/TIMER.c","68A9D9BBDB446C51E0C577B7E7969E8F3513AF7E4736C10BC6D579FBF5661435","68A9D9BBDB446C51E0C577B7E7969E8F3513AF7E4736C10BC6D579FBF5661435","True"
"projects/01-task-basics/course/03_FreeRTOS_create_task/Library/TIMER.h","51A72D9863C245195AD3CD40ADDB0D573930D5AB540B30D3D971AD2AF6B2E80E","51A72D9863C245195AD3CD40ADDB0D573930D5AB540B30D3D971AD2AF6B2E80E","True"
"projects/01-task-basics/course/03_FreeRTOS_create_task/Library/USART_config.h","73E72408B41955E419784B2A24B0FBD8AD81A334AA38EB9DB60A7DDAE97AD633","73E72408B41955E419784B2A24B0FBD8AD81A334AA38EB9DB60A7DDAE97AD633","True"
"projects/01-task-basics/course/03_FreeRTOS_create_task/Library/USART0.c","325E153A7388566303CC9DA901A87ED2A3D158D0238FA4A36A20EB17B1067606","325E153A7388566303CC9DA901A87ED2A3D158D0238FA4A36A20EB17B1067606","True"
"projects/01-task-basics/course/03_FreeRTOS_create_task/Library/USART0.h","6016FD90E22446BB90BE0996EA5EE6493AB9CDF6E7F71024ED583F05C4860399","6016FD90E22446BB90BE0996EA5EE6493AB9CDF6E7F71024ED583F05C4860399","True"
"projects/01-task-basics/course/03_FreeRTOS_create_task/Project/GD32F407.uvprojx","DFA735BB80FB328EACB866BAD99B5B65EAB8BB5B336B19E663010896F5E83D17","DFA735BB80FB328EACB866BAD99B5B65EAB8BB5B336B19E663010896F5E83D17","True"
"projects/01-task-basics/course/03_FreeRTOS_create_task/Project/Target 1_alog.txt","A7033CE63F5AAB2D9190784C78598EAAD12FE35532FEAC15619E3B7F0D31F66F","A7033CE63F5AAB2D9190784C78598EAAD12FE35532FEAC15619E3B7F0D31F66F","True"
"projects/01-task-basics/course/03_FreeRTOS_create_task/Project/Target 1_analysis.xlsx","5643329840C948E2B85AD00535F66AAD0E5E9EEB4E2D21221EBAFC618975E3F6","5643329840C948E2B85AD00535F66AAD0E5E9EEB4E2D21221EBAFC618975E3F6","True"
"projects/01-task-basics/course/03_FreeRTOS_create_task/Project/Target 1_sort_by_flash.csv","F4EEB96333065D0ECA40C7CB78110862BA1CBA46BC808907B36E7671C9461D6C","F4EEB96333065D0ECA40C7CB78110862BA1CBA46BC808907B36E7671C9461D6C","True"
"projects/01-task-basics/course/03_FreeRTOS_create_task/Project/Target 1_sort_by_ram.csv","9A09CBA0BD6E60379206A9B2C01FDCB6039AF1CD51EE6FDA7E3AF451D00671C3","9A09CBA0BD6E60379206A9B2C01FDCB6039AF1CD51EE6FDA7E3AF451D00671C3","True"
"projects/01-task-basics/course/03_FreeRTOS_create_task/README.md","E3B0C44298FC1C149AFBF4C8996FB92427AE41E4649B934CA495991B7852B855","E3B0C44298FC1C149AFBF4C8996FB92427AE41E4649B934CA495991B7852B855","True"
"projects/01-task-basics/course/03_FreeRTOS_create_task/User/gd32f4xx_it.c","4AF8D0E30992B84018E763B4465FAF58DB22B108F3E64F997CE229AE1243FBFC","4AF8D0E30992B84018E763B4465FAF58DB22B108F3E64F997CE229AE1243FBFC","True"
"projects/01-task-basics/course/03_FreeRTOS_create_task/User/gd32f4xx_it.h","B4995762AE5CEB7125CC9720CEA7E2BAD8640C23B87ED1856D9B8A380A5FC8C3","B4995762AE5CEB7125CC9720CEA7E2BAD8640C23B87ED1856D9B8A380A5FC8C3","True"
"projects/01-task-basics/course/03_FreeRTOS_create_task/User/gd32f4xx_libopt.h","702C6D85987BCDDDD363A8412C5806255F6C746065DA984EB21896C5DDD6BF09","702C6D85987BCDDDD363A8412C5806255F6C746065DA984EB21896C5DDD6BF09","True"
"projects/01-task-basics/course/03_FreeRTOS_create_task/User/main.c","E1A487C3ACDD2BF5C82D8AEA1AFD0C305E5DCD82F7E979B4E11DA3C355B7750D","E1A487C3ACDD2BF5C82D8AEA1AFD0C305E5DCD82F7E979B4E11DA3C355B7750D","True"
"projects/01-task-basics/course/03_FreeRTOS_create_task/User/main.h","32C273B119ABF22DA51E2782C09853A1545B1DF1364A13EFFA2B465379E1A53C","32C273B119ABF22DA51E2782C09853A1545B1DF1364A13EFFA2B465379E1A53C","True"
"projects/01-task-basics/course/03_FreeRTOS_create_task/User/readme.txt","A45BD1E14D470B46BE2D57C9D35147E41204556CC4BB4E25EA3C7B6B424A0B7C","A45BD1E14D470B46BE2D57C9D35147E41204556CC4BB4E25EA3C7B6B424A0B7C","True"
"projects/01-task-basics/course/03_FreeRTOS_create_task/User/systick.c","8D524363D38E222D3E8A2281F06972493AE62F379A138637B65419C59E06CBD2","8D524363D38E222D3E8A2281F06972493AE62F379A138637B65419C59E06CBD2","True"
"projects/01-task-basics/course/03_FreeRTOS_create_task/User/systick.h","E74F1981340E6162CCE52F39F73009B1570EFB7F024410652F494E77997DA025","E74F1981340E6162CCE52F39F73009B1570EFB7F024410652F494E77997DA025","True"
"projects/01-task-basics/course/04_FreeRTOS_create_task_static/Doc/readme.txt","E3B0C44298FC1C149AFBF4C8996FB92427AE41E4649B934CA495991B7852B855","E3B0C44298FC1C149AFBF4C8996FB92427AE41E4649B934CA495991B7852B855","True"
"projects/01-task-basics/course/04_FreeRTOS_create_task_static/Firmware/CMSIS/core_cm4_simd.h","0C2A0C2D66C7791B82CA19D10336C96518830EF359F6BFD9DA7477BC2CBCCBBB","0C2A0C2D66C7791B82CA19D10336C96518830EF359F6BFD9DA7477BC2CBCCBBB","True"
"projects/01-task-basics/course/04_FreeRTOS_create_task_static/Firmware/CMSIS/core_cm4.h","4756546E1449D17B1A7DEE2F3307F2C92C9F1D669C3F5DFC3EE1DEC8AEE9A8F7","4756546E1449D17B1A7DEE2F3307F2C92C9F1D669C3F5DFC3EE1DEC8AEE9A8F7","True"
"projects/01-task-basics/course/04_FreeRTOS_create_task_static/Firmware/CMSIS/core_cmFunc.h","5075FF67C8E264B83D9B391C07C6512E26ABBC189E321DE0D8B4375476980E5E","5075FF67C8E264B83D9B391C07C6512E26ABBC189E321DE0D8B4375476980E5E","True"
"projects/01-task-basics/course/04_FreeRTOS_create_task_static/Firmware/CMSIS/core_cmInstr.h","C35DDCA16CA04646DC70ACF2D592AD9EAEAAECD8125A32ABB710069648266EB5","C35DDCA16CA04646DC70ACF2D592AD9EAEAAECD8125A32ABB710069648266EB5","True"
"projects/01-task-basics/course/04_FreeRTOS_create_task_static/Firmware/CMSIS/GD/GD32F4xx/Include/gd32f4xx.h","96F1F6884C9885D32DF760A385CA0B5E8E9B20C066F71B946771A00503623A62","96F1F6884C9885D32DF760A385CA0B5E8E9B20C066F71B946771A00503623A62","True"
"projects/01-task-basics/course/04_FreeRTOS_create_task_static/Firmware/CMSIS/GD/GD32F4xx/Include/system_gd32f4xx.h","98EF2DD6DD7F6D2542C4D5CA83E9869BE3630B43300CB9AB453703E4277913BD","98EF2DD6DD7F6D2542C4D5CA83E9869BE3630B43300CB9AB453703E4277913BD","True"
"projects/01-task-basics/course/04_FreeRTOS_create_task_static/Firmware/CMSIS/GD/GD32F4xx/Source/ARM/startup_gd32f405_425.s","AEF6290F6950C0B7FB922FD12B91B3FC34ADA707A6846AA5D7A1277FDD50FBD9","AEF6290F6950C0B7FB922FD12B91B3FC34ADA707A6846AA5D7A1277FDD50FBD9","True"
"projects/01-task-basics/course/04_FreeRTOS_create_task_static/Firmware/CMSIS/GD/GD32F4xx/Source/ARM/startup_gd32f407_427.s","65127CC1FFC7BB0C6E3AB3E1EF32C8F935D09EF4A83AC4914E089D40C39B8B5B","65127CC1FFC7BB0C6E3AB3E1EF32C8F935D09EF4A83AC4914E089D40C39B8B5B","True"
"projects/01-task-basics/course/04_FreeRTOS_create_task_static/Firmware/CMSIS/GD/GD32F4xx/Source/ARM/startup_gd32f450_470.s","A4E9852BA47AAD025DE9645D067FAB33DDA87B8E82DEA6D77B3364F902345299","A4E9852BA47AAD025DE9645D067FAB33DDA87B8E82DEA6D77B3364F902345299","True"
"projects/01-task-basics/course/04_FreeRTOS_create_task_static/Firmware/CMSIS/GD/GD32F4xx/Source/IAR/startup_gd32f405_425.s","70E76C6AD0182A5682773261E308008BC1102C09839605A0E058851173026836","70E76C6AD0182A5682773261E308008BC1102C09839605A0E058851173026836","True"
"projects/01-task-basics/course/04_FreeRTOS_create_task_static/Firmware/CMSIS/GD/GD32F4xx/Source/IAR/startup_gd32f407_427.s","550D6CA54DE7F8FCB2791AAF9141666BA15978C55017FA6798BF0CA80A2864C6","550D6CA54DE7F8FCB2791AAF9141666BA15978C55017FA6798BF0CA80A2864C6","True"
"projects/01-task-basics/course/04_FreeRTOS_create_task_static/Firmware/CMSIS/GD/GD32F4xx/Source/IAR/startup_gd32f450_470.s","EE6654F1D551C6937D014FE943342B0395A32076E5AC8DD688C600EACB9BD343","EE6654F1D551C6937D014FE943342B0395A32076E5AC8DD688C600EACB9BD343","True"
"projects/01-task-basics/course/04_FreeRTOS_create_task_static/Firmware/CMSIS/GD/GD32F4xx/Source/system_gd32f4xx.c","8F66A123756716CF74297A7B54EEC616F230CBBC37DFB60F21BF05D1BC070836","8F66A123756716CF74297A7B54EEC616F230CBBC37DFB60F21BF05D1BC070836","True"
"projects/01-task-basics/course/04_FreeRTOS_create_task_static/Firmware/GD32F4xx_standard_peripheral/Include/gd32f4xx_adc.h","D6B41E007F1EE95E5FA1B495F94924F7E6166439FBF3E9234A26B5FA6C32F1DE","D6B41E007F1EE95E5FA1B495F94924F7E6166439FBF3E9234A26B5FA6C32F1DE","True"
"projects/01-task-basics/course/04_FreeRTOS_create_task_static/Firmware/GD32F4xx_standard_peripheral/Include/gd32f4xx_can.h","62A96066D7B8A1CEF45AB4092FCE5058B962050EB1C9E4B3585F0E19B9F30578","62A96066D7B8A1CEF45AB4092FCE5058B962050EB1C9E4B3585F0E19B9F30578","True"
"projects/01-task-basics/course/04_FreeRTOS_create_task_static/Firmware/GD32F4xx_standard_peripheral/Include/gd32f4xx_crc.h","4870F145AEEC968F3A7A0A5068105591E1ADEB9A37A5E47FDCC9D27D7D3AFBD6","4870F145AEEC968F3A7A0A5068105591E1ADEB9A37A5E47FDCC9D27D7D3AFBD6","True"
"projects/01-task-basics/course/04_FreeRTOS_create_task_static/Firmware/GD32F4xx_standard_peripheral/Include/gd32f4xx_ctc.h","900AB7D5F9C585834166A58966C8D523FF91D410066D00BBED3E6522C25782D7","900AB7D5F9C585834166A58966C8D523FF91D410066D00BBED3E6522C25782D7","True"
"projects/01-task-basics/course/04_FreeRTOS_create_task_static/Firmware/GD32F4xx_standard_peripheral/Include/gd32f4xx_dac.h","86057CC0C52A32F955A12F47ABA1E4997AC2DABA13B10A686D8777579F638AFB","86057CC0C52A32F955A12F47ABA1E4997AC2DABA13B10A686D8777579F638AFB","True"
"projects/01-task-basics/course/04_FreeRTOS_create_task_static/Firmware/GD32F4xx_standard_peripheral/Include/gd32f4xx_dbg.h","21A089B5880F1D101116BD37EAAC7A085A103901A40900E75941130D901B150E","21A089B5880F1D101116BD37EAAC7A085A103901A40900E75941130D901B150E","True"
"projects/01-task-basics/course/04_FreeRTOS_create_task_static/Firmware/GD32F4xx_standard_peripheral/Include/gd32f4xx_dci.h","787F449F0B2EBA5BBCC92B0D50899FA668CEA6ED9CCAB3960EBA0B2253CC7748","787F449F0B2EBA5BBCC92B0D50899FA668CEA6ED9CCAB3960EBA0B2253CC7748","True"
"projects/01-task-basics/course/04_FreeRTOS_create_task_static/Firmware/GD32F4xx_standard_peripheral/Include/gd32f4xx_dma.h","F358957EBF98C4C449480A088E349CDAC2716394C24FA4111DE08B06FCDC5094","F358957EBF98C4C449480A088E349CDAC2716394C24FA4111DE08B06FCDC5094","True"
"projects/01-task-basics/course/04_FreeRTOS_create_task_static/Firmware/GD32F4xx_standard_peripheral/Include/gd32f4xx_enet.h","2BDBC2BE9B0E3BA398DEEAB38021442A2CFEEDFF21FC353CF3B16C717A2CDF9B","2BDBC2BE9B0E3BA398DEEAB38021442A2CFEEDFF21FC353CF3B16C717A2CDF9B","True"
"projects/01-task-basics/course/04_FreeRTOS_create_task_static/Firmware/GD32F4xx_standard_peripheral/Include/gd32f4xx_exmc.h","68482B678DD868085A6BE6317EEC18873D43F895936E503487E843E561A0D55E","68482B678DD868085A6BE6317EEC18873D43F895936E503487E843E561A0D55E","True"
"projects/01-task-basics/course/04_FreeRTOS_create_task_static/Firmware/GD32F4xx_standard_peripheral/Include/gd32f4xx_exti.h","705948F029F63A5995D9849A60E417D6210ECE34C8E942C76A2D4E7A2B927426","705948F029F63A5995D9849A60E417D6210ECE34C8E942C76A2D4E7A2B927426","True"
"projects/01-task-basics/course/04_FreeRTOS_create_task_static/Firmware/GD32F4xx_standard_peripheral/Include/gd32f4xx_fmc.h","5A5D9F0B1CE1E7486206130F80048F81A6D3E9E6337BF0A4C69D4A1D5EDC9F7E","5A5D9F0B1CE1E7486206130F80048F81A6D3E9E6337BF0A4C69D4A1D5EDC9F7E","True"
"projects/01-task-basics/course/04_FreeRTOS_create_task_static/Firmware/GD32F4xx_standard_peripheral/Include/gd32f4xx_fwdgt.h","04CB4EE0D6526910CF9CA8BEFC437FC6DF3FDFE09FB0BC418AB7EA5C19611A50","04CB4EE0D6526910CF9CA8BEFC437FC6DF3FDFE09FB0BC418AB7EA5C19611A50","True"
"projects/01-task-basics/course/04_FreeRTOS_create_task_static/Firmware/GD32F4xx_standard_peripheral/Include/gd32f4xx_gpio.h","A20501A28644BF45B8E3C4AB2A7237466805C1480B06E7D6C8585296D7F08787","A20501A28644BF45B8E3C4AB2A7237466805C1480B06E7D6C8585296D7F08787","True"
"projects/01-task-basics/course/04_FreeRTOS_create_task_static/Firmware/GD32F4xx_standard_peripheral/Include/gd32f4xx_i2c.h","6CF4053E2452263CDFCB98DA0832CE1F2F1B0380C1BEA5D4284C1DF0D5CBBB05","6CF4053E2452263CDFCB98DA0832CE1F2F1B0380C1BEA5D4284C1DF0D5CBBB05","True"
"projects/01-task-basics/course/04_FreeRTOS_create_task_static/Firmware/GD32F4xx_standard_peripheral/Include/gd32f4xx_ipa.h","1AD22068402E09BAE4117E637ED972FCD7452751CCBE01C7829AEA7DF45AE8AE","1AD22068402E09BAE4117E637ED972FCD7452751CCBE01C7829AEA7DF45AE8AE","True"
"projects/01-task-basics/course/04_FreeRTOS_create_task_static/Firmware/GD32F4xx_standard_peripheral/Include/gd32f4xx_iref.h","D9D1E67FD4473F44B2F7E22BB78C3DFA9B5109D083AF1B0FDC63EC657B241C4A","D9D1E67FD4473F44B2F7E22BB78C3DFA9B5109D083AF1B0FDC63EC657B241C4A","True"
"projects/01-task-basics/course/04_FreeRTOS_create_task_static/Firmware/GD32F4xx_standard_peripheral/Include/gd32f4xx_misc.h","0A918F830F0200C0E806DFB50594259783E69D8ADBC27708705567F7193D35FB","0A918F830F0200C0E806DFB50594259783E69D8ADBC27708705567F7193D35FB","True"
"projects/01-task-basics/course/04_FreeRTOS_create_task_static/Firmware/GD32F4xx_standard_peripheral/Include/gd32f4xx_pmu.h","B9A72B6E42083EFD170C0C5FBE579C5D6417F9BBF674DB36041BE96FCBD84636","B9A72B6E42083EFD170C0C5FBE579C5D6417F9BBF674DB36041BE96FCBD84636","True"
"projects/01-task-basics/course/04_FreeRTOS_create_task_static/Firmware/GD32F4xx_standard_peripheral/Include/gd32f4xx_rcu.h","AC2B2AE653EDC89E674EDA24E1CFE8B511B73984AE0CABED3DF60BA61F8EEF08","AC2B2AE653EDC89E674EDA24E1CFE8B511B73984AE0CABED3DF60BA61F8EEF08","True"
"projects/01-task-basics/course/04_FreeRTOS_create_task_static/Firmware/GD32F4xx_standard_peripheral/Include/gd32f4xx_rtc.h","1798B1B495683096D4491CF0F854957D2AD60612F65A801ED0E7A4BEE49FA549","1798B1B495683096D4491CF0F854957D2AD60612F65A801ED0E7A4BEE49FA549","True"
"projects/01-task-basics/course/04_FreeRTOS_create_task_static/Firmware/GD32F4xx_standard_peripheral/Include/gd32f4xx_sdio.h","8D6813EFC565E3085611D767EA4E670E0C76A256C6F17FC93F313BCB11D0385A","8D6813EFC565E3085611D767EA4E670E0C76A256C6F17FC93F313BCB11D0385A","True"
"projects/01-task-basics/course/04_FreeRTOS_create_task_static/Firmware/GD32F4xx_standard_peripheral/Include/gd32f4xx_spi.h","4C6360C8FE58D4A38E4870BCBA17630857551D3EC7B4BD3DDEB5085C31240B1C","4C6360C8FE58D4A38E4870BCBA17630857551D3EC7B4BD3DDEB5085C31240B1C","True"
"projects/01-task-basics/course/04_FreeRTOS_create_task_static/Firmware/GD32F4xx_standard_peripheral/Include/gd32f4xx_syscfg.h","5060FEF0A07A3FC1396A31F09F95FE1D134F8A1FB1581E3DD98BB6078108C447","5060FEF0A07A3FC1396A31F09F95FE1D134F8A1FB1581E3DD98BB6078108C447","True"
"projects/01-task-basics/course/04_FreeRTOS_create_task_static/Firmware/GD32F4xx_standard_peripheral/Include/gd32f4xx_timer.h","7A79F81F1D862A1B49F23BFE05B1AC751A71E761B6E63C2DFFABE6C7BC69AC49","7A79F81F1D862A1B49F23BFE05B1AC751A71E761B6E63C2DFFABE6C7BC69AC49","True"
"projects/01-task-basics/course/04_FreeRTOS_create_task_static/Firmware/GD32F4xx_standard_peripheral/Include/gd32f4xx_tli.h","1B94EA157AC8CE2FED962B0C4FF95B6702C6194300AA51B04C3AAFE493768D2A","1B94EA157AC8CE2FED962B0C4FF95B6702C6194300AA51B04C3AAFE493768D2A","True"
"projects/01-task-basics/course/04_FreeRTOS_create_task_static/Firmware/GD32F4xx_standard_peripheral/Include/gd32f4xx_trng.h","91E2BB5AFFEFA65F90927FAD795FAA0F4204516284ECA38E461506F0CD9CA924","91E2BB5AFFEFA65F90927FAD795FAA0F4204516284ECA38E461506F0CD9CA924","True"
"projects/01-task-basics/course/04_FreeRTOS_create_task_static/Firmware/GD32F4xx_standard_peripheral/Include/gd32f4xx_usart.h","6CF40E957A1216C99E3663D667DE1944C42272897011834BF20ADCD97E791074","6CF40E957A1216C99E3663D667DE1944C42272897011834BF20ADCD97E791074","True"
"projects/01-task-basics/course/04_FreeRTOS_create_task_static/Firmware/GD32F4xx_standard_peripheral/Include/gd32f4xx_wwdgt.h","01EECFC98B4507AEB8F0AFBE7D994EA0A617A79E5D4EB2D1D4A85979BA014EFE","01EECFC98B4507AEB8F0AFBE7D994EA0A617A79E5D4EB2D1D4A85979BA014EFE","True"
"projects/01-task-basics/course/04_FreeRTOS_create_task_static/Firmware/GD32F4xx_standard_peripheral/Source/gd32f4xx_adc.c","8A5C91EC7A397B53EFD086646674D273ECE00F36C9610AB50715FE1521BA4112","8A5C91EC7A397B53EFD086646674D273ECE00F36C9610AB50715FE1521BA4112","True"
"projects/01-task-basics/course/04_FreeRTOS_create_task_static/Firmware/GD32F4xx_standard_peripheral/Source/gd32f4xx_can.c","CE0E343B00856972EABACCC1F4D88C051796A8D1E30C4596312FC29A533DB8BA","CE0E343B00856972EABACCC1F4D88C051796A8D1E30C4596312FC29A533DB8BA","True"
"projects/01-task-basics/course/04_FreeRTOS_create_task_static/Firmware/GD32F4xx_standard_peripheral/Source/gd32f4xx_crc.c","C14034159E72E082AA70E2A8CBA60FFCF950B63D75AE467706632F32EC00F315","C14034159E72E082AA70E2A8CBA60FFCF950B63D75AE467706632F32EC00F315","True"
"projects/01-task-basics/course/04_FreeRTOS_create_task_static/Firmware/GD32F4xx_standard_peripheral/Source/gd32f4xx_ctc.c","07F4A6385C6FFB2E18ECF95DAAE6A431FB91262FA988835A249A64F4002280A1","07F4A6385C6FFB2E18ECF95DAAE6A431FB91262FA988835A249A64F4002280A1","True"
"projects/01-task-basics/course/04_FreeRTOS_create_task_static/Firmware/GD32F4xx_standard_peripheral/Source/gd32f4xx_dac.c","ACE5C99F1E2774D955CA4E4D5D6E81B2D831F718098487EA3E8C2C34C960E160","ACE5C99F1E2774D955CA4E4D5D6E81B2D831F718098487EA3E8C2C34C960E160","True"
"projects/01-task-basics/course/04_FreeRTOS_create_task_static/Firmware/GD32F4xx_standard_peripheral/Source/gd32f4xx_dbg.c","6EEC659FD6B5C549226BAE8E9C9C78785B064D557434189BB221287D550FE291","6EEC659FD6B5C549226BAE8E9C9C78785B064D557434189BB221287D550FE291","True"
"projects/01-task-basics/course/04_FreeRTOS_create_task_static/Firmware/GD32F4xx_standard_peripheral/Source/gd32f4xx_dci.c","B99613D9A21A02DD39117F30B9A488B859209AB3489DCFDE7361D147CDF76516","B99613D9A21A02DD39117F30B9A488B859209AB3489DCFDE7361D147CDF76516","True"
"projects/01-task-basics/course/04_FreeRTOS_create_task_static/Firmware/GD32F4xx_standard_peripheral/Source/gd32f4xx_dma.c","2D943A169ABABCC22CBC6C41665F5CE375C30B63005954E1D34BB3218CB63FAF","2D943A169ABABCC22CBC6C41665F5CE375C30B63005954E1D34BB3218CB63FAF","True"
"projects/01-task-basics/course/04_FreeRTOS_create_task_static/Firmware/GD32F4xx_standard_peripheral/Source/gd32f4xx_enet.c","3051E8737C463D23D07B9C9AD937BC7C488BB573738B2313982870DAA670E87E","3051E8737C463D23D07B9C9AD937BC7C488BB573738B2313982870DAA670E87E","True"
"projects/01-task-basics/course/04_FreeRTOS_create_task_static/Firmware/GD32F4xx_standard_peripheral/Source/gd32f4xx_exmc.c","E4A79B377C89D9EB8BD5BE101E273AD5EFBA0C2A24FB4621AB7BC124BEEEAEBF","E4A79B377C89D9EB8BD5BE101E273AD5EFBA0C2A24FB4621AB7BC124BEEEAEBF","True"
"projects/01-task-basics/course/04_FreeRTOS_create_task_static/Firmware/GD32F4xx_standard_peripheral/Source/gd32f4xx_exti.c","FCE4A7ECA93486D71A9E5758642F2282AE7F8805DBB559312837A0B17577FE58","FCE4A7ECA93486D71A9E5758642F2282AE7F8805DBB559312837A0B17577FE58","True"
"projects/01-task-basics/course/04_FreeRTOS_create_task_static/Firmware/GD32F4xx_standard_peripheral/Source/gd32f4xx_fmc.c","15408829D2405432FC8ED73D5D8C6BBB1E6C74540F1B817983BABD62E22CAB16","15408829D2405432FC8ED73D5D8C6BBB1E6C74540F1B817983BABD62E22CAB16","True"
"projects/01-task-basics/course/04_FreeRTOS_create_task_static/Firmware/GD32F4xx_standard_peripheral/Source/gd32f4xx_fwdgt.c","05B67D15069CED6F0472E4115ECD16064402E0D6220561499000025A8CD189B7","05B67D15069CED6F0472E4115ECD16064402E0D6220561499000025A8CD189B7","True"
"projects/01-task-basics/course/04_FreeRTOS_create_task_static/Firmware/GD32F4xx_standard_peripheral/Source/gd32f4xx_gpio.c","262BEFE864D5DA3BADA64D0B3DAB29E5C2747E46B154EDE8BCAB0B788DB614E0","262BEFE864D5DA3BADA64D0B3DAB29E5C2747E46B154EDE8BCAB0B788DB614E0","True"
"projects/01-task-basics/course/04_FreeRTOS_create_task_static/Firmware/GD32F4xx_standard_peripheral/Source/gd32f4xx_i2c.c","8EDFAF1A8F0BF2833923D0072FE1B9D0467382B3EC1D243E918D0DE9711CCCD2","8EDFAF1A8F0BF2833923D0072FE1B9D0467382B3EC1D243E918D0DE9711CCCD2","True"
"projects/01-task-basics/course/04_FreeRTOS_create_task_static/Firmware/GD32F4xx_standard_peripheral/Source/gd32f4xx_ipa.c","38A8350304763C1C83B4D2341F6782B090CA09ABE541AC360089B5CB454BCF57","38A8350304763C1C83B4D2341F6782B090CA09ABE541AC360089B5CB454BCF57","True"
"projects/01-task-basics/course/04_FreeRTOS_create_task_static/Firmware/GD32F4xx_standard_peripheral/Source/gd32f4xx_iref.c","24F2FCFCD20882FD3E65773A281A827BF5391A0A8054324EEF7C98BB3F2B9B80","24F2FCFCD20882FD3E65773A281A827BF5391A0A8054324EEF7C98BB3F2B9B80","True"
"projects/01-task-basics/course/04_FreeRTOS_create_task_static/Firmware/GD32F4xx_standard_peripheral/Source/gd32f4xx_misc.c","1CD262F295155428C25DEDC69BFBAB99F7A99DE09E0B602ECA1F2C6017CFE2DA","1CD262F295155428C25DEDC69BFBAB99F7A99DE09E0B602ECA1F2C6017CFE2DA","True"
"projects/01-task-basics/course/04_FreeRTOS_create_task_static/Firmware/GD32F4xx_standard_peripheral/Source/gd32f4xx_pmu.c","DAFA94838A55132E3313234C5AC2BE6172116DC26574347363D554EFFB186D79","DAFA94838A55132E3313234C5AC2BE6172116DC26574347363D554EFFB186D79","True"
"projects/01-task-basics/course/04_FreeRTOS_create_task_static/Firmware/GD32F4xx_standard_peripheral/Source/gd32f4xx_rcu.c","6C1030EB58EC7CB9C41E2A1FF31DDEF87F70DD083222327978234004C4E95B98","6C1030EB58EC7CB9C41E2A1FF31DDEF87F70DD083222327978234004C4E95B98","True"
"projects/01-task-basics/course/04_FreeRTOS_create_task_static/Firmware/GD32F4xx_standard_peripheral/Source/gd32f4xx_rtc.c","EEA5BCB92C88A7BAB9F3740F8E9408236412A546B03A5467F21B0F94A01183E7","EEA5BCB92C88A7BAB9F3740F8E9408236412A546B03A5467F21B0F94A01183E7","True"
"projects/01-task-basics/course/04_FreeRTOS_create_task_static/Firmware/GD32F4xx_standard_peripheral/Source/gd32f4xx_sdio.c","9D8F3E488C74C44A30C4D0BBB9CD8D86555D898CA9C36F259CE57609959B9854","9D8F3E488C74C44A30C4D0BBB9CD8D86555D898CA9C36F259CE57609959B9854","True"
"projects/01-task-basics/course/04_FreeRTOS_create_task_static/Firmware/GD32F4xx_standard_peripheral/Source/gd32f4xx_spi.c","CE06438E9AD5882A0FCA88DFE658DD925ED3320BA574C2797E2F93ACF6142459","CE06438E9AD5882A0FCA88DFE658DD925ED3320BA574C2797E2F93ACF6142459","True"
"projects/01-task-basics/course/04_FreeRTOS_create_task_static/Firmware/GD32F4xx_standard_peripheral/Source/gd32f4xx_syscfg.c","51A7A5E70F3064424CC6E2F6A06942B47ADAAC8C36A6612EE08B1643557B3CA3","51A7A5E70F3064424CC6E2F6A06942B47ADAAC8C36A6612EE08B1643557B3CA3","True"
"projects/01-task-basics/course/04_FreeRTOS_create_task_static/Firmware/GD32F4xx_standard_peripheral/Source/gd32f4xx_timer.c","3961465CF6BA39554E34C02183C50676A4AB9B3991A6AAD32D271754B2506B14","3961465CF6BA39554E34C02183C50676A4AB9B3991A6AAD32D271754B2506B14","True"
"projects/01-task-basics/course/04_FreeRTOS_create_task_static/Firmware/GD32F4xx_standard_peripheral/Source/gd32f4xx_tli.c","881A02E692AFD4A0B6848A929B0B8C79148911AD7543CF611287C45E82372541","881A02E692AFD4A0B6848A929B0B8C79148911AD7543CF611287C45E82372541","True"
"projects/01-task-basics/course/04_FreeRTOS_create_task_static/Firmware/GD32F4xx_standard_peripheral/Source/gd32f4xx_trng.c","BA9093D046A01C997AA54D2DE9F663E8AF32FB9E53C950CFC640F1033FCD6C53","BA9093D046A01C997AA54D2DE9F663E8AF32FB9E53C950CFC640F1033FCD6C53","True"
"projects/01-task-basics/course/04_FreeRTOS_create_task_static/Firmware/GD32F4xx_standard_peripheral/Source/gd32f4xx_usart.c","F67FA54D9C9537317BE92D95FD880A394D9ABE98DF708E5AA821FBFA392AE9B0","F67FA54D9C9537317BE92D95FD880A394D9ABE98DF708E5AA821FBFA392AE9B0","True"
"projects/01-task-basics/course/04_FreeRTOS_create_task_static/Firmware/GD32F4xx_standard_peripheral/Source/gd32f4xx_wwdgt.c","0ED39DE6F0101E10DDCB476E6EF21C44D2282D4F689D0D0D70F9E04940E6F0FE","0ED39DE6F0101E10DDCB476E6EF21C44D2282D4F689D0D0D70F9E04940E6F0FE","True"
"projects/01-task-basics/course/04_FreeRTOS_create_task_static/Firmware/GD32F4xx_usb_library/device/class/audio/Include/audio_core.h","D4550583AD93FB3EED7D288FB84CA5E1B57269E088FB073E541A666B636FEC00","D4550583AD93FB3EED7D288FB84CA5E1B57269E088FB073E541A666B636FEC00","True"
"projects/01-task-basics/course/04_FreeRTOS_create_task_static/Firmware/GD32F4xx_usb_library/device/class/audio/Include/audio_out_itf.h","77FB54DEA6431AF26C1DE2B1CCFB8186FAC92519D817556FE6B31FDE7947310B","77FB54DEA6431AF26C1DE2B1CCFB8186FAC92519D817556FE6B31FDE7947310B","True"
"projects/01-task-basics/course/04_FreeRTOS_create_task_static/Firmware/GD32F4xx_usb_library/device/class/audio/Source/audio_core.c","E134ABAB42ADA7E2D9C6BAD56032F4358FBD37B82E3861496BFE8DC7B4263D32","E134ABAB42ADA7E2D9C6BAD56032F4358FBD37B82E3861496BFE8DC7B4263D32","True"
"projects/01-task-basics/course/04_FreeRTOS_create_task_static/Firmware/GD32F4xx_usb_library/device/class/audio/Source/audio_out_itf.c","33F0490E4B3CE2315D51257BB877A233BA7293BF83F1272113382989476B887B","33F0490E4B3CE2315D51257BB877A233BA7293BF83F1272113382989476B887B","True"
"projects/01-task-basics/course/04_FreeRTOS_create_task_static/Firmware/GD32F4xx_usb_library/device/class/cdc/Include/cdc_acm_core.h","58A53B46A222A4CA1B4F35901A48555A22FF6C8EF95DCB23E651A64512A0B8EC","58A53B46A222A4CA1B4F35901A48555A22FF6C8EF95DCB23E651A64512A0B8EC","True"
"projects/01-task-basics/course/04_FreeRTOS_create_task_static/Firmware/GD32F4xx_usb_library/device/class/cdc/Source/cdc_acm_core.c","92F6D272CB501A2E0E8020A5C7C3FDBF3F6267044A5F00C248A53BDC23867E71","92F6D272CB501A2E0E8020A5C7C3FDBF3F6267044A5F00C248A53BDC23867E71","True"
"projects/01-task-basics/course/04_FreeRTOS_create_task_static/Firmware/GD32F4xx_usb_library/device/class/dfu/Include/dfu_core.h","B074E46C11DFC3D6F057E7C91263A7894A8598F5AD27062A8F0C737739F0AC4B","B074E46C11DFC3D6F057E7C91263A7894A8598F5AD27062A8F0C737739F0AC4B","True"
"projects/01-task-basics/course/04_FreeRTOS_create_task_static/Firmware/GD32F4xx_usb_library/device/class/dfu/Include/dfu_mem.h","EE0FA900E1595041DB2524E57A7684A911AFEC27BD737544CB8ACC1A419B54F3","EE0FA900E1595041DB2524E57A7684A911AFEC27BD737544CB8ACC1A419B54F3","True"
"projects/01-task-basics/course/04_FreeRTOS_create_task_static/Firmware/GD32F4xx_usb_library/device/class/dfu/Source/dfu_core.c","EE0B61F48E523F816E1977AB5667701D4A30C9D7994809DAEC56A6C22B6B23F2","EE0B61F48E523F816E1977AB5667701D4A30C9D7994809DAEC56A6C22B6B23F2","True"
"projects/01-task-basics/course/04_FreeRTOS_create_task_static/Firmware/GD32F4xx_usb_library/device/class/dfu/Source/dfu_mem.c","1740852FD0411642AAD47BF10951D51DE5338CA02239C634C4A28211CC0B6BD5","1740852FD0411642AAD47BF10951D51DE5338CA02239C634C4A28211CC0B6BD5","True"
"projects/01-task-basics/course/04_FreeRTOS_create_task_static/Firmware/GD32F4xx_usb_library/device/class/hid/Include/custom_hid_core.h","3D8630539B539B75241B088BA5CB2BD6A6377EBE6A0C026E14E4D9F618149F3C","3D8630539B539B75241B088BA5CB2BD6A6377EBE6A0C026E14E4D9F618149F3C","True"
"projects/01-task-basics/course/04_FreeRTOS_create_task_static/Firmware/GD32F4xx_usb_library/device/class/hid/Include/standard_hid_core.h","B43958E8EF0BB4E5939D1B1279F2B4D25791ABD357C51504FB08C6BF5CDE5A55","B43958E8EF0BB4E5939D1B1279F2B4D25791ABD357C51504FB08C6BF5CDE5A55","True"
"projects/01-task-basics/course/04_FreeRTOS_create_task_static/Firmware/GD32F4xx_usb_library/device/class/hid/Source/custom_hid_core.c","E31D924422097B600884693E2CFB38C20E4215861DFC8BBDFF3058C9A9133668","E31D924422097B600884693E2CFB38C20E4215861DFC8BBDFF3058C9A9133668","True"
"projects/01-task-basics/course/04_FreeRTOS_create_task_static/Firmware/GD32F4xx_usb_library/device/class/hid/Source/standard_hid_core.c","976542C7FC8C038846C71E4C5E6755B3C9364C8C09425F671FA694F1F14889A1","976542C7FC8C038846C71E4C5E6755B3C9364C8C09425F671FA694F1F14889A1","True"
"projects/01-task-basics/course/04_FreeRTOS_create_task_static/Firmware/GD32F4xx_usb_library/device/class/iap/Include/usb_iap_core.h","0C5491567E7452BE4CDC0099BC8F6E5B6ACA7B9C273FDB95647264938337C163","0C5491567E7452BE4CDC0099BC8F6E5B6ACA7B9C273FDB95647264938337C163","True"
"projects/01-task-basics/course/04_FreeRTOS_create_task_static/Firmware/GD32F4xx_usb_library/device/class/iap/Source/usb_iap_core.c","B48D8EDB4882F57E2EE0B7CD17D94A4EA574BBFDB3EF72F35355FB7B8CBF374D","B48D8EDB4882F57E2EE0B7CD17D94A4EA574BBFDB3EF72F35355FB7B8CBF374D","True"
"projects/01-task-basics/course/04_FreeRTOS_create_task_static/Firmware/GD32F4xx_usb_library/device/class/msc/Include/usbd_msc_bbb.h","FCE4E4A9E17E3C7AD6EF23BF6284354B3C1E0BC79E2E3D8C51C00C7CBA88598F","FCE4E4A9E17E3C7AD6EF23BF6284354B3C1E0BC79E2E3D8C51C00C7CBA88598F","True"
"projects/01-task-basics/course/04_FreeRTOS_create_task_static/Firmware/GD32F4xx_usb_library/device/class/msc/Include/usbd_msc_core.h","1B56E50C7F78BD46CC86E131565DA5A3CA050901171A99D33526283996D0062C","1B56E50C7F78BD46CC86E131565DA5A3CA050901171A99D33526283996D0062C","True"
"projects/01-task-basics/course/04_FreeRTOS_create_task_static/Firmware/GD32F4xx_usb_library/device/class/msc/Include/usbd_msc_mem.h","4219910F0D5565CBF2CB7DE2191FFFAD41F01F9903EC160827C6F441FC9FE241","4219910F0D5565CBF2CB7DE2191FFFAD41F01F9903EC160827C6F441FC9FE241","True"
"projects/01-task-basics/course/04_FreeRTOS_create_task_static/Firmware/GD32F4xx_usb_library/device/class/msc/Include/usbd_msc_scsi.h","8A843A759A5D1013DB6524B1547453013DA00C202F03A7011B604C8E79F96A2D","8A843A759A5D1013DB6524B1547453013DA00C202F03A7011B604C8E79F96A2D","True"
"projects/01-task-basics/course/04_FreeRTOS_create_task_static/Firmware/GD32F4xx_usb_library/device/class/msc/Source/usbd_msc_bbb.c","D613ECDDAB72A03DE672E4669F2549F5CE93259C09819FCBD78DB49DBBEFA4A5","D613ECDDAB72A03DE672E4669F2549F5CE93259C09819FCBD78DB49DBBEFA4A5","True"
"projects/01-task-basics/course/04_FreeRTOS_create_task_static/Firmware/GD32F4xx_usb_library/device/class/msc/Source/usbd_msc_core.c","5C5983C2884B08AA4A480B29929E20A502741C56CEFD717E48A6FE5C807BBB5C","5C5983C2884B08AA4A480B29929E20A502741C56CEFD717E48A6FE5C807BBB5C","True"
"projects/01-task-basics/course/04_FreeRTOS_create_task_static/Firmware/GD32F4xx_usb_library/device/class/msc/Source/usbd_msc_scsi.c","062E1DF310C0FEED9372585E09D4A317F65B8E0E03BD70C14AA7418A99C5EFFD","062E1DF310C0FEED9372585E09D4A317F65B8E0E03BD70C14AA7418A99C5EFFD","True"
"projects/01-task-basics/course/04_FreeRTOS_create_task_static/Firmware/GD32F4xx_usb_library/device/class/printer/Include/printer_core.h","4231DAE7349CC3643150EC1E90A5CEFB4ADF23ADC0314E82EF001BDFCD7D7E8C","4231DAE7349CC3643150EC1E90A5CEFB4ADF23ADC0314E82EF001BDFCD7D7E8C","True"
"projects/01-task-basics/course/04_FreeRTOS_create_task_static/Firmware/GD32F4xx_usb_library/device/class/printer/Source/printer_core.c","93EB77FF7A45DA1424244E1FFA25755A259E43B815D00B14C319BEC17A079831","93EB77FF7A45DA1424244E1FFA25755A259E43B815D00B14C319BEC17A079831","True"
"projects/01-task-basics/course/04_FreeRTOS_create_task_static/Firmware/GD32F4xx_usb_library/device/core/Include/usbd_core.h","A205D78D7C4299519538D5057744916BCB5459EC963BFBD6AA42101197B15041","A205D78D7C4299519538D5057744916BCB5459EC963BFBD6AA42101197B15041","True"
"projects/01-task-basics/course/04_FreeRTOS_create_task_static/Firmware/GD32F4xx_usb_library/device/core/Include/usbd_enum.h","9DE97ED85BA71120379BF876FAF752FA7900784D1614C18D1E9ECEA6C7E2C897","9DE97ED85BA71120379BF876FAF752FA7900784D1614C18D1E9ECEA6C7E2C897","True"
"projects/01-task-basics/course/04_FreeRTOS_create_task_static/Firmware/GD32F4xx_usb_library/device/core/Include/usbd_transc.h","7598A18B6AA5696B7D15C3F8DA6F0F04C37BCA44D48C86FD5A7BD92850A17681","7598A18B6AA5696B7D15C3F8DA6F0F04C37BCA44D48C86FD5A7BD92850A17681","True"
"projects/01-task-basics/course/04_FreeRTOS_create_task_static/Firmware/GD32F4xx_usb_library/device/core/Source/usbd_core.c","74A04240E3912EF2D959396250678FF65E41A6D65E4C92CDDB7BABEBC646A12F","74A04240E3912EF2D959396250678FF65E41A6D65E4C92CDDB7BABEBC646A12F","True"
"projects/01-task-basics/course/04_FreeRTOS_create_task_static/Firmware/GD32F4xx_usb_library/device/core/Source/usbd_enum.c","07C9D4AF518D9659D3696A574638D2238413C849345915F347B1CE91C02A81EE","07C9D4AF518D9659D3696A574638D2238413C849345915F347B1CE91C02A81EE","True"
"projects/01-task-basics/course/04_FreeRTOS_create_task_static/Firmware/GD32F4xx_usb_library/device/core/Source/usbd_transc.c","CE5E569F4CBB0918250C03000276FD987E116E69F489EEC7B049B790A5A87F37","CE5E569F4CBB0918250C03000276FD987E116E69F489EEC7B049B790A5A87F37","True"
"projects/01-task-basics/course/04_FreeRTOS_create_task_static/Firmware/GD32F4xx_usb_library/driver/Include/drv_usb_core.h","D7957D291F199B35772CE89782B17558BCC73B935F66F80C5B7FBE16DDBA5875","D7957D291F199B35772CE89782B17558BCC73B935F66F80C5B7FBE16DDBA5875","True"
"projects/01-task-basics/course/04_FreeRTOS_create_task_static/Firmware/GD32F4xx_usb_library/driver/Include/drv_usb_dev.h","CAF5D56EBAFDBA9FC9F167418A1616E4291B112EDBF47A8654BD9A98F8C17B9A","CAF5D56EBAFDBA9FC9F167418A1616E4291B112EDBF47A8654BD9A98F8C17B9A","True"
"projects/01-task-basics/course/04_FreeRTOS_create_task_static/Firmware/GD32F4xx_usb_library/driver/Include/drv_usb_host.h","FB4056A260F60FDA977AB1139EBFCF00E53B5C3E697FDDA573B902A413BFFF14","FB4056A260F60FDA977AB1139EBFCF00E53B5C3E697FDDA573B902A413BFFF14","True"
"projects/01-task-basics/course/04_FreeRTOS_create_task_static/Firmware/GD32F4xx_usb_library/driver/Include/drv_usb_hw.h","81DBB2D76CD496106998EAA694DA78184988C9618E06CFE573E5D6B5FA1C1F20","81DBB2D76CD496106998EAA694DA78184988C9618E06CFE573E5D6B5FA1C1F20","True"
"projects/01-task-basics/course/04_FreeRTOS_create_task_static/Firmware/GD32F4xx_usb_library/driver/Include/drv_usb_regs.h","048A97F0FF66F557EE6A5E829F8AA0336D69E13E63151CF4D64092D0FF9606BA","048A97F0FF66F557EE6A5E829F8AA0336D69E13E63151CF4D64092D0FF9606BA","True"
"projects/01-task-basics/course/04_FreeRTOS_create_task_static/Firmware/GD32F4xx_usb_library/driver/Include/drv_usbd_int.h","3B71749A04450BBEC4838039BC3C6482EE1D7ECB509B97DA5151F362F918A8F4","3B71749A04450BBEC4838039BC3C6482EE1D7ECB509B97DA5151F362F918A8F4","True"
"projects/01-task-basics/course/04_FreeRTOS_create_task_static/Firmware/GD32F4xx_usb_library/driver/Include/drv_usbh_int.h","5268EE8F0ACCEE9C9E848AE421F3F1B83B8EFA72B8854F08A5756C16C3873997","5268EE8F0ACCEE9C9E848AE421F3F1B83B8EFA72B8854F08A5756C16C3873997","True"
"projects/01-task-basics/course/04_FreeRTOS_create_task_static/Firmware/GD32F4xx_usb_library/driver/Source/drv_usb_core.c","B90492A8404BCBDCBBA9D31D38AD75D2D85B6014CCACF6EEA77B23F69CF5F623","B90492A8404BCBDCBBA9D31D38AD75D2D85B6014CCACF6EEA77B23F69CF5F623","True"
"projects/01-task-basics/course/04_FreeRTOS_create_task_static/Firmware/GD32F4xx_usb_library/driver/Source/drv_usb_dev.c","93CA6CD491C5E0FEA197D5AC7F10BA23E6973543DA7AEED38BFC1AE3A0DC474B","93CA6CD491C5E0FEA197D5AC7F10BA23E6973543DA7AEED38BFC1AE3A0DC474B","True"
"projects/01-task-basics/course/04_FreeRTOS_create_task_static/Firmware/GD32F4xx_usb_library/driver/Source/drv_usb_host.c","D9F6DE1A16C13351C6947A1D8C735A2FA2EF6495159EF75E8C84A903003853EA","D9F6DE1A16C13351C6947A1D8C735A2FA2EF6495159EF75E8C84A903003853EA","True"
"projects/01-task-basics/course/04_FreeRTOS_create_task_static/Firmware/GD32F4xx_usb_library/driver/Source/drv_usbd_int.c","6D629C1B2EE8A05BD9C1B8E20F2664410AFC9608E9489CCAC5BE881D10D0A715","6D629C1B2EE8A05BD9C1B8E20F2664410AFC9608E9489CCAC5BE881D10D0A715","True"
"projects/01-task-basics/course/04_FreeRTOS_create_task_static/Firmware/GD32F4xx_usb_library/driver/Source/drv_usbh_int.c","4D390034615DF35FB792026BD76844C922F387580E291039F1BC5F6B6C982486","4D390034615DF35FB792026BD76844C922F387580E291039F1BC5F6B6C982486","True"
"projects/01-task-basics/course/04_FreeRTOS_create_task_static/Firmware/GD32F4xx_usb_library/host/class/hid/Include/usbh_hid_core.h","0DEC84719141C68389EC4F957111FB6DC21A5BE55159A808A9D4D20759E447AA","0DEC84719141C68389EC4F957111FB6DC21A5BE55159A808A9D4D20759E447AA","True"
"projects/01-task-basics/course/04_FreeRTOS_create_task_static/Firmware/GD32F4xx_usb_library/host/class/hid/Include/usbh_standard_hid.h","9DFF3D162D5690F986145FC6A50E8BE49EE6EA57B0DF5DE92708173ECE1231A8","9DFF3D162D5690F986145FC6A50E8BE49EE6EA57B0DF5DE92708173ECE1231A8","True"
"projects/01-task-basics/course/04_FreeRTOS_create_task_static/Firmware/GD32F4xx_usb_library/host/class/hid/Source/usbh_hid_core.c","2CDAFDF63EBB98A454A09ACC070B9C2E925C7EEC29AF318F1A8CE5F913C5D200","2CDAFDF63EBB98A454A09ACC070B9C2E925C7EEC29AF318F1A8CE5F913C5D200","True"
"projects/01-task-basics/course/04_FreeRTOS_create_task_static/Firmware/GD32F4xx_usb_library/host/class/hid/Source/usbh_standard_hid.c","324F535D3213364159EF30D0AB69CB69472D94EE6A25F07D1C624D1B4BB315C3","324F535D3213364159EF30D0AB69CB69472D94EE6A25F07D1C624D1B4BB315C3","True"
"projects/01-task-basics/course/04_FreeRTOS_create_task_static/Firmware/GD32F4xx_usb_library/host/class/msc/Include/usbh_msc_bbb.h","FE164E019DB850549FA0EDB8A4B2F0C38FF1C7540A834B935C91268D0E275FF8","FE164E019DB850549FA0EDB8A4B2F0C38FF1C7540A834B935C91268D0E275FF8","True"
"projects/01-task-basics/course/04_FreeRTOS_create_task_static/Firmware/GD32F4xx_usb_library/host/class/msc/Include/usbh_msc_core.h","34B4B4AED85F332B815096EE4C39FBA67C77FEF1F9EB79FC470603568CBE2DC9","34B4B4AED85F332B815096EE4C39FBA67C77FEF1F9EB79FC470603568CBE2DC9","True"
"projects/01-task-basics/course/04_FreeRTOS_create_task_static/Firmware/GD32F4xx_usb_library/host/class/msc/Include/usbh_msc_scsi.h","E6E8CA26D9A2ABFFE14A21AF356CB07C4058D9052DFD22B46205EC11884A867A","E6E8CA26D9A2ABFFE14A21AF356CB07C4058D9052DFD22B46205EC11884A867A","True"
"projects/01-task-basics/course/04_FreeRTOS_create_task_static/Firmware/GD32F4xx_usb_library/host/class/msc/Source/usbh_msc_bbb.c","2A82AD623D78CCC1802D851AB7FB124D6ABB5DBEA980AA8C6517E26FF906E049","2A82AD623D78CCC1802D851AB7FB124D6ABB5DBEA980AA8C6517E26FF906E049","True"
"projects/01-task-basics/course/04_FreeRTOS_create_task_static/Firmware/GD32F4xx_usb_library/host/class/msc/Source/usbh_msc_core.c","5DF338C15161E6C7A6424179245E0E373973B22E81DEA91111AD5613AE0C8690","5DF338C15161E6C7A6424179245E0E373973B22E81DEA91111AD5613AE0C8690","True"
"projects/01-task-basics/course/04_FreeRTOS_create_task_static/Firmware/GD32F4xx_usb_library/host/class/msc/Source/usbh_msc_fatfs.c","8FD0C5B44F9AC0E35427803F9761E40A5297CAA2ACC078CB9FDE3C25BA4036B1","8FD0C5B44F9AC0E35427803F9761E40A5297CAA2ACC078CB9FDE3C25BA4036B1","True"
"projects/01-task-basics/course/04_FreeRTOS_create_task_static/Firmware/GD32F4xx_usb_library/host/class/msc/Source/usbh_msc_scsi.c","45E6AD746800250C90834AC684D207DA486F3F0FDA8503284DEF2C537F952A85","45E6AD746800250C90834AC684D207DA486F3F0FDA8503284DEF2C537F952A85","True"
"projects/01-task-basics/course/04_FreeRTOS_create_task_static/Firmware/GD32F4xx_usb_library/host/core/Include/usbh_core.h","8919B0DA3BC89862AC89DA53BD34CC4F8AF2F7ECEBF23493D3BC0980570EC67D","8919B0DA3BC89862AC89DA53BD34CC4F8AF2F7ECEBF23493D3BC0980570EC67D","True"
"projects/01-task-basics/course/04_FreeRTOS_create_task_static/Firmware/GD32F4xx_usb_library/host/core/Include/usbh_enum.h","A08D6A471BE77A6BFDF916E166E4A95B49358F209E0708080E4A441D7D454897","A08D6A471BE77A6BFDF916E166E4A95B49358F209E0708080E4A441D7D454897","True"
"projects/01-task-basics/course/04_FreeRTOS_create_task_static/Firmware/GD32F4xx_usb_library/host/core/Include/usbh_pipe.h","D1AA31749DB419F147E34BF1608F3C79D8846FC9067B138CE90DCC6D68A724B2","D1AA31749DB419F147E34BF1608F3C79D8846FC9067B138CE90DCC6D68A724B2","True"
"projects/01-task-basics/course/04_FreeRTOS_create_task_static/Firmware/GD32F4xx_usb_library/host/core/Include/usbh_transc.h","B0A9300C836592E16782062A0D898645ADC64EFD21AD96F46B8EF6EBD876499C","B0A9300C836592E16782062A0D898645ADC64EFD21AD96F46B8EF6EBD876499C","True"
"projects/01-task-basics/course/04_FreeRTOS_create_task_static/Firmware/GD32F4xx_usb_library/host/core/Source/usbh_core.c","2E61C1493A0F04D944A9B1E01924A57908552C5C5920F357DF984F098988DF08","2E61C1493A0F04D944A9B1E01924A57908552C5C5920F357DF984F098988DF08","True"
"projects/01-task-basics/course/04_FreeRTOS_create_task_static/Firmware/GD32F4xx_usb_library/host/core/Source/usbh_enum.c","273217F6826C6D57A1D210D2A58974AE97A27E15951B98BE25BBCCDEA8133871","273217F6826C6D57A1D210D2A58974AE97A27E15951B98BE25BBCCDEA8133871","True"
"projects/01-task-basics/course/04_FreeRTOS_create_task_static/Firmware/GD32F4xx_usb_library/host/core/Source/usbh_pipe.c","E8A4253E2A4224333C4343EE0FFD5F280C9875EF57702F44C1973CBD42EDD2E0","E8A4253E2A4224333C4343EE0FFD5F280C9875EF57702F44C1973CBD42EDD2E0","True"
"projects/01-task-basics/course/04_FreeRTOS_create_task_static/Firmware/GD32F4xx_usb_library/host/core/Source/usbh_transc.c","CF1AE1FCF884275E82634538E997D8D24C31FBE959140909F5BB4E34BCA0BBEF","CF1AE1FCF884275E82634538E997D8D24C31FBE959140909F5BB4E34BCA0BBEF","True"
"projects/01-task-basics/course/04_FreeRTOS_create_task_static/Firmware/GD32F4xx_usb_library/ustd/class/cdc/usb_cdc.h","FCD43C4F51573D30F01573E2D2856E0BE969C8FFD02D415AADFB69A595DECF4E","FCD43C4F51573D30F01573E2D2856E0BE969C8FFD02D415AADFB69A595DECF4E","True"
"projects/01-task-basics/course/04_FreeRTOS_create_task_static/Firmware/GD32F4xx_usb_library/ustd/class/hid/usb_hid.h","F3C6A02D4FC46F9512465B6EB2951C8CDDB956AF73422AAB9D2A1BAFC69F2E7B","F3C6A02D4FC46F9512465B6EB2951C8CDDB956AF73422AAB9D2A1BAFC69F2E7B","True"
"projects/01-task-basics/course/04_FreeRTOS_create_task_static/Firmware/GD32F4xx_usb_library/ustd/class/msc/msc_bbb.h","B884B8F8F7CFAF22512EDE7AE709B5F3591E126D2919AECF4E2B4D7EFEA1F5D6","B884B8F8F7CFAF22512EDE7AE709B5F3591E126D2919AECF4E2B4D7EFEA1F5D6","True"
"projects/01-task-basics/course/04_FreeRTOS_create_task_static/Firmware/GD32F4xx_usb_library/ustd/class/msc/msc_scsi.h","8842CF305E996369687FA89568C9AEE3D46F745E1AEF6EB58B1A3F519F863631","8842CF305E996369687FA89568C9AEE3D46F745E1AEF6EB58B1A3F519F863631","True"
"projects/01-task-basics/course/04_FreeRTOS_create_task_static/Firmware/GD32F4xx_usb_library/ustd/class/msc/usb_msc.h","E3C2A096085131687F121DE426EF9154F23CCC26E877129243A648FB8C90B216","E3C2A096085131687F121DE426EF9154F23CCC26E877129243A648FB8C90B216","True"
"projects/01-task-basics/course/04_FreeRTOS_create_task_static/Firmware/GD32F4xx_usb_library/ustd/common/usb_ch9_std.h","B5249865F377709E456F76CA76CA5499ACE39BAD6A452832DBE535F1989C6D22","B5249865F377709E456F76CA76CA5499ACE39BAD6A452832DBE535F1989C6D22","True"
"projects/01-task-basics/course/04_FreeRTOS_create_task_static/FreeRTOS/CMakeLists.txt","277777817A51C3B8548C84A61CF5341C43DA40769C833A05AD46FDBD6F7CEED7","277777817A51C3B8548C84A61CF5341C43DA40769C833A05AD46FDBD6F7CEED7","True"
"projects/01-task-basics/course/04_FreeRTOS_create_task_static/FreeRTOS/croutine.c","EBF0CDCE261DC4A256C06C0D4AD2582E6026A6DA0E973D4CB92092E94CE8F370","EBF0CDCE261DC4A256C06C0D4AD2582E6026A6DA0E973D4CB92092E94CE8F370","True"
"projects/01-task-basics/course/04_FreeRTOS_create_task_static/FreeRTOS/event_groups.c","76E967B14D231E4F31F014F1564F359A7BFD36BFA263EE6F437AFA8C056DF657","76E967B14D231E4F31F014F1564F359A7BFD36BFA263EE6F437AFA8C056DF657","True"
"projects/01-task-basics/course/04_FreeRTOS_create_task_static/FreeRTOS/FreeRTOSConfig.h","45FE80433815BBFBD45A4F67A241CD08E721B29682D5C8AA80D9397AA43ABCD6","45FE80433815BBFBD45A4F67A241CD08E721B29682D5C8AA80D9397AA43ABCD6","True"
"projects/01-task-basics/course/04_FreeRTOS_create_task_static/FreeRTOS/include/atomic.h","E6EB26727C6CD0A87E4DEC91CC55B2B1313CC3829E06662A0C73E62CAFD1E751","E6EB26727C6CD0A87E4DEC91CC55B2B1313CC3829E06662A0C73E62CAFD1E751","True"
"projects/01-task-basics/course/04_FreeRTOS_create_task_static/FreeRTOS/include/croutine.h","CF52C15FA26A8D4F82B55909B75EBFE2AAB25468BA7780748912DDEAD9812B4E","CF52C15FA26A8D4F82B55909B75EBFE2AAB25468BA7780748912DDEAD9812B4E","True"
"projects/01-task-basics/course/04_FreeRTOS_create_task_static/FreeRTOS/include/deprecated_definitions.h","35000A143464BBBD8DF7C9A6F066A64598A24DA5174A7BE33972E62BFBD75F4D","35000A143464BBBD8DF7C9A6F066A64598A24DA5174A7BE33972E62BFBD75F4D","True"
"projects/01-task-basics/course/04_FreeRTOS_create_task_static/FreeRTOS/include/event_groups.h","7A38D7A3CE24BD2FF6C6003C94EEA7AA7972179B1F17C1A91374334C6069F027","7A38D7A3CE24BD2FF6C6003C94EEA7AA7972179B1F17C1A91374334C6069F027","True"
"projects/01-task-basics/course/04_FreeRTOS_create_task_static/FreeRTOS/include/FreeRTOS.h","03E9C94ABA57E3CF7F4F73BC2D3EB4A96AE38F3425EEDB5450622CA286475A0B","03E9C94ABA57E3CF7F4F73BC2D3EB4A96AE38F3425EEDB5450622CA286475A0B","True"
"projects/01-task-basics/course/04_FreeRTOS_create_task_static/FreeRTOS/include/list.h","DC572F54391C0407FC25DB360D912FCA9118CDDAE7BD2E3099EB13F18804E5A9","DC572F54391C0407FC25DB360D912FCA9118CDDAE7BD2E3099EB13F18804E5A9","True"
"projects/01-task-basics/course/04_FreeRTOS_create_task_static/FreeRTOS/include/message_buffer.h","9A8141D3D6C8044A57D7E448180C9BD2ED32E45DED32BE288D095A39DCED91AB","9A8141D3D6C8044A57D7E448180C9BD2ED32E45DED32BE288D095A39DCED91AB","True"
"projects/01-task-basics/course/04_FreeRTOS_create_task_static/FreeRTOS/include/mpu_prototypes.h","2B46A2511CE5D23A56BC83079333D8D0A2E33763E5829C9383252806887A3DC0","2B46A2511CE5D23A56BC83079333D8D0A2E33763E5829C9383252806887A3DC0","True"
"projects/01-task-basics/course/04_FreeRTOS_create_task_static/FreeRTOS/include/mpu_wrappers.h","5014408CC33F0F616215F2B48C67B0D47CCC35BFD5F0044AC653B5BBC6CF5778","5014408CC33F0F616215F2B48C67B0D47CCC35BFD5F0044AC653B5BBC6CF5778","True"
"projects/01-task-basics/course/04_FreeRTOS_create_task_static/FreeRTOS/include/portable.h","7ADE8F368002778C723B3C4E14084910B7225CD36363ED0C948E9EA36C6F251F","7ADE8F368002778C723B3C4E14084910B7225CD36363ED0C948E9EA36C6F251F","True"
"projects/01-task-basics/course/04_FreeRTOS_create_task_static/FreeRTOS/include/projdefs.h","F1FA9FAA0D14851DFF86AACA00559F4B474E5F6D68772D0072842E25351D98B3","F1FA9FAA0D14851DFF86AACA00559F4B474E5F6D68772D0072842E25351D98B3","True"
"projects/01-task-basics/course/04_FreeRTOS_create_task_static/FreeRTOS/include/queue.h","A3763E24A5A3A38413996FC8392EFD6ADD1D1EE3EF507FBA22DAF75682241FEB","A3763E24A5A3A38413996FC8392EFD6ADD1D1EE3EF507FBA22DAF75682241FEB","True"
"projects/01-task-basics/course/04_FreeRTOS_create_task_static/FreeRTOS/include/semphr.h","C624E8CDFC07844D4CF35382F3CC908C872375C7A3048482BDC110BDA88CC4F2","C624E8CDFC07844D4CF35382F3CC908C872375C7A3048482BDC110BDA88CC4F2","True"
"projects/01-task-basics/course/04_FreeRTOS_create_task_static/FreeRTOS/include/stack_macros.h","3CDDF2B3D47AE387E376AC75EB468F9D8FFB575D68C143E08D54AF4087474CCE","3CDDF2B3D47AE387E376AC75EB468F9D8FFB575D68C143E08D54AF4087474CCE","True"
"projects/01-task-basics/course/04_FreeRTOS_create_task_static/FreeRTOS/include/StackMacros.h","6460E81C910496D51BC39011E35D17F5B5437B5DEB03F9E91222F796D8C8BF79","6460E81C910496D51BC39011E35D17F5B5437B5DEB03F9E91222F796D8C8BF79","True"
"projects/01-task-basics/course/04_FreeRTOS_create_task_static/FreeRTOS/include/stream_buffer.h","B876D839460197D94D0F95FB93C6AEB457F6FC572D32258480FED7D4DE686B6B","B876D839460197D94D0F95FB93C6AEB457F6FC572D32258480FED7D4DE686B6B","True"
"projects/01-task-basics/course/04_FreeRTOS_create_task_static/FreeRTOS/include/task.h","CB1B0BBCDC66E39BA3B5A09B3E2829A5D376B8990735980613514903A3C5F493","CB1B0BBCDC66E39BA3B5A09B3E2829A5D376B8990735980613514903A3C5F493","True"
"projects/01-task-basics/course/04_FreeRTOS_create_task_static/FreeRTOS/include/timers.h","08D73A99380A1BA61376258C52F4FDDF5DF5B6DCBE0F86B0EA03F11A5CA58459","08D73A99380A1BA61376258C52F4FDDF5DF5B6DCBE0F86B0EA03F11A5CA58459","True"
"projects/01-task-basics/course/04_FreeRTOS_create_task_static/FreeRTOS/list.c","DB5C169CF3EFD68DA1C6A923AC84EEBC724D602C940BDE0B9B5F01F05028FDE4","DB5C169CF3EFD68DA1C6A923AC84EEBC724D602C940BDE0B9B5F01F05028FDE4","True"
"projects/01-task-basics/course/04_FreeRTOS_create_task_static/FreeRTOS/manifest.yml","F71AEBB742E00AD33F877B3B679B4C24CDB709D7980C3E7836438758DBAA0139","F71AEBB742E00AD33F877B3B679B4C24CDB709D7980C3E7836438758DBAA0139","True"
"projects/01-task-basics/course/04_FreeRTOS_create_task_static/FreeRTOS/portable/GCC/ARM_CM4F/port.c","11F2202099ED9A73F5AE5EF9DAC414F6D9B257D6480BD9C9A1E38A71B3EE8D41","11F2202099ED9A73F5AE5EF9DAC414F6D9B257D6480BD9C9A1E38A71B3EE8D41","True"
"projects/01-task-basics/course/04_FreeRTOS_create_task_static/FreeRTOS/portable/GCC/ARM_CM4F/portmacro.h","D569E2A29AF1C742B69CB16E15D256611FA7979BDA2B355E03426D3C40369E42","D569E2A29AF1C742B69CB16E15D256611FA7979BDA2B355E03426D3C40369E42","True"
"projects/01-task-basics/course/04_FreeRTOS_create_task_static/FreeRTOS/portable/MemMang/heap_1.c","286E3FEE81C9107FC6DEC40405F500CABDCA56836D29747C182F0899BB8997FD","286E3FEE81C9107FC6DEC40405F500CABDCA56836D29747C182F0899BB8997FD","True"
"projects/01-task-basics/course/04_FreeRTOS_create_task_static/FreeRTOS/portable/MemMang/heap_2.c","A7B035B9ED786593143C8317ACFB49DE21B6450F246036A72331593577E5408B","A7B035B9ED786593143C8317ACFB49DE21B6450F246036A72331593577E5408B","True"
"projects/01-task-basics/course/04_FreeRTOS_create_task_static/FreeRTOS/portable/MemMang/heap_3.c","E2D5DBB3F3CCBADD8E7AE778F30C18D28B0532EBFE81B03AA6A20E3F75242853","E2D5DBB3F3CCBADD8E7AE778F30C18D28B0532EBFE81B03AA6A20E3F75242853","True"
"projects/01-task-basics/course/04_FreeRTOS_create_task_static/FreeRTOS/portable/MemMang/heap_4.c","D48A51E34CAED771E6650D95F6C2527E52FDE2A6EBC6F83B49D003AEF0135E05","D48A51E34CAED771E6650D95F6C2527E52FDE2A6EBC6F83B49D003AEF0135E05","True"
"projects/01-task-basics/course/04_FreeRTOS_create_task_static/FreeRTOS/portable/MemMang/heap_5.c","71B7988059E801A962DC76B956666AAB5564788D5AE437F590080DCB3FDF1881","71B7988059E801A962DC76B956666AAB5564788D5AE437F590080DCB3FDF1881","True"
"projects/01-task-basics/course/04_FreeRTOS_create_task_static/FreeRTOS/portable/RVDS/ARM_CA9/port.c","484F1EF17F58F3DF0B06026E1BFC8E44471DF51B33CB36D196A2D61369085A9B","484F1EF17F58F3DF0B06026E1BFC8E44471DF51B33CB36D196A2D61369085A9B","True"
"projects/01-task-basics/course/04_FreeRTOS_create_task_static/FreeRTOS/portable/RVDS/ARM_CA9/portASM.s","CECD728B929B81E8484C603CA00A0F95754C8EC3FF5F6D51728A3563C2E1187C","CECD728B929B81E8484C603CA00A0F95754C8EC3FF5F6D51728A3563C2E1187C","True"
"projects/01-task-basics/course/04_FreeRTOS_create_task_static/FreeRTOS/portable/RVDS/ARM_CA9/portmacro.h","AF5E80736D03E02590745B6781BB03809D68721BFAB0213C02B3697A4C4F8814","AF5E80736D03E02590745B6781BB03809D68721BFAB0213C02B3697A4C4F8814","True"
"projects/01-task-basics/course/04_FreeRTOS_create_task_static/FreeRTOS/portable/RVDS/ARM_CM0/port.c","76BE44D607E9E2CB32743386F1A97FF98E7463744DAF687773A0967B00B7F20F","76BE44D607E9E2CB32743386F1A97FF98E7463744DAF687773A0967B00B7F20F","True"
"projects/01-task-basics/course/04_FreeRTOS_create_task_static/FreeRTOS/portable/RVDS/ARM_CM0/portmacro.h","8E89F1A754EFF06CDCC206A4BDC13F41211D31A432981759FA25B184941078DE","8E89F1A754EFF06CDCC206A4BDC13F41211D31A432981759FA25B184941078DE","True"
"projects/01-task-basics/course/04_FreeRTOS_create_task_static/FreeRTOS/portable/RVDS/ARM_CM3/port.c","0F5A2323E1BDC135D37FA40DAFAC766095C46FE623F9A20CBF2F0D92405B4067","0F5A2323E1BDC135D37FA40DAFAC766095C46FE623F9A20CBF2F0D92405B4067","True"
"projects/01-task-basics/course/04_FreeRTOS_create_task_static/FreeRTOS/portable/RVDS/ARM_CM3/portmacro.h","7B6EEFBBA5194658CF11B14F97DD540B1CEEDCB40178F0C97244A063AC53F4E2","7B6EEFBBA5194658CF11B14F97DD540B1CEEDCB40178F0C97244A063AC53F4E2","True"
"projects/01-task-basics/course/04_FreeRTOS_create_task_static/FreeRTOS/portable/RVDS/ARM_CM4_MPU/port.c","1EBEB0A72801D79FAB99F4D1C43B5D2F34DC75C34E9D39A25F057B304E40685C","1EBEB0A72801D79FAB99F4D1C43B5D2F34DC75C34E9D39A25F057B304E40685C","True"
"projects/01-task-basics/course/04_FreeRTOS_create_task_static/FreeRTOS/portable/RVDS/ARM_CM4_MPU/portmacro.h","4149E8C08E5AE89F05E1E1E8C5B3BD87143321FDF4510F5693885624B8148DDE","4149E8C08E5AE89F05E1E1E8C5B3BD87143321FDF4510F5693885624B8148DDE","True"
"projects/01-task-basics/course/04_FreeRTOS_create_task_static/FreeRTOS/portable/RVDS/ARM_CM4F/port.c","6493BDBCD8AC57B5739EDB5CECC8E55EF9C82A8F978FC2F05BE19B2FAF46CEDF","6493BDBCD8AC57B5739EDB5CECC8E55EF9C82A8F978FC2F05BE19B2FAF46CEDF","True"
"projects/01-task-basics/course/04_FreeRTOS_create_task_static/FreeRTOS/portable/RVDS/ARM_CM4F/portmacro.h","9AA2265C543E086FD40A1B22C3BAFE0E4C2950E1E1F6DE05C803E13D621F9438","9AA2265C543E086FD40A1B22C3BAFE0E4C2950E1E1F6DE05C803E13D621F9438","True"
"projects/01-task-basics/course/04_FreeRTOS_create_task_static/FreeRTOS/portable/RVDS/ARM_CM7/r0p1/port.c","0B428C045198D97CBF2C7B4BECB063FB067EE8F765F263A37EF3286839B4FE12","0B428C045198D97CBF2C7B4BECB063FB067EE8F765F263A37EF3286839B4FE12","True"
"projects/01-task-basics/course/04_FreeRTOS_create_task_static/FreeRTOS/portable/RVDS/ARM_CM7/r0p1/portmacro.h","641CCD46A7EBA0E476DEFE30B350847FEE8044DFBF503B6E1ECB9CE3CDACF9F9","641CCD46A7EBA0E476DEFE30B350847FEE8044DFBF503B6E1ECB9CE3CDACF9F9","True"
"projects/01-task-basics/course/04_FreeRTOS_create_task_static/FreeRTOS/portable/RVDS/ARM_CM7/ReadMe.txt","710C88C6D9BFCC4645C414F151EE23F4C28FB8B4932308B5EB7109EF07B1D1C6","710C88C6D9BFCC4645C414F151EE23F4C28FB8B4932308B5EB7109EF07B1D1C6","True"
"projects/01-task-basics/course/04_FreeRTOS_create_task_static/FreeRTOS/portable/RVDS/ARM7_LPC21xx/port.c","4F79AF04C94548F73D9DEEA4A81CC841FF172B8D1E27C5E544FB243BD3F147B3","4F79AF04C94548F73D9DEEA4A81CC841FF172B8D1E27C5E544FB243BD3F147B3","True"
"projects/01-task-basics/course/04_FreeRTOS_create_task_static/FreeRTOS/portable/RVDS/ARM7_LPC21xx/portASM.s","EEC6FD2E493EE97E8592C715AEC32C12EF8E5CEC861DEFCCCC6E30AE584FAFD6","EEC6FD2E493EE97E8592C715AEC32C12EF8E5CEC861DEFCCCC6E30AE584FAFD6","True"
"projects/01-task-basics/course/04_FreeRTOS_create_task_static/FreeRTOS/portable/RVDS/ARM7_LPC21xx/portmacro.h","7B796FC47E27A4AC381510536369605571DB0ECDD36BA9DBDB7AB4C02FC81C92","7B796FC47E27A4AC381510536369605571DB0ECDD36BA9DBDB7AB4C02FC81C92","True"
"projects/01-task-basics/course/04_FreeRTOS_create_task_static/FreeRTOS/queue.c","5CDF4FA35FE059446EFFFF5BF20DEAF83DDFFB08921BC198FDA106B1D17DD894","5CDF4FA35FE059446EFFFF5BF20DEAF83DDFFB08921BC198FDA106B1D17DD894","True"
"projects/01-task-basics/course/04_FreeRTOS_create_task_static/FreeRTOS/stream_buffer.c","86D948694C723B814C9606A6C804EA7C1BD30B3DA518D1D6A83B81F972E3A152","86D948694C723B814C9606A6C804EA7C1BD30B3DA518D1D6A83B81F972E3A152","True"
"projects/01-task-basics/course/04_FreeRTOS_create_task_static/FreeRTOS/tasks.c","14020D617B96DD2814E1211F6E3B645BCF5E2BD3179C23FE7DD16BC666FE9463","14020D617B96DD2814E1211F6E3B645BCF5E2BD3179C23FE7DD16BC666FE9463","True"
"projects/01-task-basics/course/04_FreeRTOS_create_task_static/FreeRTOS/timers.c","24962EF361F396AAA5E6E33776EEEDDAF2FB251C87B6FE50602ACC56C537B093","24962EF361F396AAA5E6E33776EEEDDAF2FB251C87B6FE50602ACC56C537B093","True"
"projects/01-task-basics/course/04_FreeRTOS_create_task_static/Hardware/bsp_buzzer.c","DB132610BB9FD25BB3606FEE7C189AD01FB3F68FEF38D105A74C0609C66B5CEE","DB132610BB9FD25BB3606FEE7C189AD01FB3F68FEF38D105A74C0609C66B5CEE","True"
"projects/01-task-basics/course/04_FreeRTOS_create_task_static/Hardware/bsp_buzzer.h","A849E5A19D17A5DED0E7438846AFA0D5E3636544ABFC356B361024CA882EC6C5","A849E5A19D17A5DED0E7438846AFA0D5E3636544ABFC356B361024CA882EC6C5","True"
"projects/01-task-basics/course/04_FreeRTOS_create_task_static/Hardware/bsp_buzzer2.c","D4F400CA00C8ACE082181E1D587A2B1CE7CC29C870BCA80C8A920BF78710B2C1","D4F400CA00C8ACE082181E1D587A2B1CE7CC29C870BCA80C8A920BF78710B2C1","True"
"projects/01-task-basics/course/04_FreeRTOS_create_task_static/Hardware/bsp_buzzer2.h","A849E5A19D17A5DED0E7438846AFA0D5E3636544ABFC356B361024CA882EC6C5","A849E5A19D17A5DED0E7438846AFA0D5E3636544ABFC356B361024CA882EC6C5","True"
"projects/01-task-basics/course/04_FreeRTOS_create_task_static/Library/EXTI_config.h","0FD94A8DF148AC6618D5CAA1F2788003CE63E2B27E13A31000428E29D095542B","0FD94A8DF148AC6618D5CAA1F2788003CE63E2B27E13A31000428E29D095542B","True"
"projects/01-task-basics/course/04_FreeRTOS_create_task_static/Library/EXTI.c","528D0B3C2AC1F1661095497895FDB15FF878723CF351D28F3D3EE13F79DF8AE2","528D0B3C2AC1F1661095497895FDB15FF878723CF351D28F3D3EE13F79DF8AE2","True"
"projects/01-task-basics/course/04_FreeRTOS_create_task_static/Library/EXTI.h","63711925072BE76CE24B295341905A97BDD73234E1EFB33A28A0CEC82E3CD6C2","63711925072BE76CE24B295341905A97BDD73234E1EFB33A28A0CEC82E3CD6C2","True"
"projects/01-task-basics/course/04_FreeRTOS_create_task_static/Library/I2C0.c","1902450E399F26AB11BABACB640C9C56389B2188FF852E3E6A58D60E16AF528E","1902450E399F26AB11BABACB640C9C56389B2188FF852E3E6A58D60E16AF528E","True"
"projects/01-task-basics/course/04_FreeRTOS_create_task_static/Library/I2C0.h","E30F8BA27DF76E3682B8D0325EB2B9DAAF13A20CFF0E1FC59A4625625996AF42","E30F8BA27DF76E3682B8D0325EB2B9DAAF13A20CFF0E1FC59A4625625996AF42","True"
"projects/01-task-basics/course/04_FreeRTOS_create_task_static/Library/TIMER_config.h","BD74AB72F9068615F9AB44169B11F6EF25CD9BC3D4CD0E27A95BE4AE24608766","BD74AB72F9068615F9AB44169B11F6EF25CD9BC3D4CD0E27A95BE4AE24608766","True"
"projects/01-task-basics/course/04_FreeRTOS_create_task_static/Library/TIMER.c","68A9D9BBDB446C51E0C577B7E7969E8F3513AF7E4736C10BC6D579FBF5661435","68A9D9BBDB446C51E0C577B7E7969E8F3513AF7E4736C10BC6D579FBF5661435","True"
"projects/01-task-basics/course/04_FreeRTOS_create_task_static/Library/TIMER.h","51A72D9863C245195AD3CD40ADDB0D573930D5AB540B30D3D971AD2AF6B2E80E","51A72D9863C245195AD3CD40ADDB0D573930D5AB540B30D3D971AD2AF6B2E80E","True"
"projects/01-task-basics/course/04_FreeRTOS_create_task_static/Library/USART_config.h","73E72408B41955E419784B2A24B0FBD8AD81A334AA38EB9DB60A7DDAE97AD633","73E72408B41955E419784B2A24B0FBD8AD81A334AA38EB9DB60A7DDAE97AD633","True"
"projects/01-task-basics/course/04_FreeRTOS_create_task_static/Library/USART0.c","325E153A7388566303CC9DA901A87ED2A3D158D0238FA4A36A20EB17B1067606","325E153A7388566303CC9DA901A87ED2A3D158D0238FA4A36A20EB17B1067606","True"
"projects/01-task-basics/course/04_FreeRTOS_create_task_static/Library/USART0.h","6016FD90E22446BB90BE0996EA5EE6493AB9CDF6E7F71024ED583F05C4860399","6016FD90E22446BB90BE0996EA5EE6493AB9CDF6E7F71024ED583F05C4860399","True"
"projects/01-task-basics/course/04_FreeRTOS_create_task_static/Project/GD32F407.uvprojx","DFA735BB80FB328EACB866BAD99B5B65EAB8BB5B336B19E663010896F5E83D17","DFA735BB80FB328EACB866BAD99B5B65EAB8BB5B336B19E663010896F5E83D17","True"
"projects/01-task-basics/course/04_FreeRTOS_create_task_static/Project/Target 1_alog.txt","6186E3F77EE908FA7841E69F99F9F3FF3AA142F4F0F235F4C8FB97449516B0EE","6186E3F77EE908FA7841E69F99F9F3FF3AA142F4F0F235F4C8FB97449516B0EE","True"
"projects/01-task-basics/course/04_FreeRTOS_create_task_static/Project/Target 1_analysis.xlsx","601B240D7E0317BBC0DF0552466D209A78FEB3FDA2E729BD4A96ED281D66C1B5","601B240D7E0317BBC0DF0552466D209A78FEB3FDA2E729BD4A96ED281D66C1B5","True"
"projects/01-task-basics/course/04_FreeRTOS_create_task_static/Project/Target 1_sort_by_flash.csv","7E79236DBF6E69CB7033B5A62A9D482D524A76F1F56D403794544F72D73F18AC","7E79236DBF6E69CB7033B5A62A9D482D524A76F1F56D403794544F72D73F18AC","True"
"projects/01-task-basics/course/04_FreeRTOS_create_task_static/Project/Target 1_sort_by_ram.csv","758FC5FC485B1D655DD3AB197173B81845F4C270326EC9EE602FED620CD6F318","758FC5FC485B1D655DD3AB197173B81845F4C270326EC9EE602FED620CD6F318","True"
"projects/01-task-basics/course/04_FreeRTOS_create_task_static/README.md","E3B0C44298FC1C149AFBF4C8996FB92427AE41E4649B934CA495991B7852B855","E3B0C44298FC1C149AFBF4C8996FB92427AE41E4649B934CA495991B7852B855","True"
"projects/01-task-basics/course/04_FreeRTOS_create_task_static/User/gd32f4xx_it.c","4AF8D0E30992B84018E763B4465FAF58DB22B108F3E64F997CE229AE1243FBFC","4AF8D0E30992B84018E763B4465FAF58DB22B108F3E64F997CE229AE1243FBFC","True"
"projects/01-task-basics/course/04_FreeRTOS_create_task_static/User/gd32f4xx_it.h","B4995762AE5CEB7125CC9720CEA7E2BAD8640C23B87ED1856D9B8A380A5FC8C3","B4995762AE5CEB7125CC9720CEA7E2BAD8640C23B87ED1856D9B8A380A5FC8C3","True"
"projects/01-task-basics/course/04_FreeRTOS_create_task_static/User/gd32f4xx_libopt.h","702C6D85987BCDDDD363A8412C5806255F6C746065DA984EB21896C5DDD6BF09","702C6D85987BCDDDD363A8412C5806255F6C746065DA984EB21896C5DDD6BF09","True"
"projects/01-task-basics/course/04_FreeRTOS_create_task_static/User/main.c","97F53F01F9B4543D87E066E09ED437F3E8E54FF3BE35A5977D05F1F7C91BD64D","97F53F01F9B4543D87E066E09ED437F3E8E54FF3BE35A5977D05F1F7C91BD64D","True"
"projects/01-task-basics/course/04_FreeRTOS_create_task_static/User/main.h","32C273B119ABF22DA51E2782C09853A1545B1DF1364A13EFFA2B465379E1A53C","32C273B119ABF22DA51E2782C09853A1545B1DF1364A13EFFA2B465379E1A53C","True"
"projects/01-task-basics/course/04_FreeRTOS_create_task_static/User/readme.txt","A45BD1E14D470B46BE2D57C9D35147E41204556CC4BB4E25EA3C7B6B424A0B7C","A45BD1E14D470B46BE2D57C9D35147E41204556CC4BB4E25EA3C7B6B424A0B7C","True"
"projects/01-task-basics/course/04_FreeRTOS_create_task_static/User/systick.c","8D524363D38E222D3E8A2281F06972493AE62F379A138637B65419C59E06CBD2","8D524363D38E222D3E8A2281F06972493AE62F379A138637B65419C59E06CBD2","True"
"projects/01-task-basics/course/04_FreeRTOS_create_task_static/User/systick.h","E74F1981340E6162CCE52F39F73009B1570EFB7F024410652F494E77997DA025","E74F1981340E6162CCE52F39F73009B1570EFB7F024410652F494E77997DA025","True"
"projects/02-task-scheduling/course/05_FreeRTOS_priorities/Doc/readme.txt","E3B0C44298FC1C149AFBF4C8996FB92427AE41E4649B934CA495991B7852B855","E3B0C44298FC1C149AFBF4C8996FB92427AE41E4649B934CA495991B7852B855","True"
"projects/02-task-scheduling/course/05_FreeRTOS_priorities/Firmware/CMSIS/core_cm4_simd.h","0C2A0C2D66C7791B82CA19D10336C96518830EF359F6BFD9DA7477BC2CBCCBBB","0C2A0C2D66C7791B82CA19D10336C96518830EF359F6BFD9DA7477BC2CBCCBBB","True"
"projects/02-task-scheduling/course/05_FreeRTOS_priorities/Firmware/CMSIS/core_cm4.h","4756546E1449D17B1A7DEE2F3307F2C92C9F1D669C3F5DFC3EE1DEC8AEE9A8F7","4756546E1449D17B1A7DEE2F3307F2C92C9F1D669C3F5DFC3EE1DEC8AEE9A8F7","True"
"projects/02-task-scheduling/course/05_FreeRTOS_priorities/Firmware/CMSIS/core_cmFunc.h","5075FF67C8E264B83D9B391C07C6512E26ABBC189E321DE0D8B4375476980E5E","5075FF67C8E264B83D9B391C07C6512E26ABBC189E321DE0D8B4375476980E5E","True"
"projects/02-task-scheduling/course/05_FreeRTOS_priorities/Firmware/CMSIS/core_cmInstr.h","C35DDCA16CA04646DC70ACF2D592AD9EAEAAECD8125A32ABB710069648266EB5","C35DDCA16CA04646DC70ACF2D592AD9EAEAAECD8125A32ABB710069648266EB5","True"
"projects/02-task-scheduling/course/05_FreeRTOS_priorities/Firmware/CMSIS/GD/GD32F4xx/Include/gd32f4xx.h","96F1F6884C9885D32DF760A385CA0B5E8E9B20C066F71B946771A00503623A62","96F1F6884C9885D32DF760A385CA0B5E8E9B20C066F71B946771A00503623A62","True"
"projects/02-task-scheduling/course/05_FreeRTOS_priorities/Firmware/CMSIS/GD/GD32F4xx/Include/system_gd32f4xx.h","98EF2DD6DD7F6D2542C4D5CA83E9869BE3630B43300CB9AB453703E4277913BD","98EF2DD6DD7F6D2542C4D5CA83E9869BE3630B43300CB9AB453703E4277913BD","True"
"projects/02-task-scheduling/course/05_FreeRTOS_priorities/Firmware/CMSIS/GD/GD32F4xx/Source/ARM/startup_gd32f405_425.s","AEF6290F6950C0B7FB922FD12B91B3FC34ADA707A6846AA5D7A1277FDD50FBD9","AEF6290F6950C0B7FB922FD12B91B3FC34ADA707A6846AA5D7A1277FDD50FBD9","True"
"projects/02-task-scheduling/course/05_FreeRTOS_priorities/Firmware/CMSIS/GD/GD32F4xx/Source/ARM/startup_gd32f407_427.s","65127CC1FFC7BB0C6E3AB3E1EF32C8F935D09EF4A83AC4914E089D40C39B8B5B","65127CC1FFC7BB0C6E3AB3E1EF32C8F935D09EF4A83AC4914E089D40C39B8B5B","True"
"projects/02-task-scheduling/course/05_FreeRTOS_priorities/Firmware/CMSIS/GD/GD32F4xx/Source/ARM/startup_gd32f450_470.s","A4E9852BA47AAD025DE9645D067FAB33DDA87B8E82DEA6D77B3364F902345299","A4E9852BA47AAD025DE9645D067FAB33DDA87B8E82DEA6D77B3364F902345299","True"
"projects/02-task-scheduling/course/05_FreeRTOS_priorities/Firmware/CMSIS/GD/GD32F4xx/Source/IAR/startup_gd32f405_425.s","70E76C6AD0182A5682773261E308008BC1102C09839605A0E058851173026836","70E76C6AD0182A5682773261E308008BC1102C09839605A0E058851173026836","True"
"projects/02-task-scheduling/course/05_FreeRTOS_priorities/Firmware/CMSIS/GD/GD32F4xx/Source/IAR/startup_gd32f407_427.s","550D6CA54DE7F8FCB2791AAF9141666BA15978C55017FA6798BF0CA80A2864C6","550D6CA54DE7F8FCB2791AAF9141666BA15978C55017FA6798BF0CA80A2864C6","True"
"projects/02-task-scheduling/course/05_FreeRTOS_priorities/Firmware/CMSIS/GD/GD32F4xx/Source/IAR/startup_gd32f450_470.s","EE6654F1D551C6937D014FE943342B0395A32076E5AC8DD688C600EACB9BD343","EE6654F1D551C6937D014FE943342B0395A32076E5AC8DD688C600EACB9BD343","True"
"projects/02-task-scheduling/course/05_FreeRTOS_priorities/Firmware/CMSIS/GD/GD32F4xx/Source/system_gd32f4xx.c","8F66A123756716CF74297A7B54EEC616F230CBBC37DFB60F21BF05D1BC070836","8F66A123756716CF74297A7B54EEC616F230CBBC37DFB60F21BF05D1BC070836","True"
"projects/02-task-scheduling/course/05_FreeRTOS_priorities/Firmware/GD32F4xx_standard_peripheral/Include/gd32f4xx_adc.h","D6B41E007F1EE95E5FA1B495F94924F7E6166439FBF3E9234A26B5FA6C32F1DE","D6B41E007F1EE95E5FA1B495F94924F7E6166439FBF3E9234A26B5FA6C32F1DE","True"
"projects/02-task-scheduling/course/05_FreeRTOS_priorities/Firmware/GD32F4xx_standard_peripheral/Include/gd32f4xx_can.h","62A96066D7B8A1CEF45AB4092FCE5058B962050EB1C9E4B3585F0E19B9F30578","62A96066D7B8A1CEF45AB4092FCE5058B962050EB1C9E4B3585F0E19B9F30578","True"
"projects/02-task-scheduling/course/05_FreeRTOS_priorities/Firmware/GD32F4xx_standard_peripheral/Include/gd32f4xx_crc.h","4870F145AEEC968F3A7A0A5068105591E1ADEB9A37A5E47FDCC9D27D7D3AFBD6","4870F145AEEC968F3A7A0A5068105591E1ADEB9A37A5E47FDCC9D27D7D3AFBD6","True"
"projects/02-task-scheduling/course/05_FreeRTOS_priorities/Firmware/GD32F4xx_standard_peripheral/Include/gd32f4xx_ctc.h","900AB7D5F9C585834166A58966C8D523FF91D410066D00BBED3E6522C25782D7","900AB7D5F9C585834166A58966C8D523FF91D410066D00BBED3E6522C25782D7","True"
"projects/02-task-scheduling/course/05_FreeRTOS_priorities/Firmware/GD32F4xx_standard_peripheral/Include/gd32f4xx_dac.h","86057CC0C52A32F955A12F47ABA1E4997AC2DABA13B10A686D8777579F638AFB","86057CC0C52A32F955A12F47ABA1E4997AC2DABA13B10A686D8777579F638AFB","True"
"projects/02-task-scheduling/course/05_FreeRTOS_priorities/Firmware/GD32F4xx_standard_peripheral/Include/gd32f4xx_dbg.h","21A089B5880F1D101116BD37EAAC7A085A103901A40900E75941130D901B150E","21A089B5880F1D101116BD37EAAC7A085A103901A40900E75941130D901B150E","True"
"projects/02-task-scheduling/course/05_FreeRTOS_priorities/Firmware/GD32F4xx_standard_peripheral/Include/gd32f4xx_dci.h","787F449F0B2EBA5BBCC92B0D50899FA668CEA6ED9CCAB3960EBA0B2253CC7748","787F449F0B2EBA5BBCC92B0D50899FA668CEA6ED9CCAB3960EBA0B2253CC7748","True"
"projects/02-task-scheduling/course/05_FreeRTOS_priorities/Firmware/GD32F4xx_standard_peripheral/Include/gd32f4xx_dma.h","F358957EBF98C4C449480A088E349CDAC2716394C24FA4111DE08B06FCDC5094","F358957EBF98C4C449480A088E349CDAC2716394C24FA4111DE08B06FCDC5094","True"
"projects/02-task-scheduling/course/05_FreeRTOS_priorities/Firmware/GD32F4xx_standard_peripheral/Include/gd32f4xx_enet.h","2BDBC2BE9B0E3BA398DEEAB38021442A2CFEEDFF21FC353CF3B16C717A2CDF9B","2BDBC2BE9B0E3BA398DEEAB38021442A2CFEEDFF21FC353CF3B16C717A2CDF9B","True"
"projects/02-task-scheduling/course/05_FreeRTOS_priorities/Firmware/GD32F4xx_standard_peripheral/Include/gd32f4xx_exmc.h","68482B678DD868085A6BE6317EEC18873D43F895936E503487E843E561A0D55E","68482B678DD868085A6BE6317EEC18873D43F895936E503487E843E561A0D55E","True"
"projects/02-task-scheduling/course/05_FreeRTOS_priorities/Firmware/GD32F4xx_standard_peripheral/Include/gd32f4xx_exti.h","705948F029F63A5995D9849A60E417D6210ECE34C8E942C76A2D4E7A2B927426","705948F029F63A5995D9849A60E417D6210ECE34C8E942C76A2D4E7A2B927426","True"
"projects/02-task-scheduling/course/05_FreeRTOS_priorities/Firmware/GD32F4xx_standard_peripheral/Include/gd32f4xx_fmc.h","5A5D9F0B1CE1E7486206130F80048F81A6D3E9E6337BF0A4C69D4A1D5EDC9F7E","5A5D9F0B1CE1E7486206130F80048F81A6D3E9E6337BF0A4C69D4A1D5EDC9F7E","True"
"projects/02-task-scheduling/course/05_FreeRTOS_priorities/Firmware/GD32F4xx_standard_peripheral/Include/gd32f4xx_fwdgt.h","04CB4EE0D6526910CF9CA8BEFC437FC6DF3FDFE09FB0BC418AB7EA5C19611A50","04CB4EE0D6526910CF9CA8BEFC437FC6DF3FDFE09FB0BC418AB7EA5C19611A50","True"
"projects/02-task-scheduling/course/05_FreeRTOS_priorities/Firmware/GD32F4xx_standard_peripheral/Include/gd32f4xx_gpio.h","A20501A28644BF45B8E3C4AB2A7237466805C1480B06E7D6C8585296D7F08787","A20501A28644BF45B8E3C4AB2A7237466805C1480B06E7D6C8585296D7F08787","True"
"projects/02-task-scheduling/course/05_FreeRTOS_priorities/Firmware/GD32F4xx_standard_peripheral/Include/gd32f4xx_i2c.h","6CF4053E2452263CDFCB98DA0832CE1F2F1B0380C1BEA5D4284C1DF0D5CBBB05","6CF4053E2452263CDFCB98DA0832CE1F2F1B0380C1BEA5D4284C1DF0D5CBBB05","True"
"projects/02-task-scheduling/course/05_FreeRTOS_priorities/Firmware/GD32F4xx_standard_peripheral/Include/gd32f4xx_ipa.h","1AD22068402E09BAE4117E637ED972FCD7452751CCBE01C7829AEA7DF45AE8AE","1AD22068402E09BAE4117E637ED972FCD7452751CCBE01C7829AEA7DF45AE8AE","True"
"projects/02-task-scheduling/course/05_FreeRTOS_priorities/Firmware/GD32F4xx_standard_peripheral/Include/gd32f4xx_iref.h","D9D1E67FD4473F44B2F7E22BB78C3DFA9B5109D083AF1B0FDC63EC657B241C4A","D9D1E67FD4473F44B2F7E22BB78C3DFA9B5109D083AF1B0FDC63EC657B241C4A","True"
"projects/02-task-scheduling/course/05_FreeRTOS_priorities/Firmware/GD32F4xx_standard_peripheral/Include/gd32f4xx_misc.h","0A918F830F0200C0E806DFB50594259783E69D8ADBC27708705567F7193D35FB","0A918F830F0200C0E806DFB50594259783E69D8ADBC27708705567F7193D35FB","True"
"projects/02-task-scheduling/course/05_FreeRTOS_priorities/Firmware/GD32F4xx_standard_peripheral/Include/gd32f4xx_pmu.h","B9A72B6E42083EFD170C0C5FBE579C5D6417F9BBF674DB36041BE96FCBD84636","B9A72B6E42083EFD170C0C5FBE579C5D6417F9BBF674DB36041BE96FCBD84636","True"
"projects/02-task-scheduling/course/05_FreeRTOS_priorities/Firmware/GD32F4xx_standard_peripheral/Include/gd32f4xx_rcu.h","AC2B2AE653EDC89E674EDA24E1CFE8B511B73984AE0CABED3DF60BA61F8EEF08","AC2B2AE653EDC89E674EDA24E1CFE8B511B73984AE0CABED3DF60BA61F8EEF08","True"
"projects/02-task-scheduling/course/05_FreeRTOS_priorities/Firmware/GD32F4xx_standard_peripheral/Include/gd32f4xx_rtc.h","1798B1B495683096D4491CF0F854957D2AD60612F65A801ED0E7A4BEE49FA549","1798B1B495683096D4491CF0F854957D2AD60612F65A801ED0E7A4BEE49FA549","True"
"projects/02-task-scheduling/course/05_FreeRTOS_priorities/Firmware/GD32F4xx_standard_peripheral/Include/gd32f4xx_sdio.h","8D6813EFC565E3085611D767EA4E670E0C76A256C6F17FC93F313BCB11D0385A","8D6813EFC565E3085611D767EA4E670E0C76A256C6F17FC93F313BCB11D0385A","True"
"projects/02-task-scheduling/course/05_FreeRTOS_priorities/Firmware/GD32F4xx_standard_peripheral/Include/gd32f4xx_spi.h","4C6360C8FE58D4A38E4870BCBA17630857551D3EC7B4BD3DDEB5085C31240B1C","4C6360C8FE58D4A38E4870BCBA17630857551D3EC7B4BD3DDEB5085C31240B1C","True"
"projects/02-task-scheduling/course/05_FreeRTOS_priorities/Firmware/GD32F4xx_standard_peripheral/Include/gd32f4xx_syscfg.h","5060FEF0A07A3FC1396A31F09F95FE1D134F8A1FB1581E3DD98BB6078108C447","5060FEF0A07A3FC1396A31F09F95FE1D134F8A1FB1581E3DD98BB6078108C447","True"
"projects/02-task-scheduling/course/05_FreeRTOS_priorities/Firmware/GD32F4xx_standard_peripheral/Include/gd32f4xx_timer.h","7A79F81F1D862A1B49F23BFE05B1AC751A71E761B6E63C2DFFABE6C7BC69AC49","7A79F81F1D862A1B49F23BFE05B1AC751A71E761B6E63C2DFFABE6C7BC69AC49","True"
"projects/02-task-scheduling/course/05_FreeRTOS_priorities/Firmware/GD32F4xx_standard_peripheral/Include/gd32f4xx_tli.h","1B94EA157AC8CE2FED962B0C4FF95B6702C6194300AA51B04C3AAFE493768D2A","1B94EA157AC8CE2FED962B0C4FF95B6702C6194300AA51B04C3AAFE493768D2A","True"
"projects/02-task-scheduling/course/05_FreeRTOS_priorities/Firmware/GD32F4xx_standard_peripheral/Include/gd32f4xx_trng.h","91E2BB5AFFEFA65F90927FAD795FAA0F4204516284ECA38E461506F0CD9CA924","91E2BB5AFFEFA65F90927FAD795FAA0F4204516284ECA38E461506F0CD9CA924","True"
"projects/02-task-scheduling/course/05_FreeRTOS_priorities/Firmware/GD32F4xx_standard_peripheral/Include/gd32f4xx_usart.h","6CF40E957A1216C99E3663D667DE1944C42272897011834BF20ADCD97E791074","6CF40E957A1216C99E3663D667DE1944C42272897011834BF20ADCD97E791074","True"
"projects/02-task-scheduling/course/05_FreeRTOS_priorities/Firmware/GD32F4xx_standard_peripheral/Include/gd32f4xx_wwdgt.h","01EECFC98B4507AEB8F0AFBE7D994EA0A617A79E5D4EB2D1D4A85979BA014EFE","01EECFC98B4507AEB8F0AFBE7D994EA0A617A79E5D4EB2D1D4A85979BA014EFE","True"
"projects/02-task-scheduling/course/05_FreeRTOS_priorities/Firmware/GD32F4xx_standard_peripheral/Source/gd32f4xx_adc.c","8A5C91EC7A397B53EFD086646674D273ECE00F36C9610AB50715FE1521BA4112","8A5C91EC7A397B53EFD086646674D273ECE00F36C9610AB50715FE1521BA4112","True"
"projects/02-task-scheduling/course/05_FreeRTOS_priorities/Firmware/GD32F4xx_standard_peripheral/Source/gd32f4xx_can.c","CE0E343B00856972EABACCC1F4D88C051796A8D1E30C4596312FC29A533DB8BA","CE0E343B00856972EABACCC1F4D88C051796A8D1E30C4596312FC29A533DB8BA","True"
"projects/02-task-scheduling/course/05_FreeRTOS_priorities/Firmware/GD32F4xx_standard_peripheral/Source/gd32f4xx_crc.c","C14034159E72E082AA70E2A8CBA60FFCF950B63D75AE467706632F32EC00F315","C14034159E72E082AA70E2A8CBA60FFCF950B63D75AE467706632F32EC00F315","True"
"projects/02-task-scheduling/course/05_FreeRTOS_priorities/Firmware/GD32F4xx_standard_peripheral/Source/gd32f4xx_ctc.c","07F4A6385C6FFB2E18ECF95DAAE6A431FB91262FA988835A249A64F4002280A1","07F4A6385C6FFB2E18ECF95DAAE6A431FB91262FA988835A249A64F4002280A1","True"
"projects/02-task-scheduling/course/05_FreeRTOS_priorities/Firmware/GD32F4xx_standard_peripheral/Source/gd32f4xx_dac.c","ACE5C99F1E2774D955CA4E4D5D6E81B2D831F718098487EA3E8C2C34C960E160","ACE5C99F1E2774D955CA4E4D5D6E81B2D831F718098487EA3E8C2C34C960E160","True"
"projects/02-task-scheduling/course/05_FreeRTOS_priorities/Firmware/GD32F4xx_standard_peripheral/Source/gd32f4xx_dbg.c","6EEC659FD6B5C549226BAE8E9C9C78785B064D557434189BB221287D550FE291","6EEC659FD6B5C549226BAE8E9C9C78785B064D557434189BB221287D550FE291","True"
"projects/02-task-scheduling/course/05_FreeRTOS_priorities/Firmware/GD32F4xx_standard_peripheral/Source/gd32f4xx_dci.c","B99613D9A21A02DD39117F30B9A488B859209AB3489DCFDE7361D147CDF76516","B99613D9A21A02DD39117F30B9A488B859209AB3489DCFDE7361D147CDF76516","True"
"projects/02-task-scheduling/course/05_FreeRTOS_priorities/Firmware/GD32F4xx_standard_peripheral/Source/gd32f4xx_dma.c","2D943A169ABABCC22CBC6C41665F5CE375C30B63005954E1D34BB3218CB63FAF","2D943A169ABABCC22CBC6C41665F5CE375C30B63005954E1D34BB3218CB63FAF","True"
"projects/02-task-scheduling/course/05_FreeRTOS_priorities/Firmware/GD32F4xx_standard_peripheral/Source/gd32f4xx_enet.c","3051E8737C463D23D07B9C9AD937BC7C488BB573738B2313982870DAA670E87E","3051E8737C463D23D07B9C9AD937BC7C488BB573738B2313982870DAA670E87E","True"
"projects/02-task-scheduling/course/05_FreeRTOS_priorities/Firmware/GD32F4xx_standard_peripheral/Source/gd32f4xx_exmc.c","E4A79B377C89D9EB8BD5BE101E273AD5EFBA0C2A24FB4621AB7BC124BEEEAEBF","E4A79B377C89D9EB8BD5BE101E273AD5EFBA0C2A24FB4621AB7BC124BEEEAEBF","True"
"projects/02-task-scheduling/course/05_FreeRTOS_priorities/Firmware/GD32F4xx_standard_peripheral/Source/gd32f4xx_exti.c","FCE4A7ECA93486D71A9E5758642F2282AE7F8805DBB559312837A0B17577FE58","FCE4A7ECA93486D71A9E5758642F2282AE7F8805DBB559312837A0B17577FE58","True"
"projects/02-task-scheduling/course/05_FreeRTOS_priorities/Firmware/GD32F4xx_standard_peripheral/Source/gd32f4xx_fmc.c","15408829D2405432FC8ED73D5D8C6BBB1E6C74540F1B817983BABD62E22CAB16","15408829D2405432FC8ED73D5D8C6BBB1E6C74540F1B817983BABD62E22CAB16","True"
"projects/02-task-scheduling/course/05_FreeRTOS_priorities/Firmware/GD32F4xx_standard_peripheral/Source/gd32f4xx_fwdgt.c","05B67D15069CED6F0472E4115ECD16064402E0D6220561499000025A8CD189B7","05B67D15069CED6F0472E4115ECD16064402E0D6220561499000025A8CD189B7","True"
"projects/02-task-scheduling/course/05_FreeRTOS_priorities/Firmware/GD32F4xx_standard_peripheral/Source/gd32f4xx_gpio.c","262BEFE864D5DA3BADA64D0B3DAB29E5C2747E46B154EDE8BCAB0B788DB614E0","262BEFE864D5DA3BADA64D0B3DAB29E5C2747E46B154EDE8BCAB0B788DB614E0","True"
"projects/02-task-scheduling/course/05_FreeRTOS_priorities/Firmware/GD32F4xx_standard_peripheral/Source/gd32f4xx_i2c.c","8EDFAF1A8F0BF2833923D0072FE1B9D0467382B3EC1D243E918D0DE9711CCCD2","8EDFAF1A8F0BF2833923D0072FE1B9D0467382B3EC1D243E918D0DE9711CCCD2","True"
"projects/02-task-scheduling/course/05_FreeRTOS_priorities/Firmware/GD32F4xx_standard_peripheral/Source/gd32f4xx_ipa.c","38A8350304763C1C83B4D2341F6782B090CA09ABE541AC360089B5CB454BCF57","38A8350304763C1C83B4D2341F6782B090CA09ABE541AC360089B5CB454BCF57","True"
"projects/02-task-scheduling/course/05_FreeRTOS_priorities/Firmware/GD32F4xx_standard_peripheral/Source/gd32f4xx_iref.c","24F2FCFCD20882FD3E65773A281A827BF5391A0A8054324EEF7C98BB3F2B9B80","24F2FCFCD20882FD3E65773A281A827BF5391A0A8054324EEF7C98BB3F2B9B80","True"
"projects/02-task-scheduling/course/05_FreeRTOS_priorities/Firmware/GD32F4xx_standard_peripheral/Source/gd32f4xx_misc.c","1CD262F295155428C25DEDC69BFBAB99F7A99DE09E0B602ECA1F2C6017CFE2DA","1CD262F295155428C25DEDC69BFBAB99F7A99DE09E0B602ECA1F2C6017CFE2DA","True"
"projects/02-task-scheduling/course/05_FreeRTOS_priorities/Firmware/GD32F4xx_standard_peripheral/Source/gd32f4xx_pmu.c","DAFA94838A55132E3313234C5AC2BE6172116DC26574347363D554EFFB186D79","DAFA94838A55132E3313234C5AC2BE6172116DC26574347363D554EFFB186D79","True"
"projects/02-task-scheduling/course/05_FreeRTOS_priorities/Firmware/GD32F4xx_standard_peripheral/Source/gd32f4xx_rcu.c","6C1030EB58EC7CB9C41E2A1FF31DDEF87F70DD083222327978234004C4E95B98","6C1030EB58EC7CB9C41E2A1FF31DDEF87F70DD083222327978234004C4E95B98","True"
"projects/02-task-scheduling/course/05_FreeRTOS_priorities/Firmware/GD32F4xx_standard_peripheral/Source/gd32f4xx_rtc.c","EEA5BCB92C88A7BAB9F3740F8E9408236412A546B03A5467F21B0F94A01183E7","EEA5BCB92C88A7BAB9F3740F8E9408236412A546B03A5467F21B0F94A01183E7","True"
"projects/02-task-scheduling/course/05_FreeRTOS_priorities/Firmware/GD32F4xx_standard_peripheral/Source/gd32f4xx_sdio.c","9D8F3E488C74C44A30C4D0BBB9CD8D86555D898CA9C36F259CE57609959B9854","9D8F3E488C74C44A30C4D0BBB9CD8D86555D898CA9C36F259CE57609959B9854","True"
"projects/02-task-scheduling/course/05_FreeRTOS_priorities/Firmware/GD32F4xx_standard_peripheral/Source/gd32f4xx_spi.c","CE06438E9AD5882A0FCA88DFE658DD925ED3320BA574C2797E2F93ACF6142459","CE06438E9AD5882A0FCA88DFE658DD925ED3320BA574C2797E2F93ACF6142459","True"
"projects/02-task-scheduling/course/05_FreeRTOS_priorities/Firmware/GD32F4xx_standard_peripheral/Source/gd32f4xx_syscfg.c","51A7A5E70F3064424CC6E2F6A06942B47ADAAC8C36A6612EE08B1643557B3CA3","51A7A5E70F3064424CC6E2F6A06942B47ADAAC8C36A6612EE08B1643557B3CA3","True"
"projects/02-task-scheduling/course/05_FreeRTOS_priorities/Firmware/GD32F4xx_standard_peripheral/Source/gd32f4xx_timer.c","3961465CF6BA39554E34C02183C50676A4AB9B3991A6AAD32D271754B2506B14","3961465CF6BA39554E34C02183C50676A4AB9B3991A6AAD32D271754B2506B14","True"
"projects/02-task-scheduling/course/05_FreeRTOS_priorities/Firmware/GD32F4xx_standard_peripheral/Source/gd32f4xx_tli.c","881A02E692AFD4A0B6848A929B0B8C79148911AD7543CF611287C45E82372541","881A02E692AFD4A0B6848A929B0B8C79148911AD7543CF611287C45E82372541","True"
"projects/02-task-scheduling/course/05_FreeRTOS_priorities/Firmware/GD32F4xx_standard_peripheral/Source/gd32f4xx_trng.c","BA9093D046A01C997AA54D2DE9F663E8AF32FB9E53C950CFC640F1033FCD6C53","BA9093D046A01C997AA54D2DE9F663E8AF32FB9E53C950CFC640F1033FCD6C53","True"
"projects/02-task-scheduling/course/05_FreeRTOS_priorities/Firmware/GD32F4xx_standard_peripheral/Source/gd32f4xx_usart.c","F67FA54D9C9537317BE92D95FD880A394D9ABE98DF708E5AA821FBFA392AE9B0","F67FA54D9C9537317BE92D95FD880A394D9ABE98DF708E5AA821FBFA392AE9B0","True"
"projects/02-task-scheduling/course/05_FreeRTOS_priorities/Firmware/GD32F4xx_standard_peripheral/Source/gd32f4xx_wwdgt.c","0ED39DE6F0101E10DDCB476E6EF21C44D2282D4F689D0D0D70F9E04940E6F0FE","0ED39DE6F0101E10DDCB476E6EF21C44D2282D4F689D0D0D70F9E04940E6F0FE","True"
"projects/02-task-scheduling/course/05_FreeRTOS_priorities/Firmware/GD32F4xx_usb_library/device/class/audio/Include/audio_core.h","D4550583AD93FB3EED7D288FB84CA5E1B57269E088FB073E541A666B636FEC00","D4550583AD93FB3EED7D288FB84CA5E1B57269E088FB073E541A666B636FEC00","True"
"projects/02-task-scheduling/course/05_FreeRTOS_priorities/Firmware/GD32F4xx_usb_library/device/class/audio/Include/audio_out_itf.h","77FB54DEA6431AF26C1DE2B1CCFB8186FAC92519D817556FE6B31FDE7947310B","77FB54DEA6431AF26C1DE2B1CCFB8186FAC92519D817556FE6B31FDE7947310B","True"
"projects/02-task-scheduling/course/05_FreeRTOS_priorities/Firmware/GD32F4xx_usb_library/device/class/audio/Source/audio_core.c","E134ABAB42ADA7E2D9C6BAD56032F4358FBD37B82E3861496BFE8DC7B4263D32","E134ABAB42ADA7E2D9C6BAD56032F4358FBD37B82E3861496BFE8DC7B4263D32","True"
"projects/02-task-scheduling/course/05_FreeRTOS_priorities/Firmware/GD32F4xx_usb_library/device/class/audio/Source/audio_out_itf.c","33F0490E4B3CE2315D51257BB877A233BA7293BF83F1272113382989476B887B","33F0490E4B3CE2315D51257BB877A233BA7293BF83F1272113382989476B887B","True"
"projects/02-task-scheduling/course/05_FreeRTOS_priorities/Firmware/GD32F4xx_usb_library/device/class/cdc/Include/cdc_acm_core.h","58A53B46A222A4CA1B4F35901A48555A22FF6C8EF95DCB23E651A64512A0B8EC","58A53B46A222A4CA1B4F35901A48555A22FF6C8EF95DCB23E651A64512A0B8EC","True"
"projects/02-task-scheduling/course/05_FreeRTOS_priorities/Firmware/GD32F4xx_usb_library/device/class/cdc/Source/cdc_acm_core.c","92F6D272CB501A2E0E8020A5C7C3FDBF3F6267044A5F00C248A53BDC23867E71","92F6D272CB501A2E0E8020A5C7C3FDBF3F6267044A5F00C248A53BDC23867E71","True"
"projects/02-task-scheduling/course/05_FreeRTOS_priorities/Firmware/GD32F4xx_usb_library/device/class/dfu/Include/dfu_core.h","B074E46C11DFC3D6F057E7C91263A7894A8598F5AD27062A8F0C737739F0AC4B","B074E46C11DFC3D6F057E7C91263A7894A8598F5AD27062A8F0C737739F0AC4B","True"
"projects/02-task-scheduling/course/05_FreeRTOS_priorities/Firmware/GD32F4xx_usb_library/device/class/dfu/Include/dfu_mem.h","EE0FA900E1595041DB2524E57A7684A911AFEC27BD737544CB8ACC1A419B54F3","EE0FA900E1595041DB2524E57A7684A911AFEC27BD737544CB8ACC1A419B54F3","True"
"projects/02-task-scheduling/course/05_FreeRTOS_priorities/Firmware/GD32F4xx_usb_library/device/class/dfu/Source/dfu_core.c","EE0B61F48E523F816E1977AB5667701D4A30C9D7994809DAEC56A6C22B6B23F2","EE0B61F48E523F816E1977AB5667701D4A30C9D7994809DAEC56A6C22B6B23F2","True"
"projects/02-task-scheduling/course/05_FreeRTOS_priorities/Firmware/GD32F4xx_usb_library/device/class/dfu/Source/dfu_mem.c","1740852FD0411642AAD47BF10951D51DE5338CA02239C634C4A28211CC0B6BD5","1740852FD0411642AAD47BF10951D51DE5338CA02239C634C4A28211CC0B6BD5","True"
"projects/02-task-scheduling/course/05_FreeRTOS_priorities/Firmware/GD32F4xx_usb_library/device/class/hid/Include/custom_hid_core.h","3D8630539B539B75241B088BA5CB2BD6A6377EBE6A0C026E14E4D9F618149F3C","3D8630539B539B75241B088BA5CB2BD6A6377EBE6A0C026E14E4D9F618149F3C","True"
"projects/02-task-scheduling/course/05_FreeRTOS_priorities/Firmware/GD32F4xx_usb_library/device/class/hid/Include/standard_hid_core.h","B43958E8EF0BB4E5939D1B1279F2B4D25791ABD357C51504FB08C6BF5CDE5A55","B43958E8EF0BB4E5939D1B1279F2B4D25791ABD357C51504FB08C6BF5CDE5A55","True"
"projects/02-task-scheduling/course/05_FreeRTOS_priorities/Firmware/GD32F4xx_usb_library/device/class/hid/Source/custom_hid_core.c","E31D924422097B600884693E2CFB38C20E4215861DFC8BBDFF3058C9A9133668","E31D924422097B600884693E2CFB38C20E4215861DFC8BBDFF3058C9A9133668","True"
"projects/02-task-scheduling/course/05_FreeRTOS_priorities/Firmware/GD32F4xx_usb_library/device/class/hid/Source/standard_hid_core.c","976542C7FC8C038846C71E4C5E6755B3C9364C8C09425F671FA694F1F14889A1","976542C7FC8C038846C71E4C5E6755B3C9364C8C09425F671FA694F1F14889A1","True"
"projects/02-task-scheduling/course/05_FreeRTOS_priorities/Firmware/GD32F4xx_usb_library/device/class/iap/Include/usb_iap_core.h","0C5491567E7452BE4CDC0099BC8F6E5B6ACA7B9C273FDB95647264938337C163","0C5491567E7452BE4CDC0099BC8F6E5B6ACA7B9C273FDB95647264938337C163","True"
"projects/02-task-scheduling/course/05_FreeRTOS_priorities/Firmware/GD32F4xx_usb_library/device/class/iap/Source/usb_iap_core.c","B48D8EDB4882F57E2EE0B7CD17D94A4EA574BBFDB3EF72F35355FB7B8CBF374D","B48D8EDB4882F57E2EE0B7CD17D94A4EA574BBFDB3EF72F35355FB7B8CBF374D","True"
"projects/02-task-scheduling/course/05_FreeRTOS_priorities/Firmware/GD32F4xx_usb_library/device/class/msc/Include/usbd_msc_bbb.h","FCE4E4A9E17E3C7AD6EF23BF6284354B3C1E0BC79E2E3D8C51C00C7CBA88598F","FCE4E4A9E17E3C7AD6EF23BF6284354B3C1E0BC79E2E3D8C51C00C7CBA88598F","True"
"projects/02-task-scheduling/course/05_FreeRTOS_priorities/Firmware/GD32F4xx_usb_library/device/class/msc/Include/usbd_msc_core.h","1B56E50C7F78BD46CC86E131565DA5A3CA050901171A99D33526283996D0062C","1B56E50C7F78BD46CC86E131565DA5A3CA050901171A99D33526283996D0062C","True"
"projects/02-task-scheduling/course/05_FreeRTOS_priorities/Firmware/GD32F4xx_usb_library/device/class/msc/Include/usbd_msc_mem.h","4219910F0D5565CBF2CB7DE2191FFFAD41F01F9903EC160827C6F441FC9FE241","4219910F0D5565CBF2CB7DE2191FFFAD41F01F9903EC160827C6F441FC9FE241","True"
"projects/02-task-scheduling/course/05_FreeRTOS_priorities/Firmware/GD32F4xx_usb_library/device/class/msc/Include/usbd_msc_scsi.h","8A843A759A5D1013DB6524B1547453013DA00C202F03A7011B604C8E79F96A2D","8A843A759A5D1013DB6524B1547453013DA00C202F03A7011B604C8E79F96A2D","True"
"projects/02-task-scheduling/course/05_FreeRTOS_priorities/Firmware/GD32F4xx_usb_library/device/class/msc/Source/usbd_msc_bbb.c","D613ECDDAB72A03DE672E4669F2549F5CE93259C09819FCBD78DB49DBBEFA4A5","D613ECDDAB72A03DE672E4669F2549F5CE93259C09819FCBD78DB49DBBEFA4A5","True"
"projects/02-task-scheduling/course/05_FreeRTOS_priorities/Firmware/GD32F4xx_usb_library/device/class/msc/Source/usbd_msc_core.c","5C5983C2884B08AA4A480B29929E20A502741C56CEFD717E48A6FE5C807BBB5C","5C5983C2884B08AA4A480B29929E20A502741C56CEFD717E48A6FE5C807BBB5C","True"
"projects/02-task-scheduling/course/05_FreeRTOS_priorities/Firmware/GD32F4xx_usb_library/device/class/msc/Source/usbd_msc_scsi.c","062E1DF310C0FEED9372585E09D4A317F65B8E0E03BD70C14AA7418A99C5EFFD","062E1DF310C0FEED9372585E09D4A317F65B8E0E03BD70C14AA7418A99C5EFFD","True"
"projects/02-task-scheduling/course/05_FreeRTOS_priorities/Firmware/GD32F4xx_usb_library/device/class/printer/Include/printer_core.h","4231DAE7349CC3643150EC1E90A5CEFB4ADF23ADC0314E82EF001BDFCD7D7E8C","4231DAE7349CC3643150EC1E90A5CEFB4ADF23ADC0314E82EF001BDFCD7D7E8C","True"
"projects/02-task-scheduling/course/05_FreeRTOS_priorities/Firmware/GD32F4xx_usb_library/device/class/printer/Source/printer_core.c","93EB77FF7A45DA1424244E1FFA25755A259E43B815D00B14C319BEC17A079831","93EB77FF7A45DA1424244E1FFA25755A259E43B815D00B14C319BEC17A079831","True"
"projects/02-task-scheduling/course/05_FreeRTOS_priorities/Firmware/GD32F4xx_usb_library/device/core/Include/usbd_core.h","A205D78D7C4299519538D5057744916BCB5459EC963BFBD6AA42101197B15041","A205D78D7C4299519538D5057744916BCB5459EC963BFBD6AA42101197B15041","True"
"projects/02-task-scheduling/course/05_FreeRTOS_priorities/Firmware/GD32F4xx_usb_library/device/core/Include/usbd_enum.h","9DE97ED85BA71120379BF876FAF752FA7900784D1614C18D1E9ECEA6C7E2C897","9DE97ED85BA71120379BF876FAF752FA7900784D1614C18D1E9ECEA6C7E2C897","True"
"projects/02-task-scheduling/course/05_FreeRTOS_priorities/Firmware/GD32F4xx_usb_library/device/core/Include/usbd_transc.h","7598A18B6AA5696B7D15C3F8DA6F0F04C37BCA44D48C86FD5A7BD92850A17681","7598A18B6AA5696B7D15C3F8DA6F0F04C37BCA44D48C86FD5A7BD92850A17681","True"
"projects/02-task-scheduling/course/05_FreeRTOS_priorities/Firmware/GD32F4xx_usb_library/device/core/Source/usbd_core.c","74A04240E3912EF2D959396250678FF65E41A6D65E4C92CDDB7BABEBC646A12F","74A04240E3912EF2D959396250678FF65E41A6D65E4C92CDDB7BABEBC646A12F","True"
"projects/02-task-scheduling/course/05_FreeRTOS_priorities/Firmware/GD32F4xx_usb_library/device/core/Source/usbd_enum.c","07C9D4AF518D9659D3696A574638D2238413C849345915F347B1CE91C02A81EE","07C9D4AF518D9659D3696A574638D2238413C849345915F347B1CE91C02A81EE","True"
"projects/02-task-scheduling/course/05_FreeRTOS_priorities/Firmware/GD32F4xx_usb_library/device/core/Source/usbd_transc.c","CE5E569F4CBB0918250C03000276FD987E116E69F489EEC7B049B790A5A87F37","CE5E569F4CBB0918250C03000276FD987E116E69F489EEC7B049B790A5A87F37","True"
"projects/02-task-scheduling/course/05_FreeRTOS_priorities/Firmware/GD32F4xx_usb_library/driver/Include/drv_usb_core.h","D7957D291F199B35772CE89782B17558BCC73B935F66F80C5B7FBE16DDBA5875","D7957D291F199B35772CE89782B17558BCC73B935F66F80C5B7FBE16DDBA5875","True"
"projects/02-task-scheduling/course/05_FreeRTOS_priorities/Firmware/GD32F4xx_usb_library/driver/Include/drv_usb_dev.h","CAF5D56EBAFDBA9FC9F167418A1616E4291B112EDBF47A8654BD9A98F8C17B9A","CAF5D56EBAFDBA9FC9F167418A1616E4291B112EDBF47A8654BD9A98F8C17B9A","True"
"projects/02-task-scheduling/course/05_FreeRTOS_priorities/Firmware/GD32F4xx_usb_library/driver/Include/drv_usb_host.h","FB4056A260F60FDA977AB1139EBFCF00E53B5C3E697FDDA573B902A413BFFF14","FB4056A260F60FDA977AB1139EBFCF00E53B5C3E697FDDA573B902A413BFFF14","True"
"projects/02-task-scheduling/course/05_FreeRTOS_priorities/Firmware/GD32F4xx_usb_library/driver/Include/drv_usb_hw.h","81DBB2D76CD496106998EAA694DA78184988C9618E06CFE573E5D6B5FA1C1F20","81DBB2D76CD496106998EAA694DA78184988C9618E06CFE573E5D6B5FA1C1F20","True"
"projects/02-task-scheduling/course/05_FreeRTOS_priorities/Firmware/GD32F4xx_usb_library/driver/Include/drv_usb_regs.h","048A97F0FF66F557EE6A5E829F8AA0336D69E13E63151CF4D64092D0FF9606BA","048A97F0FF66F557EE6A5E829F8AA0336D69E13E63151CF4D64092D0FF9606BA","True"
"projects/02-task-scheduling/course/05_FreeRTOS_priorities/Firmware/GD32F4xx_usb_library/driver/Include/drv_usbd_int.h","3B71749A04450BBEC4838039BC3C6482EE1D7ECB509B97DA5151F362F918A8F4","3B71749A04450BBEC4838039BC3C6482EE1D7ECB509B97DA5151F362F918A8F4","True"
"projects/02-task-scheduling/course/05_FreeRTOS_priorities/Firmware/GD32F4xx_usb_library/driver/Include/drv_usbh_int.h","5268EE8F0ACCEE9C9E848AE421F3F1B83B8EFA72B8854F08A5756C16C3873997","5268EE8F0ACCEE9C9E848AE421F3F1B83B8EFA72B8854F08A5756C16C3873997","True"
"projects/02-task-scheduling/course/05_FreeRTOS_priorities/Firmware/GD32F4xx_usb_library/driver/Source/drv_usb_core.c","B90492A8404BCBDCBBA9D31D38AD75D2D85B6014CCACF6EEA77B23F69CF5F623","B90492A8404BCBDCBBA9D31D38AD75D2D85B6014CCACF6EEA77B23F69CF5F623","True"
"projects/02-task-scheduling/course/05_FreeRTOS_priorities/Firmware/GD32F4xx_usb_library/driver/Source/drv_usb_dev.c","93CA6CD491C5E0FEA197D5AC7F10BA23E6973543DA7AEED38BFC1AE3A0DC474B","93CA6CD491C5E0FEA197D5AC7F10BA23E6973543DA7AEED38BFC1AE3A0DC474B","True"
"projects/02-task-scheduling/course/05_FreeRTOS_priorities/Firmware/GD32F4xx_usb_library/driver/Source/drv_usb_host.c","D9F6DE1A16C13351C6947A1D8C735A2FA2EF6495159EF75E8C84A903003853EA","D9F6DE1A16C13351C6947A1D8C735A2FA2EF6495159EF75E8C84A903003853EA","True"
"projects/02-task-scheduling/course/05_FreeRTOS_priorities/Firmware/GD32F4xx_usb_library/driver/Source/drv_usbd_int.c","6D629C1B2EE8A05BD9C1B8E20F2664410AFC9608E9489CCAC5BE881D10D0A715","6D629C1B2EE8A05BD9C1B8E20F2664410AFC9608E9489CCAC5BE881D10D0A715","True"
"projects/02-task-scheduling/course/05_FreeRTOS_priorities/Firmware/GD32F4xx_usb_library/driver/Source/drv_usbh_int.c","4D390034615DF35FB792026BD76844C922F387580E291039F1BC5F6B6C982486","4D390034615DF35FB792026BD76844C922F387580E291039F1BC5F6B6C982486","True"
"projects/02-task-scheduling/course/05_FreeRTOS_priorities/Firmware/GD32F4xx_usb_library/host/class/hid/Include/usbh_hid_core.h","0DEC84719141C68389EC4F957111FB6DC21A5BE55159A808A9D4D20759E447AA","0DEC84719141C68389EC4F957111FB6DC21A5BE55159A808A9D4D20759E447AA","True"
"projects/02-task-scheduling/course/05_FreeRTOS_priorities/Firmware/GD32F4xx_usb_library/host/class/hid/Include/usbh_standard_hid.h","9DFF3D162D5690F986145FC6A50E8BE49EE6EA57B0DF5DE92708173ECE1231A8","9DFF3D162D5690F986145FC6A50E8BE49EE6EA57B0DF5DE92708173ECE1231A8","True"
"projects/02-task-scheduling/course/05_FreeRTOS_priorities/Firmware/GD32F4xx_usb_library/host/class/hid/Source/usbh_hid_core.c","2CDAFDF63EBB98A454A09ACC070B9C2E925C7EEC29AF318F1A8CE5F913C5D200","2CDAFDF63EBB98A454A09ACC070B9C2E925C7EEC29AF318F1A8CE5F913C5D200","True"
"projects/02-task-scheduling/course/05_FreeRTOS_priorities/Firmware/GD32F4xx_usb_library/host/class/hid/Source/usbh_standard_hid.c","324F535D3213364159EF30D0AB69CB69472D94EE6A25F07D1C624D1B4BB315C3","324F535D3213364159EF30D0AB69CB69472D94EE6A25F07D1C624D1B4BB315C3","True"
"projects/02-task-scheduling/course/05_FreeRTOS_priorities/Firmware/GD32F4xx_usb_library/host/class/msc/Include/usbh_msc_bbb.h","FE164E019DB850549FA0EDB8A4B2F0C38FF1C7540A834B935C91268D0E275FF8","FE164E019DB850549FA0EDB8A4B2F0C38FF1C7540A834B935C91268D0E275FF8","True"
"projects/02-task-scheduling/course/05_FreeRTOS_priorities/Firmware/GD32F4xx_usb_library/host/class/msc/Include/usbh_msc_core.h","34B4B4AED85F332B815096EE4C39FBA67C77FEF1F9EB79FC470603568CBE2DC9","34B4B4AED85F332B815096EE4C39FBA67C77FEF1F9EB79FC470603568CBE2DC9","True"
"projects/02-task-scheduling/course/05_FreeRTOS_priorities/Firmware/GD32F4xx_usb_library/host/class/msc/Include/usbh_msc_scsi.h","E6E8CA26D9A2ABFFE14A21AF356CB07C4058D9052DFD22B46205EC11884A867A","E6E8CA26D9A2ABFFE14A21AF356CB07C4058D9052DFD22B46205EC11884A867A","True"
"projects/02-task-scheduling/course/05_FreeRTOS_priorities/Firmware/GD32F4xx_usb_library/host/class/msc/Source/usbh_msc_bbb.c","2A82AD623D78CCC1802D851AB7FB124D6ABB5DBEA980AA8C6517E26FF906E049","2A82AD623D78CCC1802D851AB7FB124D6ABB5DBEA980AA8C6517E26FF906E049","True"
"projects/02-task-scheduling/course/05_FreeRTOS_priorities/Firmware/GD32F4xx_usb_library/host/class/msc/Source/usbh_msc_core.c","5DF338C15161E6C7A6424179245E0E373973B22E81DEA91111AD5613AE0C8690","5DF338C15161E6C7A6424179245E0E373973B22E81DEA91111AD5613AE0C8690","True"
"projects/02-task-scheduling/course/05_FreeRTOS_priorities/Firmware/GD32F4xx_usb_library/host/class/msc/Source/usbh_msc_fatfs.c","8FD0C5B44F9AC0E35427803F9761E40A5297CAA2ACC078CB9FDE3C25BA4036B1","8FD0C5B44F9AC0E35427803F9761E40A5297CAA2ACC078CB9FDE3C25BA4036B1","True"
"projects/02-task-scheduling/course/05_FreeRTOS_priorities/Firmware/GD32F4xx_usb_library/host/class/msc/Source/usbh_msc_scsi.c","45E6AD746800250C90834AC684D207DA486F3F0FDA8503284DEF2C537F952A85","45E6AD746800250C90834AC684D207DA486F3F0FDA8503284DEF2C537F952A85","True"
"projects/02-task-scheduling/course/05_FreeRTOS_priorities/Firmware/GD32F4xx_usb_library/host/core/Include/usbh_core.h","8919B0DA3BC89862AC89DA53BD34CC4F8AF2F7ECEBF23493D3BC0980570EC67D","8919B0DA3BC89862AC89DA53BD34CC4F8AF2F7ECEBF23493D3BC0980570EC67D","True"
"projects/02-task-scheduling/course/05_FreeRTOS_priorities/Firmware/GD32F4xx_usb_library/host/core/Include/usbh_enum.h","A08D6A471BE77A6BFDF916E166E4A95B49358F209E0708080E4A441D7D454897","A08D6A471BE77A6BFDF916E166E4A95B49358F209E0708080E4A441D7D454897","True"
"projects/02-task-scheduling/course/05_FreeRTOS_priorities/Firmware/GD32F4xx_usb_library/host/core/Include/usbh_pipe.h","D1AA31749DB419F147E34BF1608F3C79D8846FC9067B138CE90DCC6D68A724B2","D1AA31749DB419F147E34BF1608F3C79D8846FC9067B138CE90DCC6D68A724B2","True"
"projects/02-task-scheduling/course/05_FreeRTOS_priorities/Firmware/GD32F4xx_usb_library/host/core/Include/usbh_transc.h","B0A9300C836592E16782062A0D898645ADC64EFD21AD96F46B8EF6EBD876499C","B0A9300C836592E16782062A0D898645ADC64EFD21AD96F46B8EF6EBD876499C","True"
"projects/02-task-scheduling/course/05_FreeRTOS_priorities/Firmware/GD32F4xx_usb_library/host/core/Source/usbh_core.c","2E61C1493A0F04D944A9B1E01924A57908552C5C5920F357DF984F098988DF08","2E61C1493A0F04D944A9B1E01924A57908552C5C5920F357DF984F098988DF08","True"
"projects/02-task-scheduling/course/05_FreeRTOS_priorities/Firmware/GD32F4xx_usb_library/host/core/Source/usbh_enum.c","273217F6826C6D57A1D210D2A58974AE97A27E15951B98BE25BBCCDEA8133871","273217F6826C6D57A1D210D2A58974AE97A27E15951B98BE25BBCCDEA8133871","True"
"projects/02-task-scheduling/course/05_FreeRTOS_priorities/Firmware/GD32F4xx_usb_library/host/core/Source/usbh_pipe.c","E8A4253E2A4224333C4343EE0FFD5F280C9875EF57702F44C1973CBD42EDD2E0","E8A4253E2A4224333C4343EE0FFD5F280C9875EF57702F44C1973CBD42EDD2E0","True"
"projects/02-task-scheduling/course/05_FreeRTOS_priorities/Firmware/GD32F4xx_usb_library/host/core/Source/usbh_transc.c","CF1AE1FCF884275E82634538E997D8D24C31FBE959140909F5BB4E34BCA0BBEF","CF1AE1FCF884275E82634538E997D8D24C31FBE959140909F5BB4E34BCA0BBEF","True"
"projects/02-task-scheduling/course/05_FreeRTOS_priorities/Firmware/GD32F4xx_usb_library/ustd/class/cdc/usb_cdc.h","FCD43C4F51573D30F01573E2D2856E0BE969C8FFD02D415AADFB69A595DECF4E","FCD43C4F51573D30F01573E2D2856E0BE969C8FFD02D415AADFB69A595DECF4E","True"
"projects/02-task-scheduling/course/05_FreeRTOS_priorities/Firmware/GD32F4xx_usb_library/ustd/class/hid/usb_hid.h","F3C6A02D4FC46F9512465B6EB2951C8CDDB956AF73422AAB9D2A1BAFC69F2E7B","F3C6A02D4FC46F9512465B6EB2951C8CDDB956AF73422AAB9D2A1BAFC69F2E7B","True"
"projects/02-task-scheduling/course/05_FreeRTOS_priorities/Firmware/GD32F4xx_usb_library/ustd/class/msc/msc_bbb.h","B884B8F8F7CFAF22512EDE7AE709B5F3591E126D2919AECF4E2B4D7EFEA1F5D6","B884B8F8F7CFAF22512EDE7AE709B5F3591E126D2919AECF4E2B4D7EFEA1F5D6","True"
"projects/02-task-scheduling/course/05_FreeRTOS_priorities/Firmware/GD32F4xx_usb_library/ustd/class/msc/msc_scsi.h","8842CF305E996369687FA89568C9AEE3D46F745E1AEF6EB58B1A3F519F863631","8842CF305E996369687FA89568C9AEE3D46F745E1AEF6EB58B1A3F519F863631","True"
"projects/02-task-scheduling/course/05_FreeRTOS_priorities/Firmware/GD32F4xx_usb_library/ustd/class/msc/usb_msc.h","E3C2A096085131687F121DE426EF9154F23CCC26E877129243A648FB8C90B216","E3C2A096085131687F121DE426EF9154F23CCC26E877129243A648FB8C90B216","True"
"projects/02-task-scheduling/course/05_FreeRTOS_priorities/Firmware/GD32F4xx_usb_library/ustd/common/usb_ch9_std.h","B5249865F377709E456F76CA76CA5499ACE39BAD6A452832DBE535F1989C6D22","B5249865F377709E456F76CA76CA5499ACE39BAD6A452832DBE535F1989C6D22","True"
"projects/02-task-scheduling/course/05_FreeRTOS_priorities/FreeRTOS/CMakeLists.txt","277777817A51C3B8548C84A61CF5341C43DA40769C833A05AD46FDBD6F7CEED7","277777817A51C3B8548C84A61CF5341C43DA40769C833A05AD46FDBD6F7CEED7","True"
"projects/02-task-scheduling/course/05_FreeRTOS_priorities/FreeRTOS/croutine.c","EBF0CDCE261DC4A256C06C0D4AD2582E6026A6DA0E973D4CB92092E94CE8F370","EBF0CDCE261DC4A256C06C0D4AD2582E6026A6DA0E973D4CB92092E94CE8F370","True"
"projects/02-task-scheduling/course/05_FreeRTOS_priorities/FreeRTOS/event_groups.c","76E967B14D231E4F31F014F1564F359A7BFD36BFA263EE6F437AFA8C056DF657","76E967B14D231E4F31F014F1564F359A7BFD36BFA263EE6F437AFA8C056DF657","True"
"projects/02-task-scheduling/course/05_FreeRTOS_priorities/FreeRTOS/FreeRTOSConfig.h","EC7813944B2A65C2EF749C6164B0EB1BD1D59EBF1C84C115777317A604C8B0C6","EC7813944B2A65C2EF749C6164B0EB1BD1D59EBF1C84C115777317A604C8B0C6","True"
"projects/02-task-scheduling/course/05_FreeRTOS_priorities/FreeRTOS/include/atomic.h","E6EB26727C6CD0A87E4DEC91CC55B2B1313CC3829E06662A0C73E62CAFD1E751","E6EB26727C6CD0A87E4DEC91CC55B2B1313CC3829E06662A0C73E62CAFD1E751","True"
"projects/02-task-scheduling/course/05_FreeRTOS_priorities/FreeRTOS/include/croutine.h","CF52C15FA26A8D4F82B55909B75EBFE2AAB25468BA7780748912DDEAD9812B4E","CF52C15FA26A8D4F82B55909B75EBFE2AAB25468BA7780748912DDEAD9812B4E","True"
"projects/02-task-scheduling/course/05_FreeRTOS_priorities/FreeRTOS/include/deprecated_definitions.h","35000A143464BBBD8DF7C9A6F066A64598A24DA5174A7BE33972E62BFBD75F4D","35000A143464BBBD8DF7C9A6F066A64598A24DA5174A7BE33972E62BFBD75F4D","True"
"projects/02-task-scheduling/course/05_FreeRTOS_priorities/FreeRTOS/include/event_groups.h","7A38D7A3CE24BD2FF6C6003C94EEA7AA7972179B1F17C1A91374334C6069F027","7A38D7A3CE24BD2FF6C6003C94EEA7AA7972179B1F17C1A91374334C6069F027","True"
"projects/02-task-scheduling/course/05_FreeRTOS_priorities/FreeRTOS/include/FreeRTOS.h","03E9C94ABA57E3CF7F4F73BC2D3EB4A96AE38F3425EEDB5450622CA286475A0B","03E9C94ABA57E3CF7F4F73BC2D3EB4A96AE38F3425EEDB5450622CA286475A0B","True"
"projects/02-task-scheduling/course/05_FreeRTOS_priorities/FreeRTOS/include/list.h","DC572F54391C0407FC25DB360D912FCA9118CDDAE7BD2E3099EB13F18804E5A9","DC572F54391C0407FC25DB360D912FCA9118CDDAE7BD2E3099EB13F18804E5A9","True"
"projects/02-task-scheduling/course/05_FreeRTOS_priorities/FreeRTOS/include/message_buffer.h","9A8141D3D6C8044A57D7E448180C9BD2ED32E45DED32BE288D095A39DCED91AB","9A8141D3D6C8044A57D7E448180C9BD2ED32E45DED32BE288D095A39DCED91AB","True"
"projects/02-task-scheduling/course/05_FreeRTOS_priorities/FreeRTOS/include/mpu_prototypes.h","2B46A2511CE5D23A56BC83079333D8D0A2E33763E5829C9383252806887A3DC0","2B46A2511CE5D23A56BC83079333D8D0A2E33763E5829C9383252806887A3DC0","True"
"projects/02-task-scheduling/course/05_FreeRTOS_priorities/FreeRTOS/include/mpu_wrappers.h","5014408CC33F0F616215F2B48C67B0D47CCC35BFD5F0044AC653B5BBC6CF5778","5014408CC33F0F616215F2B48C67B0D47CCC35BFD5F0044AC653B5BBC6CF5778","True"
"projects/02-task-scheduling/course/05_FreeRTOS_priorities/FreeRTOS/include/portable.h","7ADE8F368002778C723B3C4E14084910B7225CD36363ED0C948E9EA36C6F251F","7ADE8F368002778C723B3C4E14084910B7225CD36363ED0C948E9EA36C6F251F","True"
"projects/02-task-scheduling/course/05_FreeRTOS_priorities/FreeRTOS/include/projdefs.h","F1FA9FAA0D14851DFF86AACA00559F4B474E5F6D68772D0072842E25351D98B3","F1FA9FAA0D14851DFF86AACA00559F4B474E5F6D68772D0072842E25351D98B3","True"
"projects/02-task-scheduling/course/05_FreeRTOS_priorities/FreeRTOS/include/queue.h","A3763E24A5A3A38413996FC8392EFD6ADD1D1EE3EF507FBA22DAF75682241FEB","A3763E24A5A3A38413996FC8392EFD6ADD1D1EE3EF507FBA22DAF75682241FEB","True"
"projects/02-task-scheduling/course/05_FreeRTOS_priorities/FreeRTOS/include/semphr.h","C624E8CDFC07844D4CF35382F3CC908C872375C7A3048482BDC110BDA88CC4F2","C624E8CDFC07844D4CF35382F3CC908C872375C7A3048482BDC110BDA88CC4F2","True"
"projects/02-task-scheduling/course/05_FreeRTOS_priorities/FreeRTOS/include/stack_macros.h","3CDDF2B3D47AE387E376AC75EB468F9D8FFB575D68C143E08D54AF4087474CCE","3CDDF2B3D47AE387E376AC75EB468F9D8FFB575D68C143E08D54AF4087474CCE","True"
"projects/02-task-scheduling/course/05_FreeRTOS_priorities/FreeRTOS/include/StackMacros.h","6460E81C910496D51BC39011E35D17F5B5437B5DEB03F9E91222F796D8C8BF79","6460E81C910496D51BC39011E35D17F5B5437B5DEB03F9E91222F796D8C8BF79","True"
"projects/02-task-scheduling/course/05_FreeRTOS_priorities/FreeRTOS/include/stream_buffer.h","B876D839460197D94D0F95FB93C6AEB457F6FC572D32258480FED7D4DE686B6B","B876D839460197D94D0F95FB93C6AEB457F6FC572D32258480FED7D4DE686B6B","True"
"projects/02-task-scheduling/course/05_FreeRTOS_priorities/FreeRTOS/include/task.h","CB1B0BBCDC66E39BA3B5A09B3E2829A5D376B8990735980613514903A3C5F493","CB1B0BBCDC66E39BA3B5A09B3E2829A5D376B8990735980613514903A3C5F493","True"
"projects/02-task-scheduling/course/05_FreeRTOS_priorities/FreeRTOS/include/timers.h","08D73A99380A1BA61376258C52F4FDDF5DF5B6DCBE0F86B0EA03F11A5CA58459","08D73A99380A1BA61376258C52F4FDDF5DF5B6DCBE0F86B0EA03F11A5CA58459","True"
"projects/02-task-scheduling/course/05_FreeRTOS_priorities/FreeRTOS/list.c","DB5C169CF3EFD68DA1C6A923AC84EEBC724D602C940BDE0B9B5F01F05028FDE4","DB5C169CF3EFD68DA1C6A923AC84EEBC724D602C940BDE0B9B5F01F05028FDE4","True"
"projects/02-task-scheduling/course/05_FreeRTOS_priorities/FreeRTOS/manifest.yml","F71AEBB742E00AD33F877B3B679B4C24CDB709D7980C3E7836438758DBAA0139","F71AEBB742E00AD33F877B3B679B4C24CDB709D7980C3E7836438758DBAA0139","True"
"projects/02-task-scheduling/course/05_FreeRTOS_priorities/FreeRTOS/portable/GCC/ARM_CM4F/port.c","11F2202099ED9A73F5AE5EF9DAC414F6D9B257D6480BD9C9A1E38A71B3EE8D41","11F2202099ED9A73F5AE5EF9DAC414F6D9B257D6480BD9C9A1E38A71B3EE8D41","True"
"projects/02-task-scheduling/course/05_FreeRTOS_priorities/FreeRTOS/portable/GCC/ARM_CM4F/portmacro.h","D569E2A29AF1C742B69CB16E15D256611FA7979BDA2B355E03426D3C40369E42","D569E2A29AF1C742B69CB16E15D256611FA7979BDA2B355E03426D3C40369E42","True"
"projects/02-task-scheduling/course/05_FreeRTOS_priorities/FreeRTOS/portable/MemMang/heap_1.c","286E3FEE81C9107FC6DEC40405F500CABDCA56836D29747C182F0899BB8997FD","286E3FEE81C9107FC6DEC40405F500CABDCA56836D29747C182F0899BB8997FD","True"
"projects/02-task-scheduling/course/05_FreeRTOS_priorities/FreeRTOS/portable/MemMang/heap_2.c","A7B035B9ED786593143C8317ACFB49DE21B6450F246036A72331593577E5408B","A7B035B9ED786593143C8317ACFB49DE21B6450F246036A72331593577E5408B","True"
"projects/02-task-scheduling/course/05_FreeRTOS_priorities/FreeRTOS/portable/MemMang/heap_3.c","E2D5DBB3F3CCBADD8E7AE778F30C18D28B0532EBFE81B03AA6A20E3F75242853","E2D5DBB3F3CCBADD8E7AE778F30C18D28B0532EBFE81B03AA6A20E3F75242853","True"
"projects/02-task-scheduling/course/05_FreeRTOS_priorities/FreeRTOS/portable/MemMang/heap_4.c","D48A51E34CAED771E6650D95F6C2527E52FDE2A6EBC6F83B49D003AEF0135E05","D48A51E34CAED771E6650D95F6C2527E52FDE2A6EBC6F83B49D003AEF0135E05","True"
"projects/02-task-scheduling/course/05_FreeRTOS_priorities/FreeRTOS/portable/MemMang/heap_5.c","71B7988059E801A962DC76B956666AAB5564788D5AE437F590080DCB3FDF1881","71B7988059E801A962DC76B956666AAB5564788D5AE437F590080DCB3FDF1881","True"
"projects/02-task-scheduling/course/05_FreeRTOS_priorities/FreeRTOS/portable/RVDS/ARM_CA9/port.c","484F1EF17F58F3DF0B06026E1BFC8E44471DF51B33CB36D196A2D61369085A9B","484F1EF17F58F3DF0B06026E1BFC8E44471DF51B33CB36D196A2D61369085A9B","True"
"projects/02-task-scheduling/course/05_FreeRTOS_priorities/FreeRTOS/portable/RVDS/ARM_CA9/portASM.s","CECD728B929B81E8484C603CA00A0F95754C8EC3FF5F6D51728A3563C2E1187C","CECD728B929B81E8484C603CA00A0F95754C8EC3FF5F6D51728A3563C2E1187C","True"
"projects/02-task-scheduling/course/05_FreeRTOS_priorities/FreeRTOS/portable/RVDS/ARM_CA9/portmacro.h","AF5E80736D03E02590745B6781BB03809D68721BFAB0213C02B3697A4C4F8814","AF5E80736D03E02590745B6781BB03809D68721BFAB0213C02B3697A4C4F8814","True"
"projects/02-task-scheduling/course/05_FreeRTOS_priorities/FreeRTOS/portable/RVDS/ARM_CM0/port.c","76BE44D607E9E2CB32743386F1A97FF98E7463744DAF687773A0967B00B7F20F","76BE44D607E9E2CB32743386F1A97FF98E7463744DAF687773A0967B00B7F20F","True"
"projects/02-task-scheduling/course/05_FreeRTOS_priorities/FreeRTOS/portable/RVDS/ARM_CM0/portmacro.h","8E89F1A754EFF06CDCC206A4BDC13F41211D31A432981759FA25B184941078DE","8E89F1A754EFF06CDCC206A4BDC13F41211D31A432981759FA25B184941078DE","True"
"projects/02-task-scheduling/course/05_FreeRTOS_priorities/FreeRTOS/portable/RVDS/ARM_CM3/port.c","0F5A2323E1BDC135D37FA40DAFAC766095C46FE623F9A20CBF2F0D92405B4067","0F5A2323E1BDC135D37FA40DAFAC766095C46FE623F9A20CBF2F0D92405B4067","True"
"projects/02-task-scheduling/course/05_FreeRTOS_priorities/FreeRTOS/portable/RVDS/ARM_CM3/portmacro.h","7B6EEFBBA5194658CF11B14F97DD540B1CEEDCB40178F0C97244A063AC53F4E2","7B6EEFBBA5194658CF11B14F97DD540B1CEEDCB40178F0C97244A063AC53F4E2","True"
"projects/02-task-scheduling/course/05_FreeRTOS_priorities/FreeRTOS/portable/RVDS/ARM_CM4_MPU/port.c","1EBEB0A72801D79FAB99F4D1C43B5D2F34DC75C34E9D39A25F057B304E40685C","1EBEB0A72801D79FAB99F4D1C43B5D2F34DC75C34E9D39A25F057B304E40685C","True"
"projects/02-task-scheduling/course/05_FreeRTOS_priorities/FreeRTOS/portable/RVDS/ARM_CM4_MPU/portmacro.h","4149E8C08E5AE89F05E1E1E8C5B3BD87143321FDF4510F5693885624B8148DDE","4149E8C08E5AE89F05E1E1E8C5B3BD87143321FDF4510F5693885624B8148DDE","True"
"projects/02-task-scheduling/course/05_FreeRTOS_priorities/FreeRTOS/portable/RVDS/ARM_CM4F/port.c","6493BDBCD8AC57B5739EDB5CECC8E55EF9C82A8F978FC2F05BE19B2FAF46CEDF","6493BDBCD8AC57B5739EDB5CECC8E55EF9C82A8F978FC2F05BE19B2FAF46CEDF","True"
"projects/02-task-scheduling/course/05_FreeRTOS_priorities/FreeRTOS/portable/RVDS/ARM_CM4F/portmacro.h","9AA2265C543E086FD40A1B22C3BAFE0E4C2950E1E1F6DE05C803E13D621F9438","9AA2265C543E086FD40A1B22C3BAFE0E4C2950E1E1F6DE05C803E13D621F9438","True"
"projects/02-task-scheduling/course/05_FreeRTOS_priorities/FreeRTOS/portable/RVDS/ARM_CM7/r0p1/port.c","0B428C045198D97CBF2C7B4BECB063FB067EE8F765F263A37EF3286839B4FE12","0B428C045198D97CBF2C7B4BECB063FB067EE8F765F263A37EF3286839B4FE12","True"
"projects/02-task-scheduling/course/05_FreeRTOS_priorities/FreeRTOS/portable/RVDS/ARM_CM7/r0p1/portmacro.h","641CCD46A7EBA0E476DEFE30B350847FEE8044DFBF503B6E1ECB9CE3CDACF9F9","641CCD46A7EBA0E476DEFE30B350847FEE8044DFBF503B6E1ECB9CE3CDACF9F9","True"
"projects/02-task-scheduling/course/05_FreeRTOS_priorities/FreeRTOS/portable/RVDS/ARM_CM7/ReadMe.txt","710C88C6D9BFCC4645C414F151EE23F4C28FB8B4932308B5EB7109EF07B1D1C6","710C88C6D9BFCC4645C414F151EE23F4C28FB8B4932308B5EB7109EF07B1D1C6","True"
"projects/02-task-scheduling/course/05_FreeRTOS_priorities/FreeRTOS/portable/RVDS/ARM7_LPC21xx/port.c","4F79AF04C94548F73D9DEEA4A81CC841FF172B8D1E27C5E544FB243BD3F147B3","4F79AF04C94548F73D9DEEA4A81CC841FF172B8D1E27C5E544FB243BD3F147B3","True"
"projects/02-task-scheduling/course/05_FreeRTOS_priorities/FreeRTOS/portable/RVDS/ARM7_LPC21xx/portASM.s","EEC6FD2E493EE97E8592C715AEC32C12EF8E5CEC861DEFCCCC6E30AE584FAFD6","EEC6FD2E493EE97E8592C715AEC32C12EF8E5CEC861DEFCCCC6E30AE584FAFD6","True"
"projects/02-task-scheduling/course/05_FreeRTOS_priorities/FreeRTOS/portable/RVDS/ARM7_LPC21xx/portmacro.h","7B796FC47E27A4AC381510536369605571DB0ECDD36BA9DBDB7AB4C02FC81C92","7B796FC47E27A4AC381510536369605571DB0ECDD36BA9DBDB7AB4C02FC81C92","True"
"projects/02-task-scheduling/course/05_FreeRTOS_priorities/FreeRTOS/queue.c","5CDF4FA35FE059446EFFFF5BF20DEAF83DDFFB08921BC198FDA106B1D17DD894","5CDF4FA35FE059446EFFFF5BF20DEAF83DDFFB08921BC198FDA106B1D17DD894","True"
"projects/02-task-scheduling/course/05_FreeRTOS_priorities/FreeRTOS/stream_buffer.c","86D948694C723B814C9606A6C804EA7C1BD30B3DA518D1D6A83B81F972E3A152","86D948694C723B814C9606A6C804EA7C1BD30B3DA518D1D6A83B81F972E3A152","True"
"projects/02-task-scheduling/course/05_FreeRTOS_priorities/FreeRTOS/tasks.c","14020D617B96DD2814E1211F6E3B645BCF5E2BD3179C23FE7DD16BC666FE9463","14020D617B96DD2814E1211F6E3B645BCF5E2BD3179C23FE7DD16BC666FE9463","True"
"projects/02-task-scheduling/course/05_FreeRTOS_priorities/FreeRTOS/timers.c","24962EF361F396AAA5E6E33776EEEDDAF2FB251C87B6FE50602ACC56C537B093","24962EF361F396AAA5E6E33776EEEDDAF2FB251C87B6FE50602ACC56C537B093","True"
"projects/02-task-scheduling/course/05_FreeRTOS_priorities/Hardware/bsp_buzzer.c","DB132610BB9FD25BB3606FEE7C189AD01FB3F68FEF38D105A74C0609C66B5CEE","DB132610BB9FD25BB3606FEE7C189AD01FB3F68FEF38D105A74C0609C66B5CEE","True"
"projects/02-task-scheduling/course/05_FreeRTOS_priorities/Hardware/bsp_buzzer.h","A849E5A19D17A5DED0E7438846AFA0D5E3636544ABFC356B361024CA882EC6C5","A849E5A19D17A5DED0E7438846AFA0D5E3636544ABFC356B361024CA882EC6C5","True"
"projects/02-task-scheduling/course/05_FreeRTOS_priorities/Hardware/bsp_buzzer2.c","D4F400CA00C8ACE082181E1D587A2B1CE7CC29C870BCA80C8A920BF78710B2C1","D4F400CA00C8ACE082181E1D587A2B1CE7CC29C870BCA80C8A920BF78710B2C1","True"
"projects/02-task-scheduling/course/05_FreeRTOS_priorities/Hardware/bsp_buzzer2.h","A849E5A19D17A5DED0E7438846AFA0D5E3636544ABFC356B361024CA882EC6C5","A849E5A19D17A5DED0E7438846AFA0D5E3636544ABFC356B361024CA882EC6C5","True"
"projects/02-task-scheduling/course/05_FreeRTOS_priorities/Library/EXTI_config.h","0FD94A8DF148AC6618D5CAA1F2788003CE63E2B27E13A31000428E29D095542B","0FD94A8DF148AC6618D5CAA1F2788003CE63E2B27E13A31000428E29D095542B","True"
"projects/02-task-scheduling/course/05_FreeRTOS_priorities/Library/EXTI.c","528D0B3C2AC1F1661095497895FDB15FF878723CF351D28F3D3EE13F79DF8AE2","528D0B3C2AC1F1661095497895FDB15FF878723CF351D28F3D3EE13F79DF8AE2","True"
"projects/02-task-scheduling/course/05_FreeRTOS_priorities/Library/EXTI.h","63711925072BE76CE24B295341905A97BDD73234E1EFB33A28A0CEC82E3CD6C2","63711925072BE76CE24B295341905A97BDD73234E1EFB33A28A0CEC82E3CD6C2","True"
"projects/02-task-scheduling/course/05_FreeRTOS_priorities/Library/I2C0.c","1902450E399F26AB11BABACB640C9C56389B2188FF852E3E6A58D60E16AF528E","1902450E399F26AB11BABACB640C9C56389B2188FF852E3E6A58D60E16AF528E","True"
"projects/02-task-scheduling/course/05_FreeRTOS_priorities/Library/I2C0.h","E30F8BA27DF76E3682B8D0325EB2B9DAAF13A20CFF0E1FC59A4625625996AF42","E30F8BA27DF76E3682B8D0325EB2B9DAAF13A20CFF0E1FC59A4625625996AF42","True"
"projects/02-task-scheduling/course/05_FreeRTOS_priorities/Library/TIMER_config.h","BD74AB72F9068615F9AB44169B11F6EF25CD9BC3D4CD0E27A95BE4AE24608766","BD74AB72F9068615F9AB44169B11F6EF25CD9BC3D4CD0E27A95BE4AE24608766","True"
"projects/02-task-scheduling/course/05_FreeRTOS_priorities/Library/TIMER.c","68A9D9BBDB446C51E0C577B7E7969E8F3513AF7E4736C10BC6D579FBF5661435","68A9D9BBDB446C51E0C577B7E7969E8F3513AF7E4736C10BC6D579FBF5661435","True"
"projects/02-task-scheduling/course/05_FreeRTOS_priorities/Library/TIMER.h","51A72D9863C245195AD3CD40ADDB0D573930D5AB540B30D3D971AD2AF6B2E80E","51A72D9863C245195AD3CD40ADDB0D573930D5AB540B30D3D971AD2AF6B2E80E","True"
"projects/02-task-scheduling/course/05_FreeRTOS_priorities/Library/USART_config.h","73E72408B41955E419784B2A24B0FBD8AD81A334AA38EB9DB60A7DDAE97AD633","73E72408B41955E419784B2A24B0FBD8AD81A334AA38EB9DB60A7DDAE97AD633","True"
"projects/02-task-scheduling/course/05_FreeRTOS_priorities/Library/USART0.c","325E153A7388566303CC9DA901A87ED2A3D158D0238FA4A36A20EB17B1067606","325E153A7388566303CC9DA901A87ED2A3D158D0238FA4A36A20EB17B1067606","True"
"projects/02-task-scheduling/course/05_FreeRTOS_priorities/Library/USART0.h","6016FD90E22446BB90BE0996EA5EE6493AB9CDF6E7F71024ED583F05C4860399","6016FD90E22446BB90BE0996EA5EE6493AB9CDF6E7F71024ED583F05C4860399","True"
"projects/02-task-scheduling/course/05_FreeRTOS_priorities/Project/GD32F407.uvprojx","DFA735BB80FB328EACB866BAD99B5B65EAB8BB5B336B19E663010896F5E83D17","DFA735BB80FB328EACB866BAD99B5B65EAB8BB5B336B19E663010896F5E83D17","True"
"projects/02-task-scheduling/course/05_FreeRTOS_priorities/Project/Target 1_alog.txt","04538B73C2BC8830E1B9BF747928393EB5B00CAE9C2C55E0053754338C8231D9","04538B73C2BC8830E1B9BF747928393EB5B00CAE9C2C55E0053754338C8231D9","True"
"projects/02-task-scheduling/course/05_FreeRTOS_priorities/Project/Target 1_analysis.xlsx","0D56F5561BD0C7F0C6ADFC11F5A032C1D4D5BF43D6551CD3B57DE1E2CFF82BC4","0D56F5561BD0C7F0C6ADFC11F5A032C1D4D5BF43D6551CD3B57DE1E2CFF82BC4","True"
"projects/02-task-scheduling/course/05_FreeRTOS_priorities/Project/Target 1_sort_by_flash.csv","FC31C3C0192542C71AE12D524A6FAB3F77BCB208152AC5673FA58E0FD133AD93","FC31C3C0192542C71AE12D524A6FAB3F77BCB208152AC5673FA58E0FD133AD93","True"
"projects/02-task-scheduling/course/05_FreeRTOS_priorities/Project/Target 1_sort_by_ram.csv","BA8734790B29521EAA0B0FDB293A76D25638C888A533B07C03D64117CFCD5C03","BA8734790B29521EAA0B0FDB293A76D25638C888A533B07C03D64117CFCD5C03","True"
"projects/02-task-scheduling/course/05_FreeRTOS_priorities/README.md","E3B0C44298FC1C149AFBF4C8996FB92427AE41E4649B934CA495991B7852B855","E3B0C44298FC1C149AFBF4C8996FB92427AE41E4649B934CA495991B7852B855","True"
"projects/02-task-scheduling/course/05_FreeRTOS_priorities/User/gd32f4xx_it.c","4AF8D0E30992B84018E763B4465FAF58DB22B108F3E64F997CE229AE1243FBFC","4AF8D0E30992B84018E763B4465FAF58DB22B108F3E64F997CE229AE1243FBFC","True"
"projects/02-task-scheduling/course/05_FreeRTOS_priorities/User/gd32f4xx_it.h","B4995762AE5CEB7125CC9720CEA7E2BAD8640C23B87ED1856D9B8A380A5FC8C3","B4995762AE5CEB7125CC9720CEA7E2BAD8640C23B87ED1856D9B8A380A5FC8C3","True"
"projects/02-task-scheduling/course/05_FreeRTOS_priorities/User/gd32f4xx_libopt.h","702C6D85987BCDDDD363A8412C5806255F6C746065DA984EB21896C5DDD6BF09","702C6D85987BCDDDD363A8412C5806255F6C746065DA984EB21896C5DDD6BF09","True"
"projects/02-task-scheduling/course/05_FreeRTOS_priorities/User/main.c","D22F1BB0D0EBB30A2AC0C91765FAEFBA7F40C4277D25B8650DB64ED851AFB1C6","D22F1BB0D0EBB30A2AC0C91765FAEFBA7F40C4277D25B8650DB64ED851AFB1C6","True"
"projects/02-task-scheduling/course/05_FreeRTOS_priorities/User/main.h","32C273B119ABF22DA51E2782C09853A1545B1DF1364A13EFFA2B465379E1A53C","32C273B119ABF22DA51E2782C09853A1545B1DF1364A13EFFA2B465379E1A53C","True"
"projects/02-task-scheduling/course/05_FreeRTOS_priorities/User/readme.txt","A45BD1E14D470B46BE2D57C9D35147E41204556CC4BB4E25EA3C7B6B424A0B7C","A45BD1E14D470B46BE2D57C9D35147E41204556CC4BB4E25EA3C7B6B424A0B7C","True"
"projects/02-task-scheduling/course/05_FreeRTOS_priorities/User/systick.c","8D524363D38E222D3E8A2281F06972493AE62F379A138637B65419C59E06CBD2","8D524363D38E222D3E8A2281F06972493AE62F379A138637B65419C59E06CBD2","True"
"projects/02-task-scheduling/course/05_FreeRTOS_priorities/User/systick.h","E74F1981340E6162CCE52F39F73009B1570EFB7F024410652F494E77997DA025","E74F1981340E6162CCE52F39F73009B1570EFB7F024410652F494E77997DA025","True"
"projects/02-task-scheduling/course/06_FreeRTOS_operation/Doc/readme.txt","E3B0C44298FC1C149AFBF4C8996FB92427AE41E4649B934CA495991B7852B855","E3B0C44298FC1C149AFBF4C8996FB92427AE41E4649B934CA495991B7852B855","True"
"projects/02-task-scheduling/course/06_FreeRTOS_operation/Firmware/CMSIS/core_cm4_simd.h","0C2A0C2D66C7791B82CA19D10336C96518830EF359F6BFD9DA7477BC2CBCCBBB","0C2A0C2D66C7791B82CA19D10336C96518830EF359F6BFD9DA7477BC2CBCCBBB","True"
"projects/02-task-scheduling/course/06_FreeRTOS_operation/Firmware/CMSIS/core_cm4.h","4756546E1449D17B1A7DEE2F3307F2C92C9F1D669C3F5DFC3EE1DEC8AEE9A8F7","4756546E1449D17B1A7DEE2F3307F2C92C9F1D669C3F5DFC3EE1DEC8AEE9A8F7","True"
"projects/02-task-scheduling/course/06_FreeRTOS_operation/Firmware/CMSIS/core_cmFunc.h","5075FF67C8E264B83D9B391C07C6512E26ABBC189E321DE0D8B4375476980E5E","5075FF67C8E264B83D9B391C07C6512E26ABBC189E321DE0D8B4375476980E5E","True"
"projects/02-task-scheduling/course/06_FreeRTOS_operation/Firmware/CMSIS/core_cmInstr.h","C35DDCA16CA04646DC70ACF2D592AD9EAEAAECD8125A32ABB710069648266EB5","C35DDCA16CA04646DC70ACF2D592AD9EAEAAECD8125A32ABB710069648266EB5","True"
"projects/02-task-scheduling/course/06_FreeRTOS_operation/Firmware/CMSIS/GD/GD32F4xx/Include/gd32f4xx.h","96F1F6884C9885D32DF760A385CA0B5E8E9B20C066F71B946771A00503623A62","96F1F6884C9885D32DF760A385CA0B5E8E9B20C066F71B946771A00503623A62","True"
"projects/02-task-scheduling/course/06_FreeRTOS_operation/Firmware/CMSIS/GD/GD32F4xx/Include/system_gd32f4xx.h","98EF2DD6DD7F6D2542C4D5CA83E9869BE3630B43300CB9AB453703E4277913BD","98EF2DD6DD7F6D2542C4D5CA83E9869BE3630B43300CB9AB453703E4277913BD","True"
"projects/02-task-scheduling/course/06_FreeRTOS_operation/Firmware/CMSIS/GD/GD32F4xx/Source/ARM/startup_gd32f405_425.s","AEF6290F6950C0B7FB922FD12B91B3FC34ADA707A6846AA5D7A1277FDD50FBD9","AEF6290F6950C0B7FB922FD12B91B3FC34ADA707A6846AA5D7A1277FDD50FBD9","True"
"projects/02-task-scheduling/course/06_FreeRTOS_operation/Firmware/CMSIS/GD/GD32F4xx/Source/ARM/startup_gd32f407_427.s","65127CC1FFC7BB0C6E3AB3E1EF32C8F935D09EF4A83AC4914E089D40C39B8B5B","65127CC1FFC7BB0C6E3AB3E1EF32C8F935D09EF4A83AC4914E089D40C39B8B5B","True"
"projects/02-task-scheduling/course/06_FreeRTOS_operation/Firmware/CMSIS/GD/GD32F4xx/Source/ARM/startup_gd32f450_470.s","A4E9852BA47AAD025DE9645D067FAB33DDA87B8E82DEA6D77B3364F902345299","A4E9852BA47AAD025DE9645D067FAB33DDA87B8E82DEA6D77B3364F902345299","True"
"projects/02-task-scheduling/course/06_FreeRTOS_operation/Firmware/CMSIS/GD/GD32F4xx/Source/IAR/startup_gd32f405_425.s","70E76C6AD0182A5682773261E308008BC1102C09839605A0E058851173026836","70E76C6AD0182A5682773261E308008BC1102C09839605A0E058851173026836","True"
"projects/02-task-scheduling/course/06_FreeRTOS_operation/Firmware/CMSIS/GD/GD32F4xx/Source/IAR/startup_gd32f407_427.s","550D6CA54DE7F8FCB2791AAF9141666BA15978C55017FA6798BF0CA80A2864C6","550D6CA54DE7F8FCB2791AAF9141666BA15978C55017FA6798BF0CA80A2864C6","True"
"projects/02-task-scheduling/course/06_FreeRTOS_operation/Firmware/CMSIS/GD/GD32F4xx/Source/IAR/startup_gd32f450_470.s","EE6654F1D551C6937D014FE943342B0395A32076E5AC8DD688C600EACB9BD343","EE6654F1D551C6937D014FE943342B0395A32076E5AC8DD688C600EACB9BD343","True"
"projects/02-task-scheduling/course/06_FreeRTOS_operation/Firmware/CMSIS/GD/GD32F4xx/Source/system_gd32f4xx.c","8F66A123756716CF74297A7B54EEC616F230CBBC37DFB60F21BF05D1BC070836","8F66A123756716CF74297A7B54EEC616F230CBBC37DFB60F21BF05D1BC070836","True"
"projects/02-task-scheduling/course/06_FreeRTOS_operation/Firmware/GD32F4xx_standard_peripheral/Include/gd32f4xx_adc.h","D6B41E007F1EE95E5FA1B495F94924F7E6166439FBF3E9234A26B5FA6C32F1DE","D6B41E007F1EE95E5FA1B495F94924F7E6166439FBF3E9234A26B5FA6C32F1DE","True"
"projects/02-task-scheduling/course/06_FreeRTOS_operation/Firmware/GD32F4xx_standard_peripheral/Include/gd32f4xx_can.h","62A96066D7B8A1CEF45AB4092FCE5058B962050EB1C9E4B3585F0E19B9F30578","62A96066D7B8A1CEF45AB4092FCE5058B962050EB1C9E4B3585F0E19B9F30578","True"
"projects/02-task-scheduling/course/06_FreeRTOS_operation/Firmware/GD32F4xx_standard_peripheral/Include/gd32f4xx_crc.h","4870F145AEEC968F3A7A0A5068105591E1ADEB9A37A5E47FDCC9D27D7D3AFBD6","4870F145AEEC968F3A7A0A5068105591E1ADEB9A37A5E47FDCC9D27D7D3AFBD6","True"
"projects/02-task-scheduling/course/06_FreeRTOS_operation/Firmware/GD32F4xx_standard_peripheral/Include/gd32f4xx_ctc.h","900AB7D5F9C585834166A58966C8D523FF91D410066D00BBED3E6522C25782D7","900AB7D5F9C585834166A58966C8D523FF91D410066D00BBED3E6522C25782D7","True"
"projects/02-task-scheduling/course/06_FreeRTOS_operation/Firmware/GD32F4xx_standard_peripheral/Include/gd32f4xx_dac.h","86057CC0C52A32F955A12F47ABA1E4997AC2DABA13B10A686D8777579F638AFB","86057CC0C52A32F955A12F47ABA1E4997AC2DABA13B10A686D8777579F638AFB","True"
"projects/02-task-scheduling/course/06_FreeRTOS_operation/Firmware/GD32F4xx_standard_peripheral/Include/gd32f4xx_dbg.h","21A089B5880F1D101116BD37EAAC7A085A103901A40900E75941130D901B150E","21A089B5880F1D101116BD37EAAC7A085A103901A40900E75941130D901B150E","True"
"projects/02-task-scheduling/course/06_FreeRTOS_operation/Firmware/GD32F4xx_standard_peripheral/Include/gd32f4xx_dci.h","787F449F0B2EBA5BBCC92B0D50899FA668CEA6ED9CCAB3960EBA0B2253CC7748","787F449F0B2EBA5BBCC92B0D50899FA668CEA6ED9CCAB3960EBA0B2253CC7748","True"
"projects/02-task-scheduling/course/06_FreeRTOS_operation/Firmware/GD32F4xx_standard_peripheral/Include/gd32f4xx_dma.h","F358957EBF98C4C449480A088E349CDAC2716394C24FA4111DE08B06FCDC5094","F358957EBF98C4C449480A088E349CDAC2716394C24FA4111DE08B06FCDC5094","True"
"projects/02-task-scheduling/course/06_FreeRTOS_operation/Firmware/GD32F4xx_standard_peripheral/Include/gd32f4xx_enet.h","2BDBC2BE9B0E3BA398DEEAB38021442A2CFEEDFF21FC353CF3B16C717A2CDF9B","2BDBC2BE9B0E3BA398DEEAB38021442A2CFEEDFF21FC353CF3B16C717A2CDF9B","True"
"projects/02-task-scheduling/course/06_FreeRTOS_operation/Firmware/GD32F4xx_standard_peripheral/Include/gd32f4xx_exmc.h","68482B678DD868085A6BE6317EEC18873D43F895936E503487E843E561A0D55E","68482B678DD868085A6BE6317EEC18873D43F895936E503487E843E561A0D55E","True"
"projects/02-task-scheduling/course/06_FreeRTOS_operation/Firmware/GD32F4xx_standard_peripheral/Include/gd32f4xx_exti.h","705948F029F63A5995D9849A60E417D6210ECE34C8E942C76A2D4E7A2B927426","705948F029F63A5995D9849A60E417D6210ECE34C8E942C76A2D4E7A2B927426","True"
"projects/02-task-scheduling/course/06_FreeRTOS_operation/Firmware/GD32F4xx_standard_peripheral/Include/gd32f4xx_fmc.h","5A5D9F0B1CE1E7486206130F80048F81A6D3E9E6337BF0A4C69D4A1D5EDC9F7E","5A5D9F0B1CE1E7486206130F80048F81A6D3E9E6337BF0A4C69D4A1D5EDC9F7E","True"
"projects/02-task-scheduling/course/06_FreeRTOS_operation/Firmware/GD32F4xx_standard_peripheral/Include/gd32f4xx_fwdgt.h","04CB4EE0D6526910CF9CA8BEFC437FC6DF3FDFE09FB0BC418AB7EA5C19611A50","04CB4EE0D6526910CF9CA8BEFC437FC6DF3FDFE09FB0BC418AB7EA5C19611A50","True"
"projects/02-task-scheduling/course/06_FreeRTOS_operation/Firmware/GD32F4xx_standard_peripheral/Include/gd32f4xx_gpio.h","A20501A28644BF45B8E3C4AB2A7237466805C1480B06E7D6C8585296D7F08787","A20501A28644BF45B8E3C4AB2A7237466805C1480B06E7D6C8585296D7F08787","True"
"projects/02-task-scheduling/course/06_FreeRTOS_operation/Firmware/GD32F4xx_standard_peripheral/Include/gd32f4xx_i2c.h","6CF4053E2452263CDFCB98DA0832CE1F2F1B0380C1BEA5D4284C1DF0D5CBBB05","6CF4053E2452263CDFCB98DA0832CE1F2F1B0380C1BEA5D4284C1DF0D5CBBB05","True"
"projects/02-task-scheduling/course/06_FreeRTOS_operation/Firmware/GD32F4xx_standard_peripheral/Include/gd32f4xx_ipa.h","1AD22068402E09BAE4117E637ED972FCD7452751CCBE01C7829AEA7DF45AE8AE","1AD22068402E09BAE4117E637ED972FCD7452751CCBE01C7829AEA7DF45AE8AE","True"
"projects/02-task-scheduling/course/06_FreeRTOS_operation/Firmware/GD32F4xx_standard_peripheral/Include/gd32f4xx_iref.h","D9D1E67FD4473F44B2F7E22BB78C3DFA9B5109D083AF1B0FDC63EC657B241C4A","D9D1E67FD4473F44B2F7E22BB78C3DFA9B5109D083AF1B0FDC63EC657B241C4A","True"
"projects/02-task-scheduling/course/06_FreeRTOS_operation/Firmware/GD32F4xx_standard_peripheral/Include/gd32f4xx_misc.h","0A918F830F0200C0E806DFB50594259783E69D8ADBC27708705567F7193D35FB","0A918F830F0200C0E806DFB50594259783E69D8ADBC27708705567F7193D35FB","True"
"projects/02-task-scheduling/course/06_FreeRTOS_operation/Firmware/GD32F4xx_standard_peripheral/Include/gd32f4xx_pmu.h","B9A72B6E42083EFD170C0C5FBE579C5D6417F9BBF674DB36041BE96FCBD84636","B9A72B6E42083EFD170C0C5FBE579C5D6417F9BBF674DB36041BE96FCBD84636","True"
"projects/02-task-scheduling/course/06_FreeRTOS_operation/Firmware/GD32F4xx_standard_peripheral/Include/gd32f4xx_rcu.h","AC2B2AE653EDC89E674EDA24E1CFE8B511B73984AE0CABED3DF60BA61F8EEF08","AC2B2AE653EDC89E674EDA24E1CFE8B511B73984AE0CABED3DF60BA61F8EEF08","True"
"projects/02-task-scheduling/course/06_FreeRTOS_operation/Firmware/GD32F4xx_standard_peripheral/Include/gd32f4xx_rtc.h","1798B1B495683096D4491CF0F854957D2AD60612F65A801ED0E7A4BEE49FA549","1798B1B495683096D4491CF0F854957D2AD60612F65A801ED0E7A4BEE49FA549","True"
"projects/02-task-scheduling/course/06_FreeRTOS_operation/Firmware/GD32F4xx_standard_peripheral/Include/gd32f4xx_sdio.h","8D6813EFC565E3085611D767EA4E670E0C76A256C6F17FC93F313BCB11D0385A","8D6813EFC565E3085611D767EA4E670E0C76A256C6F17FC93F313BCB11D0385A","True"
"projects/02-task-scheduling/course/06_FreeRTOS_operation/Firmware/GD32F4xx_standard_peripheral/Include/gd32f4xx_spi.h","4C6360C8FE58D4A38E4870BCBA17630857551D3EC7B4BD3DDEB5085C31240B1C","4C6360C8FE58D4A38E4870BCBA17630857551D3EC7B4BD3DDEB5085C31240B1C","True"
"projects/02-task-scheduling/course/06_FreeRTOS_operation/Firmware/GD32F4xx_standard_peripheral/Include/gd32f4xx_syscfg.h","5060FEF0A07A3FC1396A31F09F95FE1D134F8A1FB1581E3DD98BB6078108C447","5060FEF0A07A3FC1396A31F09F95FE1D134F8A1FB1581E3DD98BB6078108C447","True"
"projects/02-task-scheduling/course/06_FreeRTOS_operation/Firmware/GD32F4xx_standard_peripheral/Include/gd32f4xx_timer.h","7A79F81F1D862A1B49F23BFE05B1AC751A71E761B6E63C2DFFABE6C7BC69AC49","7A79F81F1D862A1B49F23BFE05B1AC751A71E761B6E63C2DFFABE6C7BC69AC49","True"
"projects/02-task-scheduling/course/06_FreeRTOS_operation/Firmware/GD32F4xx_standard_peripheral/Include/gd32f4xx_tli.h","1B94EA157AC8CE2FED962B0C4FF95B6702C6194300AA51B04C3AAFE493768D2A","1B94EA157AC8CE2FED962B0C4FF95B6702C6194300AA51B04C3AAFE493768D2A","True"
"projects/02-task-scheduling/course/06_FreeRTOS_operation/Firmware/GD32F4xx_standard_peripheral/Include/gd32f4xx_trng.h","91E2BB5AFFEFA65F90927FAD795FAA0F4204516284ECA38E461506F0CD9CA924","91E2BB5AFFEFA65F90927FAD795FAA0F4204516284ECA38E461506F0CD9CA924","True"
"projects/02-task-scheduling/course/06_FreeRTOS_operation/Firmware/GD32F4xx_standard_peripheral/Include/gd32f4xx_usart.h","6CF40E957A1216C99E3663D667DE1944C42272897011834BF20ADCD97E791074","6CF40E957A1216C99E3663D667DE1944C42272897011834BF20ADCD97E791074","True"
"projects/02-task-scheduling/course/06_FreeRTOS_operation/Firmware/GD32F4xx_standard_peripheral/Include/gd32f4xx_wwdgt.h","01EECFC98B4507AEB8F0AFBE7D994EA0A617A79E5D4EB2D1D4A85979BA014EFE","01EECFC98B4507AEB8F0AFBE7D994EA0A617A79E5D4EB2D1D4A85979BA014EFE","True"
"projects/02-task-scheduling/course/06_FreeRTOS_operation/Firmware/GD32F4xx_standard_peripheral/Source/gd32f4xx_adc.c","8A5C91EC7A397B53EFD086646674D273ECE00F36C9610AB50715FE1521BA4112","8A5C91EC7A397B53EFD086646674D273ECE00F36C9610AB50715FE1521BA4112","True"
"projects/02-task-scheduling/course/06_FreeRTOS_operation/Firmware/GD32F4xx_standard_peripheral/Source/gd32f4xx_can.c","CE0E343B00856972EABACCC1F4D88C051796A8D1E30C4596312FC29A533DB8BA","CE0E343B00856972EABACCC1F4D88C051796A8D1E30C4596312FC29A533DB8BA","True"
"projects/02-task-scheduling/course/06_FreeRTOS_operation/Firmware/GD32F4xx_standard_peripheral/Source/gd32f4xx_crc.c","C14034159E72E082AA70E2A8CBA60FFCF950B63D75AE467706632F32EC00F315","C14034159E72E082AA70E2A8CBA60FFCF950B63D75AE467706632F32EC00F315","True"
"projects/02-task-scheduling/course/06_FreeRTOS_operation/Firmware/GD32F4xx_standard_peripheral/Source/gd32f4xx_ctc.c","07F4A6385C6FFB2E18ECF95DAAE6A431FB91262FA988835A249A64F4002280A1","07F4A6385C6FFB2E18ECF95DAAE6A431FB91262FA988835A249A64F4002280A1","True"
"projects/02-task-scheduling/course/06_FreeRTOS_operation/Firmware/GD32F4xx_standard_peripheral/Source/gd32f4xx_dac.c","ACE5C99F1E2774D955CA4E4D5D6E81B2D831F718098487EA3E8C2C34C960E160","ACE5C99F1E2774D955CA4E4D5D6E81B2D831F718098487EA3E8C2C34C960E160","True"
"projects/02-task-scheduling/course/06_FreeRTOS_operation/Firmware/GD32F4xx_standard_peripheral/Source/gd32f4xx_dbg.c","6EEC659FD6B5C549226BAE8E9C9C78785B064D557434189BB221287D550FE291","6EEC659FD6B5C549226BAE8E9C9C78785B064D557434189BB221287D550FE291","True"
"projects/02-task-scheduling/course/06_FreeRTOS_operation/Firmware/GD32F4xx_standard_peripheral/Source/gd32f4xx_dci.c","B99613D9A21A02DD39117F30B9A488B859209AB3489DCFDE7361D147CDF76516","B99613D9A21A02DD39117F30B9A488B859209AB3489DCFDE7361D147CDF76516","True"
"projects/02-task-scheduling/course/06_FreeRTOS_operation/Firmware/GD32F4xx_standard_peripheral/Source/gd32f4xx_dma.c","2D943A169ABABCC22CBC6C41665F5CE375C30B63005954E1D34BB3218CB63FAF","2D943A169ABABCC22CBC6C41665F5CE375C30B63005954E1D34BB3218CB63FAF","True"
"projects/02-task-scheduling/course/06_FreeRTOS_operation/Firmware/GD32F4xx_standard_peripheral/Source/gd32f4xx_enet.c","3051E8737C463D23D07B9C9AD937BC7C488BB573738B2313982870DAA670E87E","3051E8737C463D23D07B9C9AD937BC7C488BB573738B2313982870DAA670E87E","True"
"projects/02-task-scheduling/course/06_FreeRTOS_operation/Firmware/GD32F4xx_standard_peripheral/Source/gd32f4xx_exmc.c","E4A79B377C89D9EB8BD5BE101E273AD5EFBA0C2A24FB4621AB7BC124BEEEAEBF","E4A79B377C89D9EB8BD5BE101E273AD5EFBA0C2A24FB4621AB7BC124BEEEAEBF","True"
"projects/02-task-scheduling/course/06_FreeRTOS_operation/Firmware/GD32F4xx_standard_peripheral/Source/gd32f4xx_exti.c","FCE4A7ECA93486D71A9E5758642F2282AE7F8805DBB559312837A0B17577FE58","FCE4A7ECA93486D71A9E5758642F2282AE7F8805DBB559312837A0B17577FE58","True"
"projects/02-task-scheduling/course/06_FreeRTOS_operation/Firmware/GD32F4xx_standard_peripheral/Source/gd32f4xx_fmc.c","15408829D2405432FC8ED73D5D8C6BBB1E6C74540F1B817983BABD62E22CAB16","15408829D2405432FC8ED73D5D8C6BBB1E6C74540F1B817983BABD62E22CAB16","True"
"projects/02-task-scheduling/course/06_FreeRTOS_operation/Firmware/GD32F4xx_standard_peripheral/Source/gd32f4xx_fwdgt.c","05B67D15069CED6F0472E4115ECD16064402E0D6220561499000025A8CD189B7","05B67D15069CED6F0472E4115ECD16064402E0D6220561499000025A8CD189B7","True"
"projects/02-task-scheduling/course/06_FreeRTOS_operation/Firmware/GD32F4xx_standard_peripheral/Source/gd32f4xx_gpio.c","262BEFE864D5DA3BADA64D0B3DAB29E5C2747E46B154EDE8BCAB0B788DB614E0","262BEFE864D5DA3BADA64D0B3DAB29E5C2747E46B154EDE8BCAB0B788DB614E0","True"
"projects/02-task-scheduling/course/06_FreeRTOS_operation/Firmware/GD32F4xx_standard_peripheral/Source/gd32f4xx_i2c.c","8EDFAF1A8F0BF2833923D0072FE1B9D0467382B3EC1D243E918D0DE9711CCCD2","8EDFAF1A8F0BF2833923D0072FE1B9D0467382B3EC1D243E918D0DE9711CCCD2","True"
"projects/02-task-scheduling/course/06_FreeRTOS_operation/Firmware/GD32F4xx_standard_peripheral/Source/gd32f4xx_ipa.c","38A8350304763C1C83B4D2341F6782B090CA09ABE541AC360089B5CB454BCF57","38A8350304763C1C83B4D2341F6782B090CA09ABE541AC360089B5CB454BCF57","True"
"projects/02-task-scheduling/course/06_FreeRTOS_operation/Firmware/GD32F4xx_standard_peripheral/Source/gd32f4xx_iref.c","24F2FCFCD20882FD3E65773A281A827BF5391A0A8054324EEF7C98BB3F2B9B80","24F2FCFCD20882FD3E65773A281A827BF5391A0A8054324EEF7C98BB3F2B9B80","True"
"projects/02-task-scheduling/course/06_FreeRTOS_operation/Firmware/GD32F4xx_standard_peripheral/Source/gd32f4xx_misc.c","1CD262F295155428C25DEDC69BFBAB99F7A99DE09E0B602ECA1F2C6017CFE2DA","1CD262F295155428C25DEDC69BFBAB99F7A99DE09E0B602ECA1F2C6017CFE2DA","True"
"projects/02-task-scheduling/course/06_FreeRTOS_operation/Firmware/GD32F4xx_standard_peripheral/Source/gd32f4xx_pmu.c","DAFA94838A55132E3313234C5AC2BE6172116DC26574347363D554EFFB186D79","DAFA94838A55132E3313234C5AC2BE6172116DC26574347363D554EFFB186D79","True"
"projects/02-task-scheduling/course/06_FreeRTOS_operation/Firmware/GD32F4xx_standard_peripheral/Source/gd32f4xx_rcu.c","6C1030EB58EC7CB9C41E2A1FF31DDEF87F70DD083222327978234004C4E95B98","6C1030EB58EC7CB9C41E2A1FF31DDEF87F70DD083222327978234004C4E95B98","True"
"projects/02-task-scheduling/course/06_FreeRTOS_operation/Firmware/GD32F4xx_standard_peripheral/Source/gd32f4xx_rtc.c","EEA5BCB92C88A7BAB9F3740F8E9408236412A546B03A5467F21B0F94A01183E7","EEA5BCB92C88A7BAB9F3740F8E9408236412A546B03A5467F21B0F94A01183E7","True"
"projects/02-task-scheduling/course/06_FreeRTOS_operation/Firmware/GD32F4xx_standard_peripheral/Source/gd32f4xx_sdio.c","9D8F3E488C74C44A30C4D0BBB9CD8D86555D898CA9C36F259CE57609959B9854","9D8F3E488C74C44A30C4D0BBB9CD8D86555D898CA9C36F259CE57609959B9854","True"
"projects/02-task-scheduling/course/06_FreeRTOS_operation/Firmware/GD32F4xx_standard_peripheral/Source/gd32f4xx_spi.c","CE06438E9AD5882A0FCA88DFE658DD925ED3320BA574C2797E2F93ACF6142459","CE06438E9AD5882A0FCA88DFE658DD925ED3320BA574C2797E2F93ACF6142459","True"
"projects/02-task-scheduling/course/06_FreeRTOS_operation/Firmware/GD32F4xx_standard_peripheral/Source/gd32f4xx_syscfg.c","51A7A5E70F3064424CC6E2F6A06942B47ADAAC8C36A6612EE08B1643557B3CA3","51A7A5E70F3064424CC6E2F6A06942B47ADAAC8C36A6612EE08B1643557B3CA3","True"
"projects/02-task-scheduling/course/06_FreeRTOS_operation/Firmware/GD32F4xx_standard_peripheral/Source/gd32f4xx_timer.c","3961465CF6BA39554E34C02183C50676A4AB9B3991A6AAD32D271754B2506B14","3961465CF6BA39554E34C02183C50676A4AB9B3991A6AAD32D271754B2506B14","True"
"projects/02-task-scheduling/course/06_FreeRTOS_operation/Firmware/GD32F4xx_standard_peripheral/Source/gd32f4xx_tli.c","881A02E692AFD4A0B6848A929B0B8C79148911AD7543CF611287C45E82372541","881A02E692AFD4A0B6848A929B0B8C79148911AD7543CF611287C45E82372541","True"
"projects/02-task-scheduling/course/06_FreeRTOS_operation/Firmware/GD32F4xx_standard_peripheral/Source/gd32f4xx_trng.c","BA9093D046A01C997AA54D2DE9F663E8AF32FB9E53C950CFC640F1033FCD6C53","BA9093D046A01C997AA54D2DE9F663E8AF32FB9E53C950CFC640F1033FCD6C53","True"
"projects/02-task-scheduling/course/06_FreeRTOS_operation/Firmware/GD32F4xx_standard_peripheral/Source/gd32f4xx_usart.c","F67FA54D9C9537317BE92D95FD880A394D9ABE98DF708E5AA821FBFA392AE9B0","F67FA54D9C9537317BE92D95FD880A394D9ABE98DF708E5AA821FBFA392AE9B0","True"
"projects/02-task-scheduling/course/06_FreeRTOS_operation/Firmware/GD32F4xx_standard_peripheral/Source/gd32f4xx_wwdgt.c","0ED39DE6F0101E10DDCB476E6EF21C44D2282D4F689D0D0D70F9E04940E6F0FE","0ED39DE6F0101E10DDCB476E6EF21C44D2282D4F689D0D0D70F9E04940E6F0FE","True"
"projects/02-task-scheduling/course/06_FreeRTOS_operation/Firmware/GD32F4xx_usb_library/device/class/audio/Include/audio_core.h","D4550583AD93FB3EED7D288FB84CA5E1B57269E088FB073E541A666B636FEC00","D4550583AD93FB3EED7D288FB84CA5E1B57269E088FB073E541A666B636FEC00","True"
"projects/02-task-scheduling/course/06_FreeRTOS_operation/Firmware/GD32F4xx_usb_library/device/class/audio/Include/audio_out_itf.h","77FB54DEA6431AF26C1DE2B1CCFB8186FAC92519D817556FE6B31FDE7947310B","77FB54DEA6431AF26C1DE2B1CCFB8186FAC92519D817556FE6B31FDE7947310B","True"
"projects/02-task-scheduling/course/06_FreeRTOS_operation/Firmware/GD32F4xx_usb_library/device/class/audio/Source/audio_core.c","E134ABAB42ADA7E2D9C6BAD56032F4358FBD37B82E3861496BFE8DC7B4263D32","E134ABAB42ADA7E2D9C6BAD56032F4358FBD37B82E3861496BFE8DC7B4263D32","True"
"projects/02-task-scheduling/course/06_FreeRTOS_operation/Firmware/GD32F4xx_usb_library/device/class/audio/Source/audio_out_itf.c","33F0490E4B3CE2315D51257BB877A233BA7293BF83F1272113382989476B887B","33F0490E4B3CE2315D51257BB877A233BA7293BF83F1272113382989476B887B","True"
"projects/02-task-scheduling/course/06_FreeRTOS_operation/Firmware/GD32F4xx_usb_library/device/class/cdc/Include/cdc_acm_core.h","58A53B46A222A4CA1B4F35901A48555A22FF6C8EF95DCB23E651A64512A0B8EC","58A53B46A222A4CA1B4F35901A48555A22FF6C8EF95DCB23E651A64512A0B8EC","True"
"projects/02-task-scheduling/course/06_FreeRTOS_operation/Firmware/GD32F4xx_usb_library/device/class/cdc/Source/cdc_acm_core.c","92F6D272CB501A2E0E8020A5C7C3FDBF3F6267044A5F00C248A53BDC23867E71","92F6D272CB501A2E0E8020A5C7C3FDBF3F6267044A5F00C248A53BDC23867E71","True"
"projects/02-task-scheduling/course/06_FreeRTOS_operation/Firmware/GD32F4xx_usb_library/device/class/dfu/Include/dfu_core.h","B074E46C11DFC3D6F057E7C91263A7894A8598F5AD27062A8F0C737739F0AC4B","B074E46C11DFC3D6F057E7C91263A7894A8598F5AD27062A8F0C737739F0AC4B","True"
"projects/02-task-scheduling/course/06_FreeRTOS_operation/Firmware/GD32F4xx_usb_library/device/class/dfu/Include/dfu_mem.h","EE0FA900E1595041DB2524E57A7684A911AFEC27BD737544CB8ACC1A419B54F3","EE0FA900E1595041DB2524E57A7684A911AFEC27BD737544CB8ACC1A419B54F3","True"
"projects/02-task-scheduling/course/06_FreeRTOS_operation/Firmware/GD32F4xx_usb_library/device/class/dfu/Source/dfu_core.c","EE0B61F48E523F816E1977AB5667701D4A30C9D7994809DAEC56A6C22B6B23F2","EE0B61F48E523F816E1977AB5667701D4A30C9D7994809DAEC56A6C22B6B23F2","True"
"projects/02-task-scheduling/course/06_FreeRTOS_operation/Firmware/GD32F4xx_usb_library/device/class/dfu/Source/dfu_mem.c","1740852FD0411642AAD47BF10951D51DE5338CA02239C634C4A28211CC0B6BD5","1740852FD0411642AAD47BF10951D51DE5338CA02239C634C4A28211CC0B6BD5","True"
"projects/02-task-scheduling/course/06_FreeRTOS_operation/Firmware/GD32F4xx_usb_library/device/class/hid/Include/custom_hid_core.h","3D8630539B539B75241B088BA5CB2BD6A6377EBE6A0C026E14E4D9F618149F3C","3D8630539B539B75241B088BA5CB2BD6A6377EBE6A0C026E14E4D9F618149F3C","True"
"projects/02-task-scheduling/course/06_FreeRTOS_operation/Firmware/GD32F4xx_usb_library/device/class/hid/Include/standard_hid_core.h","B43958E8EF0BB4E5939D1B1279F2B4D25791ABD357C51504FB08C6BF5CDE5A55","B43958E8EF0BB4E5939D1B1279F2B4D25791ABD357C51504FB08C6BF5CDE5A55","True"
"projects/02-task-scheduling/course/06_FreeRTOS_operation/Firmware/GD32F4xx_usb_library/device/class/hid/Source/custom_hid_core.c","E31D924422097B600884693E2CFB38C20E4215861DFC8BBDFF3058C9A9133668","E31D924422097B600884693E2CFB38C20E4215861DFC8BBDFF3058C9A9133668","True"
"projects/02-task-scheduling/course/06_FreeRTOS_operation/Firmware/GD32F4xx_usb_library/device/class/hid/Source/standard_hid_core.c","976542C7FC8C038846C71E4C5E6755B3C9364C8C09425F671FA694F1F14889A1","976542C7FC8C038846C71E4C5E6755B3C9364C8C09425F671FA694F1F14889A1","True"
"projects/02-task-scheduling/course/06_FreeRTOS_operation/Firmware/GD32F4xx_usb_library/device/class/iap/Include/usb_iap_core.h","0C5491567E7452BE4CDC0099BC8F6E5B6ACA7B9C273FDB95647264938337C163","0C5491567E7452BE4CDC0099BC8F6E5B6ACA7B9C273FDB95647264938337C163","True"
"projects/02-task-scheduling/course/06_FreeRTOS_operation/Firmware/GD32F4xx_usb_library/device/class/iap/Source/usb_iap_core.c","B48D8EDB4882F57E2EE0B7CD17D94A4EA574BBFDB3EF72F35355FB7B8CBF374D","B48D8EDB4882F57E2EE0B7CD17D94A4EA574BBFDB3EF72F35355FB7B8CBF374D","True"
"projects/02-task-scheduling/course/06_FreeRTOS_operation/Firmware/GD32F4xx_usb_library/device/class/msc/Include/usbd_msc_bbb.h","FCE4E4A9E17E3C7AD6EF23BF6284354B3C1E0BC79E2E3D8C51C00C7CBA88598F","FCE4E4A9E17E3C7AD6EF23BF6284354B3C1E0BC79E2E3D8C51C00C7CBA88598F","True"
"projects/02-task-scheduling/course/06_FreeRTOS_operation/Firmware/GD32F4xx_usb_library/device/class/msc/Include/usbd_msc_core.h","1B56E50C7F78BD46CC86E131565DA5A3CA050901171A99D33526283996D0062C","1B56E50C7F78BD46CC86E131565DA5A3CA050901171A99D33526283996D0062C","True"
"projects/02-task-scheduling/course/06_FreeRTOS_operation/Firmware/GD32F4xx_usb_library/device/class/msc/Include/usbd_msc_mem.h","4219910F0D5565CBF2CB7DE2191FFFAD41F01F9903EC160827C6F441FC9FE241","4219910F0D5565CBF2CB7DE2191FFFAD41F01F9903EC160827C6F441FC9FE241","True"
"projects/02-task-scheduling/course/06_FreeRTOS_operation/Firmware/GD32F4xx_usb_library/device/class/msc/Include/usbd_msc_scsi.h","8A843A759A5D1013DB6524B1547453013DA00C202F03A7011B604C8E79F96A2D","8A843A759A5D1013DB6524B1547453013DA00C202F03A7011B604C8E79F96A2D","True"
"projects/02-task-scheduling/course/06_FreeRTOS_operation/Firmware/GD32F4xx_usb_library/device/class/msc/Source/usbd_msc_bbb.c","D613ECDDAB72A03DE672E4669F2549F5CE93259C09819FCBD78DB49DBBEFA4A5","D613ECDDAB72A03DE672E4669F2549F5CE93259C09819FCBD78DB49DBBEFA4A5","True"
"projects/02-task-scheduling/course/06_FreeRTOS_operation/Firmware/GD32F4xx_usb_library/device/class/msc/Source/usbd_msc_core.c","5C5983C2884B08AA4A480B29929E20A502741C56CEFD717E48A6FE5C807BBB5C","5C5983C2884B08AA4A480B29929E20A502741C56CEFD717E48A6FE5C807BBB5C","True"
"projects/02-task-scheduling/course/06_FreeRTOS_operation/Firmware/GD32F4xx_usb_library/device/class/msc/Source/usbd_msc_scsi.c","062E1DF310C0FEED9372585E09D4A317F65B8E0E03BD70C14AA7418A99C5EFFD","062E1DF310C0FEED9372585E09D4A317F65B8E0E03BD70C14AA7418A99C5EFFD","True"
"projects/02-task-scheduling/course/06_FreeRTOS_operation/Firmware/GD32F4xx_usb_library/device/class/printer/Include/printer_core.h","4231DAE7349CC3643150EC1E90A5CEFB4ADF23ADC0314E82EF001BDFCD7D7E8C","4231DAE7349CC3643150EC1E90A5CEFB4ADF23ADC0314E82EF001BDFCD7D7E8C","True"
"projects/02-task-scheduling/course/06_FreeRTOS_operation/Firmware/GD32F4xx_usb_library/device/class/printer/Source/printer_core.c","93EB77FF7A45DA1424244E1FFA25755A259E43B815D00B14C319BEC17A079831","93EB77FF7A45DA1424244E1FFA25755A259E43B815D00B14C319BEC17A079831","True"
"projects/02-task-scheduling/course/06_FreeRTOS_operation/Firmware/GD32F4xx_usb_library/device/core/Include/usbd_core.h","A205D78D7C4299519538D5057744916BCB5459EC963BFBD6AA42101197B15041","A205D78D7C4299519538D5057744916BCB5459EC963BFBD6AA42101197B15041","True"
"projects/02-task-scheduling/course/06_FreeRTOS_operation/Firmware/GD32F4xx_usb_library/device/core/Include/usbd_enum.h","9DE97ED85BA71120379BF876FAF752FA7900784D1614C18D1E9ECEA6C7E2C897","9DE97ED85BA71120379BF876FAF752FA7900784D1614C18D1E9ECEA6C7E2C897","True"
"projects/02-task-scheduling/course/06_FreeRTOS_operation/Firmware/GD32F4xx_usb_library/device/core/Include/usbd_transc.h","7598A18B6AA5696B7D15C3F8DA6F0F04C37BCA44D48C86FD5A7BD92850A17681","7598A18B6AA5696B7D15C3F8DA6F0F04C37BCA44D48C86FD5A7BD92850A17681","True"
"projects/02-task-scheduling/course/06_FreeRTOS_operation/Firmware/GD32F4xx_usb_library/device/core/Source/usbd_core.c","74A04240E3912EF2D959396250678FF65E41A6D65E4C92CDDB7BABEBC646A12F","74A04240E3912EF2D959396250678FF65E41A6D65E4C92CDDB7BABEBC646A12F","True"
"projects/02-task-scheduling/course/06_FreeRTOS_operation/Firmware/GD32F4xx_usb_library/device/core/Source/usbd_enum.c","07C9D4AF518D9659D3696A574638D2238413C849345915F347B1CE91C02A81EE","07C9D4AF518D9659D3696A574638D2238413C849345915F347B1CE91C02A81EE","True"
"projects/02-task-scheduling/course/06_FreeRTOS_operation/Firmware/GD32F4xx_usb_library/device/core/Source/usbd_transc.c","CE5E569F4CBB0918250C03000276FD987E116E69F489EEC7B049B790A5A87F37","CE5E569F4CBB0918250C03000276FD987E116E69F489EEC7B049B790A5A87F37","True"
"projects/02-task-scheduling/course/06_FreeRTOS_operation/Firmware/GD32F4xx_usb_library/driver/Include/drv_usb_core.h","D7957D291F199B35772CE89782B17558BCC73B935F66F80C5B7FBE16DDBA5875","D7957D291F199B35772CE89782B17558BCC73B935F66F80C5B7FBE16DDBA5875","True"
"projects/02-task-scheduling/course/06_FreeRTOS_operation/Firmware/GD32F4xx_usb_library/driver/Include/drv_usb_dev.h","CAF5D56EBAFDBA9FC9F167418A1616E4291B112EDBF47A8654BD9A98F8C17B9A","CAF5D56EBAFDBA9FC9F167418A1616E4291B112EDBF47A8654BD9A98F8C17B9A","True"
"projects/02-task-scheduling/course/06_FreeRTOS_operation/Firmware/GD32F4xx_usb_library/driver/Include/drv_usb_host.h","FB4056A260F60FDA977AB1139EBFCF00E53B5C3E697FDDA573B902A413BFFF14","FB4056A260F60FDA977AB1139EBFCF00E53B5C3E697FDDA573B902A413BFFF14","True"
"projects/02-task-scheduling/course/06_FreeRTOS_operation/Firmware/GD32F4xx_usb_library/driver/Include/drv_usb_hw.h","81DBB2D76CD496106998EAA694DA78184988C9618E06CFE573E5D6B5FA1C1F20","81DBB2D76CD496106998EAA694DA78184988C9618E06CFE573E5D6B5FA1C1F20","True"
"projects/02-task-scheduling/course/06_FreeRTOS_operation/Firmware/GD32F4xx_usb_library/driver/Include/drv_usb_regs.h","048A97F0FF66F557EE6A5E829F8AA0336D69E13E63151CF4D64092D0FF9606BA","048A97F0FF66F557EE6A5E829F8AA0336D69E13E63151CF4D64092D0FF9606BA","True"
"projects/02-task-scheduling/course/06_FreeRTOS_operation/Firmware/GD32F4xx_usb_library/driver/Include/drv_usbd_int.h","3B71749A04450BBEC4838039BC3C6482EE1D7ECB509B97DA5151F362F918A8F4","3B71749A04450BBEC4838039BC3C6482EE1D7ECB509B97DA5151F362F918A8F4","True"
"projects/02-task-scheduling/course/06_FreeRTOS_operation/Firmware/GD32F4xx_usb_library/driver/Include/drv_usbh_int.h","5268EE8F0ACCEE9C9E848AE421F3F1B83B8EFA72B8854F08A5756C16C3873997","5268EE8F0ACCEE9C9E848AE421F3F1B83B8EFA72B8854F08A5756C16C3873997","True"
"projects/02-task-scheduling/course/06_FreeRTOS_operation/Firmware/GD32F4xx_usb_library/driver/Source/drv_usb_core.c","B90492A8404BCBDCBBA9D31D38AD75D2D85B6014CCACF6EEA77B23F69CF5F623","B90492A8404BCBDCBBA9D31D38AD75D2D85B6014CCACF6EEA77B23F69CF5F623","True"
"projects/02-task-scheduling/course/06_FreeRTOS_operation/Firmware/GD32F4xx_usb_library/driver/Source/drv_usb_dev.c","93CA6CD491C5E0FEA197D5AC7F10BA23E6973543DA7AEED38BFC1AE3A0DC474B","93CA6CD491C5E0FEA197D5AC7F10BA23E6973543DA7AEED38BFC1AE3A0DC474B","True"
"projects/02-task-scheduling/course/06_FreeRTOS_operation/Firmware/GD32F4xx_usb_library/driver/Source/drv_usb_host.c","D9F6DE1A16C13351C6947A1D8C735A2FA2EF6495159EF75E8C84A903003853EA","D9F6DE1A16C13351C6947A1D8C735A2FA2EF6495159EF75E8C84A903003853EA","True"
"projects/02-task-scheduling/course/06_FreeRTOS_operation/Firmware/GD32F4xx_usb_library/driver/Source/drv_usbd_int.c","6D629C1B2EE8A05BD9C1B8E20F2664410AFC9608E9489CCAC5BE881D10D0A715","6D629C1B2EE8A05BD9C1B8E20F2664410AFC9608E9489CCAC5BE881D10D0A715","True"
"projects/02-task-scheduling/course/06_FreeRTOS_operation/Firmware/GD32F4xx_usb_library/driver/Source/drv_usbh_int.c","4D390034615DF35FB792026BD76844C922F387580E291039F1BC5F6B6C982486","4D390034615DF35FB792026BD76844C922F387580E291039F1BC5F6B6C982486","True"
"projects/02-task-scheduling/course/06_FreeRTOS_operation/Firmware/GD32F4xx_usb_library/host/class/hid/Include/usbh_hid_core.h","0DEC84719141C68389EC4F957111FB6DC21A5BE55159A808A9D4D20759E447AA","0DEC84719141C68389EC4F957111FB6DC21A5BE55159A808A9D4D20759E447AA","True"
"projects/02-task-scheduling/course/06_FreeRTOS_operation/Firmware/GD32F4xx_usb_library/host/class/hid/Include/usbh_standard_hid.h","9DFF3D162D5690F986145FC6A50E8BE49EE6EA57B0DF5DE92708173ECE1231A8","9DFF3D162D5690F986145FC6A50E8BE49EE6EA57B0DF5DE92708173ECE1231A8","True"
"projects/02-task-scheduling/course/06_FreeRTOS_operation/Firmware/GD32F4xx_usb_library/host/class/hid/Source/usbh_hid_core.c","2CDAFDF63EBB98A454A09ACC070B9C2E925C7EEC29AF318F1A8CE5F913C5D200","2CDAFDF63EBB98A454A09ACC070B9C2E925C7EEC29AF318F1A8CE5F913C5D200","True"
"projects/02-task-scheduling/course/06_FreeRTOS_operation/Firmware/GD32F4xx_usb_library/host/class/hid/Source/usbh_standard_hid.c","324F535D3213364159EF30D0AB69CB69472D94EE6A25F07D1C624D1B4BB315C3","324F535D3213364159EF30D0AB69CB69472D94EE6A25F07D1C624D1B4BB315C3","True"
"projects/02-task-scheduling/course/06_FreeRTOS_operation/Firmware/GD32F4xx_usb_library/host/class/msc/Include/usbh_msc_bbb.h","FE164E019DB850549FA0EDB8A4B2F0C38FF1C7540A834B935C91268D0E275FF8","FE164E019DB850549FA0EDB8A4B2F0C38FF1C7540A834B935C91268D0E275FF8","True"
"projects/02-task-scheduling/course/06_FreeRTOS_operation/Firmware/GD32F4xx_usb_library/host/class/msc/Include/usbh_msc_core.h","34B4B4AED85F332B815096EE4C39FBA67C77FEF1F9EB79FC470603568CBE2DC9","34B4B4AED85F332B815096EE4C39FBA67C77FEF1F9EB79FC470603568CBE2DC9","True"
"projects/02-task-scheduling/course/06_FreeRTOS_operation/Firmware/GD32F4xx_usb_library/host/class/msc/Include/usbh_msc_scsi.h","E6E8CA26D9A2ABFFE14A21AF356CB07C4058D9052DFD22B46205EC11884A867A","E6E8CA26D9A2ABFFE14A21AF356CB07C4058D9052DFD22B46205EC11884A867A","True"
"projects/02-task-scheduling/course/06_FreeRTOS_operation/Firmware/GD32F4xx_usb_library/host/class/msc/Source/usbh_msc_bbb.c","2A82AD623D78CCC1802D851AB7FB124D6ABB5DBEA980AA8C6517E26FF906E049","2A82AD623D78CCC1802D851AB7FB124D6ABB5DBEA980AA8C6517E26FF906E049","True"
"projects/02-task-scheduling/course/06_FreeRTOS_operation/Firmware/GD32F4xx_usb_library/host/class/msc/Source/usbh_msc_core.c","5DF338C15161E6C7A6424179245E0E373973B22E81DEA91111AD5613AE0C8690","5DF338C15161E6C7A6424179245E0E373973B22E81DEA91111AD5613AE0C8690","True"
"projects/02-task-scheduling/course/06_FreeRTOS_operation/Firmware/GD32F4xx_usb_library/host/class/msc/Source/usbh_msc_fatfs.c","8FD0C5B44F9AC0E35427803F9761E40A5297CAA2ACC078CB9FDE3C25BA4036B1","8FD0C5B44F9AC0E35427803F9761E40A5297CAA2ACC078CB9FDE3C25BA4036B1","True"
"projects/02-task-scheduling/course/06_FreeRTOS_operation/Firmware/GD32F4xx_usb_library/host/class/msc/Source/usbh_msc_scsi.c","45E6AD746800250C90834AC684D207DA486F3F0FDA8503284DEF2C537F952A85","45E6AD746800250C90834AC684D207DA486F3F0FDA8503284DEF2C537F952A85","True"
"projects/02-task-scheduling/course/06_FreeRTOS_operation/Firmware/GD32F4xx_usb_library/host/core/Include/usbh_core.h","8919B0DA3BC89862AC89DA53BD34CC4F8AF2F7ECEBF23493D3BC0980570EC67D","8919B0DA3BC89862AC89DA53BD34CC4F8AF2F7ECEBF23493D3BC0980570EC67D","True"
"projects/02-task-scheduling/course/06_FreeRTOS_operation/Firmware/GD32F4xx_usb_library/host/core/Include/usbh_enum.h","A08D6A471BE77A6BFDF916E166E4A95B49358F209E0708080E4A441D7D454897","A08D6A471BE77A6BFDF916E166E4A95B49358F209E0708080E4A441D7D454897","True"
"projects/02-task-scheduling/course/06_FreeRTOS_operation/Firmware/GD32F4xx_usb_library/host/core/Include/usbh_pipe.h","D1AA31749DB419F147E34BF1608F3C79D8846FC9067B138CE90DCC6D68A724B2","D1AA31749DB419F147E34BF1608F3C79D8846FC9067B138CE90DCC6D68A724B2","True"
"projects/02-task-scheduling/course/06_FreeRTOS_operation/Firmware/GD32F4xx_usb_library/host/core/Include/usbh_transc.h","B0A9300C836592E16782062A0D898645ADC64EFD21AD96F46B8EF6EBD876499C","B0A9300C836592E16782062A0D898645ADC64EFD21AD96F46B8EF6EBD876499C","True"
"projects/02-task-scheduling/course/06_FreeRTOS_operation/Firmware/GD32F4xx_usb_library/host/core/Source/usbh_core.c","2E61C1493A0F04D944A9B1E01924A57908552C5C5920F357DF984F098988DF08","2E61C1493A0F04D944A9B1E01924A57908552C5C5920F357DF984F098988DF08","True"
"projects/02-task-scheduling/course/06_FreeRTOS_operation/Firmware/GD32F4xx_usb_library/host/core/Source/usbh_enum.c","273217F6826C6D57A1D210D2A58974AE97A27E15951B98BE25BBCCDEA8133871","273217F6826C6D57A1D210D2A58974AE97A27E15951B98BE25BBCCDEA8133871","True"
"projects/02-task-scheduling/course/06_FreeRTOS_operation/Firmware/GD32F4xx_usb_library/host/core/Source/usbh_pipe.c","E8A4253E2A4224333C4343EE0FFD5F280C9875EF57702F44C1973CBD42EDD2E0","E8A4253E2A4224333C4343EE0FFD5F280C9875EF57702F44C1973CBD42EDD2E0","True"
"projects/02-task-scheduling/course/06_FreeRTOS_operation/Firmware/GD32F4xx_usb_library/host/core/Source/usbh_transc.c","CF1AE1FCF884275E82634538E997D8D24C31FBE959140909F5BB4E34BCA0BBEF","CF1AE1FCF884275E82634538E997D8D24C31FBE959140909F5BB4E34BCA0BBEF","True"
"projects/02-task-scheduling/course/06_FreeRTOS_operation/Firmware/GD32F4xx_usb_library/ustd/class/cdc/usb_cdc.h","FCD43C4F51573D30F01573E2D2856E0BE969C8FFD02D415AADFB69A595DECF4E","FCD43C4F51573D30F01573E2D2856E0BE969C8FFD02D415AADFB69A595DECF4E","True"
"projects/02-task-scheduling/course/06_FreeRTOS_operation/Firmware/GD32F4xx_usb_library/ustd/class/hid/usb_hid.h","F3C6A02D4FC46F9512465B6EB2951C8CDDB956AF73422AAB9D2A1BAFC69F2E7B","F3C6A02D4FC46F9512465B6EB2951C8CDDB956AF73422AAB9D2A1BAFC69F2E7B","True"
"projects/02-task-scheduling/course/06_FreeRTOS_operation/Firmware/GD32F4xx_usb_library/ustd/class/msc/msc_bbb.h","B884B8F8F7CFAF22512EDE7AE709B5F3591E126D2919AECF4E2B4D7EFEA1F5D6","B884B8F8F7CFAF22512EDE7AE709B5F3591E126D2919AECF4E2B4D7EFEA1F5D6","True"
"projects/02-task-scheduling/course/06_FreeRTOS_operation/Firmware/GD32F4xx_usb_library/ustd/class/msc/msc_scsi.h","8842CF305E996369687FA89568C9AEE3D46F745E1AEF6EB58B1A3F519F863631","8842CF305E996369687FA89568C9AEE3D46F745E1AEF6EB58B1A3F519F863631","True"
"projects/02-task-scheduling/course/06_FreeRTOS_operation/Firmware/GD32F4xx_usb_library/ustd/class/msc/usb_msc.h","E3C2A096085131687F121DE426EF9154F23CCC26E877129243A648FB8C90B216","E3C2A096085131687F121DE426EF9154F23CCC26E877129243A648FB8C90B216","True"
"projects/02-task-scheduling/course/06_FreeRTOS_operation/Firmware/GD32F4xx_usb_library/ustd/common/usb_ch9_std.h","B5249865F377709E456F76CA76CA5499ACE39BAD6A452832DBE535F1989C6D22","B5249865F377709E456F76CA76CA5499ACE39BAD6A452832DBE535F1989C6D22","True"
"projects/02-task-scheduling/course/06_FreeRTOS_operation/FreeRTOS/CMakeLists.txt","277777817A51C3B8548C84A61CF5341C43DA40769C833A05AD46FDBD6F7CEED7","277777817A51C3B8548C84A61CF5341C43DA40769C833A05AD46FDBD6F7CEED7","True"
"projects/02-task-scheduling/course/06_FreeRTOS_operation/FreeRTOS/croutine.c","EBF0CDCE261DC4A256C06C0D4AD2582E6026A6DA0E973D4CB92092E94CE8F370","EBF0CDCE261DC4A256C06C0D4AD2582E6026A6DA0E973D4CB92092E94CE8F370","True"
"projects/02-task-scheduling/course/06_FreeRTOS_operation/FreeRTOS/event_groups.c","76E967B14D231E4F31F014F1564F359A7BFD36BFA263EE6F437AFA8C056DF657","76E967B14D231E4F31F014F1564F359A7BFD36BFA263EE6F437AFA8C056DF657","True"
"projects/02-task-scheduling/course/06_FreeRTOS_operation/FreeRTOS/FreeRTOSConfig.h","EC7813944B2A65C2EF749C6164B0EB1BD1D59EBF1C84C115777317A604C8B0C6","EC7813944B2A65C2EF749C6164B0EB1BD1D59EBF1C84C115777317A604C8B0C6","True"
"projects/02-task-scheduling/course/06_FreeRTOS_operation/FreeRTOS/include/atomic.h","E6EB26727C6CD0A87E4DEC91CC55B2B1313CC3829E06662A0C73E62CAFD1E751","E6EB26727C6CD0A87E4DEC91CC55B2B1313CC3829E06662A0C73E62CAFD1E751","True"
"projects/02-task-scheduling/course/06_FreeRTOS_operation/FreeRTOS/include/croutine.h","CF52C15FA26A8D4F82B55909B75EBFE2AAB25468BA7780748912DDEAD9812B4E","CF52C15FA26A8D4F82B55909B75EBFE2AAB25468BA7780748912DDEAD9812B4E","True"
"projects/02-task-scheduling/course/06_FreeRTOS_operation/FreeRTOS/include/deprecated_definitions.h","35000A143464BBBD8DF7C9A6F066A64598A24DA5174A7BE33972E62BFBD75F4D","35000A143464BBBD8DF7C9A6F066A64598A24DA5174A7BE33972E62BFBD75F4D","True"
"projects/02-task-scheduling/course/06_FreeRTOS_operation/FreeRTOS/include/event_groups.h","7A38D7A3CE24BD2FF6C6003C94EEA7AA7972179B1F17C1A91374334C6069F027","7A38D7A3CE24BD2FF6C6003C94EEA7AA7972179B1F17C1A91374334C6069F027","True"
"projects/02-task-scheduling/course/06_FreeRTOS_operation/FreeRTOS/include/FreeRTOS.h","03E9C94ABA57E3CF7F4F73BC2D3EB4A96AE38F3425EEDB5450622CA286475A0B","03E9C94ABA57E3CF7F4F73BC2D3EB4A96AE38F3425EEDB5450622CA286475A0B","True"
"projects/02-task-scheduling/course/06_FreeRTOS_operation/FreeRTOS/include/list.h","DC572F54391C0407FC25DB360D912FCA9118CDDAE7BD2E3099EB13F18804E5A9","DC572F54391C0407FC25DB360D912FCA9118CDDAE7BD2E3099EB13F18804E5A9","True"
"projects/02-task-scheduling/course/06_FreeRTOS_operation/FreeRTOS/include/message_buffer.h","9A8141D3D6C8044A57D7E448180C9BD2ED32E45DED32BE288D095A39DCED91AB","9A8141D3D6C8044A57D7E448180C9BD2ED32E45DED32BE288D095A39DCED91AB","True"
"projects/02-task-scheduling/course/06_FreeRTOS_operation/FreeRTOS/include/mpu_prototypes.h","2B46A2511CE5D23A56BC83079333D8D0A2E33763E5829C9383252806887A3DC0","2B46A2511CE5D23A56BC83079333D8D0A2E33763E5829C9383252806887A3DC0","True"
"projects/02-task-scheduling/course/06_FreeRTOS_operation/FreeRTOS/include/mpu_wrappers.h","5014408CC33F0F616215F2B48C67B0D47CCC35BFD5F0044AC653B5BBC6CF5778","5014408CC33F0F616215F2B48C67B0D47CCC35BFD5F0044AC653B5BBC6CF5778","True"
"projects/02-task-scheduling/course/06_FreeRTOS_operation/FreeRTOS/include/portable.h","7ADE8F368002778C723B3C4E14084910B7225CD36363ED0C948E9EA36C6F251F","7ADE8F368002778C723B3C4E14084910B7225CD36363ED0C948E9EA36C6F251F","True"
"projects/02-task-scheduling/course/06_FreeRTOS_operation/FreeRTOS/include/projdefs.h","F1FA9FAA0D14851DFF86AACA00559F4B474E5F6D68772D0072842E25351D98B3","F1FA9FAA0D14851DFF86AACA00559F4B474E5F6D68772D0072842E25351D98B3","True"
"projects/02-task-scheduling/course/06_FreeRTOS_operation/FreeRTOS/include/queue.h","A3763E24A5A3A38413996FC8392EFD6ADD1D1EE3EF507FBA22DAF75682241FEB","A3763E24A5A3A38413996FC8392EFD6ADD1D1EE3EF507FBA22DAF75682241FEB","True"
"projects/02-task-scheduling/course/06_FreeRTOS_operation/FreeRTOS/include/semphr.h","C624E8CDFC07844D4CF35382F3CC908C872375C7A3048482BDC110BDA88CC4F2","C624E8CDFC07844D4CF35382F3CC908C872375C7A3048482BDC110BDA88CC4F2","True"
"projects/02-task-scheduling/course/06_FreeRTOS_operation/FreeRTOS/include/stack_macros.h","3CDDF2B3D47AE387E376AC75EB468F9D8FFB575D68C143E08D54AF4087474CCE","3CDDF2B3D47AE387E376AC75EB468F9D8FFB575D68C143E08D54AF4087474CCE","True"
"projects/02-task-scheduling/course/06_FreeRTOS_operation/FreeRTOS/include/StackMacros.h","6460E81C910496D51BC39011E35D17F5B5437B5DEB03F9E91222F796D8C8BF79","6460E81C910496D51BC39011E35D17F5B5437B5DEB03F9E91222F796D8C8BF79","True"
"projects/02-task-scheduling/course/06_FreeRTOS_operation/FreeRTOS/include/stream_buffer.h","B876D839460197D94D0F95FB93C6AEB457F6FC572D32258480FED7D4DE686B6B","B876D839460197D94D0F95FB93C6AEB457F6FC572D32258480FED7D4DE686B6B","True"
"projects/02-task-scheduling/course/06_FreeRTOS_operation/FreeRTOS/include/task.h","CB1B0BBCDC66E39BA3B5A09B3E2829A5D376B8990735980613514903A3C5F493","CB1B0BBCDC66E39BA3B5A09B3E2829A5D376B8990735980613514903A3C5F493","True"
"projects/02-task-scheduling/course/06_FreeRTOS_operation/FreeRTOS/include/timers.h","08D73A99380A1BA61376258C52F4FDDF5DF5B6DCBE0F86B0EA03F11A5CA58459","08D73A99380A1BA61376258C52F4FDDF5DF5B6DCBE0F86B0EA03F11A5CA58459","True"
"projects/02-task-scheduling/course/06_FreeRTOS_operation/FreeRTOS/list.c","DB5C169CF3EFD68DA1C6A923AC84EEBC724D602C940BDE0B9B5F01F05028FDE4","DB5C169CF3EFD68DA1C6A923AC84EEBC724D602C940BDE0B9B5F01F05028FDE4","True"
"projects/02-task-scheduling/course/06_FreeRTOS_operation/FreeRTOS/manifest.yml","F71AEBB742E00AD33F877B3B679B4C24CDB709D7980C3E7836438758DBAA0139","F71AEBB742E00AD33F877B3B679B4C24CDB709D7980C3E7836438758DBAA0139","True"
"projects/02-task-scheduling/course/06_FreeRTOS_operation/FreeRTOS/portable/GCC/ARM_CM4F/port.c","11F2202099ED9A73F5AE5EF9DAC414F6D9B257D6480BD9C9A1E38A71B3EE8D41","11F2202099ED9A73F5AE5EF9DAC414F6D9B257D6480BD9C9A1E38A71B3EE8D41","True"
"projects/02-task-scheduling/course/06_FreeRTOS_operation/FreeRTOS/portable/GCC/ARM_CM4F/portmacro.h","D569E2A29AF1C742B69CB16E15D256611FA7979BDA2B355E03426D3C40369E42","D569E2A29AF1C742B69CB16E15D256611FA7979BDA2B355E03426D3C40369E42","True"
"projects/02-task-scheduling/course/06_FreeRTOS_operation/FreeRTOS/portable/MemMang/heap_1.c","286E3FEE81C9107FC6DEC40405F500CABDCA56836D29747C182F0899BB8997FD","286E3FEE81C9107FC6DEC40405F500CABDCA56836D29747C182F0899BB8997FD","True"
"projects/02-task-scheduling/course/06_FreeRTOS_operation/FreeRTOS/portable/MemMang/heap_2.c","A7B035B9ED786593143C8317ACFB49DE21B6450F246036A72331593577E5408B","A7B035B9ED786593143C8317ACFB49DE21B6450F246036A72331593577E5408B","True"
"projects/02-task-scheduling/course/06_FreeRTOS_operation/FreeRTOS/portable/MemMang/heap_3.c","E2D5DBB3F3CCBADD8E7AE778F30C18D28B0532EBFE81B03AA6A20E3F75242853","E2D5DBB3F3CCBADD8E7AE778F30C18D28B0532EBFE81B03AA6A20E3F75242853","True"
"projects/02-task-scheduling/course/06_FreeRTOS_operation/FreeRTOS/portable/MemMang/heap_4.c","D48A51E34CAED771E6650D95F6C2527E52FDE2A6EBC6F83B49D003AEF0135E05","D48A51E34CAED771E6650D95F6C2527E52FDE2A6EBC6F83B49D003AEF0135E05","True"
"projects/02-task-scheduling/course/06_FreeRTOS_operation/FreeRTOS/portable/MemMang/heap_5.c","71B7988059E801A962DC76B956666AAB5564788D5AE437F590080DCB3FDF1881","71B7988059E801A962DC76B956666AAB5564788D5AE437F590080DCB3FDF1881","True"
"projects/02-task-scheduling/course/06_FreeRTOS_operation/FreeRTOS/portable/RVDS/ARM_CA9/port.c","484F1EF17F58F3DF0B06026E1BFC8E44471DF51B33CB36D196A2D61369085A9B","484F1EF17F58F3DF0B06026E1BFC8E44471DF51B33CB36D196A2D61369085A9B","True"
"projects/02-task-scheduling/course/06_FreeRTOS_operation/FreeRTOS/portable/RVDS/ARM_CA9/portASM.s","CECD728B929B81E8484C603CA00A0F95754C8EC3FF5F6D51728A3563C2E1187C","CECD728B929B81E8484C603CA00A0F95754C8EC3FF5F6D51728A3563C2E1187C","True"
"projects/02-task-scheduling/course/06_FreeRTOS_operation/FreeRTOS/portable/RVDS/ARM_CA9/portmacro.h","AF5E80736D03E02590745B6781BB03809D68721BFAB0213C02B3697A4C4F8814","AF5E80736D03E02590745B6781BB03809D68721BFAB0213C02B3697A4C4F8814","True"
"projects/02-task-scheduling/course/06_FreeRTOS_operation/FreeRTOS/portable/RVDS/ARM_CM0/port.c","76BE44D607E9E2CB32743386F1A97FF98E7463744DAF687773A0967B00B7F20F","76BE44D607E9E2CB32743386F1A97FF98E7463744DAF687773A0967B00B7F20F","True"
"projects/02-task-scheduling/course/06_FreeRTOS_operation/FreeRTOS/portable/RVDS/ARM_CM0/portmacro.h","8E89F1A754EFF06CDCC206A4BDC13F41211D31A432981759FA25B184941078DE","8E89F1A754EFF06CDCC206A4BDC13F41211D31A432981759FA25B184941078DE","True"
"projects/02-task-scheduling/course/06_FreeRTOS_operation/FreeRTOS/portable/RVDS/ARM_CM3/port.c","0F5A2323E1BDC135D37FA40DAFAC766095C46FE623F9A20CBF2F0D92405B4067","0F5A2323E1BDC135D37FA40DAFAC766095C46FE623F9A20CBF2F0D92405B4067","True"
"projects/02-task-scheduling/course/06_FreeRTOS_operation/FreeRTOS/portable/RVDS/ARM_CM3/portmacro.h","7B6EEFBBA5194658CF11B14F97DD540B1CEEDCB40178F0C97244A063AC53F4E2","7B6EEFBBA5194658CF11B14F97DD540B1CEEDCB40178F0C97244A063AC53F4E2","True"
"projects/02-task-scheduling/course/06_FreeRTOS_operation/FreeRTOS/portable/RVDS/ARM_CM4_MPU/port.c","1EBEB0A72801D79FAB99F4D1C43B5D2F34DC75C34E9D39A25F057B304E40685C","1EBEB0A72801D79FAB99F4D1C43B5D2F34DC75C34E9D39A25F057B304E40685C","True"
"projects/02-task-scheduling/course/06_FreeRTOS_operation/FreeRTOS/portable/RVDS/ARM_CM4_MPU/portmacro.h","4149E8C08E5AE89F05E1E1E8C5B3BD87143321FDF4510F5693885624B8148DDE","4149E8C08E5AE89F05E1E1E8C5B3BD87143321FDF4510F5693885624B8148DDE","True"
"projects/02-task-scheduling/course/06_FreeRTOS_operation/FreeRTOS/portable/RVDS/ARM_CM4F/port.c","6493BDBCD8AC57B5739EDB5CECC8E55EF9C82A8F978FC2F05BE19B2FAF46CEDF","6493BDBCD8AC57B5739EDB5CECC8E55EF9C82A8F978FC2F05BE19B2FAF46CEDF","True"
"projects/02-task-scheduling/course/06_FreeRTOS_operation/FreeRTOS/portable/RVDS/ARM_CM4F/portmacro.h","9AA2265C543E086FD40A1B22C3BAFE0E4C2950E1E1F6DE05C803E13D621F9438","9AA2265C543E086FD40A1B22C3BAFE0E4C2950E1E1F6DE05C803E13D621F9438","True"
"projects/02-task-scheduling/course/06_FreeRTOS_operation/FreeRTOS/portable/RVDS/ARM_CM7/r0p1/port.c","0B428C045198D97CBF2C7B4BECB063FB067EE8F765F263A37EF3286839B4FE12","0B428C045198D97CBF2C7B4BECB063FB067EE8F765F263A37EF3286839B4FE12","True"
"projects/02-task-scheduling/course/06_FreeRTOS_operation/FreeRTOS/portable/RVDS/ARM_CM7/r0p1/portmacro.h","641CCD46A7EBA0E476DEFE30B350847FEE8044DFBF503B6E1ECB9CE3CDACF9F9","641CCD46A7EBA0E476DEFE30B350847FEE8044DFBF503B6E1ECB9CE3CDACF9F9","True"
"projects/02-task-scheduling/course/06_FreeRTOS_operation/FreeRTOS/portable/RVDS/ARM_CM7/ReadMe.txt","710C88C6D9BFCC4645C414F151EE23F4C28FB8B4932308B5EB7109EF07B1D1C6","710C88C6D9BFCC4645C414F151EE23F4C28FB8B4932308B5EB7109EF07B1D1C6","True"
"projects/02-task-scheduling/course/06_FreeRTOS_operation/FreeRTOS/portable/RVDS/ARM7_LPC21xx/port.c","4F79AF04C94548F73D9DEEA4A81CC841FF172B8D1E27C5E544FB243BD3F147B3","4F79AF04C94548F73D9DEEA4A81CC841FF172B8D1E27C5E544FB243BD3F147B3","True"
"projects/02-task-scheduling/course/06_FreeRTOS_operation/FreeRTOS/portable/RVDS/ARM7_LPC21xx/portASM.s","EEC6FD2E493EE97E8592C715AEC32C12EF8E5CEC861DEFCCCC6E30AE584FAFD6","EEC6FD2E493EE97E8592C715AEC32C12EF8E5CEC861DEFCCCC6E30AE584FAFD6","True"
"projects/02-task-scheduling/course/06_FreeRTOS_operation/FreeRTOS/portable/RVDS/ARM7_LPC21xx/portmacro.h","7B796FC47E27A4AC381510536369605571DB0ECDD36BA9DBDB7AB4C02FC81C92","7B796FC47E27A4AC381510536369605571DB0ECDD36BA9DBDB7AB4C02FC81C92","True"
"projects/02-task-scheduling/course/06_FreeRTOS_operation/FreeRTOS/queue.c","5CDF4FA35FE059446EFFFF5BF20DEAF83DDFFB08921BC198FDA106B1D17DD894","5CDF4FA35FE059446EFFFF5BF20DEAF83DDFFB08921BC198FDA106B1D17DD894","True"
"projects/02-task-scheduling/course/06_FreeRTOS_operation/FreeRTOS/stream_buffer.c","86D948694C723B814C9606A6C804EA7C1BD30B3DA518D1D6A83B81F972E3A152","86D948694C723B814C9606A6C804EA7C1BD30B3DA518D1D6A83B81F972E3A152","True"
"projects/02-task-scheduling/course/06_FreeRTOS_operation/FreeRTOS/tasks.c","14020D617B96DD2814E1211F6E3B645BCF5E2BD3179C23FE7DD16BC666FE9463","14020D617B96DD2814E1211F6E3B645BCF5E2BD3179C23FE7DD16BC666FE9463","True"
"projects/02-task-scheduling/course/06_FreeRTOS_operation/FreeRTOS/timers.c","24962EF361F396AAA5E6E33776EEEDDAF2FB251C87B6FE50602ACC56C537B093","24962EF361F396AAA5E6E33776EEEDDAF2FB251C87B6FE50602ACC56C537B093","True"
"projects/02-task-scheduling/course/06_FreeRTOS_operation/Hardware/bsp_buzzer.c","DB132610BB9FD25BB3606FEE7C189AD01FB3F68FEF38D105A74C0609C66B5CEE","DB132610BB9FD25BB3606FEE7C189AD01FB3F68FEF38D105A74C0609C66B5CEE","True"
"projects/02-task-scheduling/course/06_FreeRTOS_operation/Hardware/bsp_buzzer.h","A849E5A19D17A5DED0E7438846AFA0D5E3636544ABFC356B361024CA882EC6C5","A849E5A19D17A5DED0E7438846AFA0D5E3636544ABFC356B361024CA882EC6C5","True"
"projects/02-task-scheduling/course/06_FreeRTOS_operation/Hardware/bsp_buzzer2.c","D4F400CA00C8ACE082181E1D587A2B1CE7CC29C870BCA80C8A920BF78710B2C1","D4F400CA00C8ACE082181E1D587A2B1CE7CC29C870BCA80C8A920BF78710B2C1","True"
"projects/02-task-scheduling/course/06_FreeRTOS_operation/Hardware/bsp_buzzer2.h","A849E5A19D17A5DED0E7438846AFA0D5E3636544ABFC356B361024CA882EC6C5","A849E5A19D17A5DED0E7438846AFA0D5E3636544ABFC356B361024CA882EC6C5","True"
"projects/02-task-scheduling/course/06_FreeRTOS_operation/Library/EXTI_config.h","0FD94A8DF148AC6618D5CAA1F2788003CE63E2B27E13A31000428E29D095542B","0FD94A8DF148AC6618D5CAA1F2788003CE63E2B27E13A31000428E29D095542B","True"
"projects/02-task-scheduling/course/06_FreeRTOS_operation/Library/EXTI.c","528D0B3C2AC1F1661095497895FDB15FF878723CF351D28F3D3EE13F79DF8AE2","528D0B3C2AC1F1661095497895FDB15FF878723CF351D28F3D3EE13F79DF8AE2","True"
"projects/02-task-scheduling/course/06_FreeRTOS_operation/Library/EXTI.h","63711925072BE76CE24B295341905A97BDD73234E1EFB33A28A0CEC82E3CD6C2","63711925072BE76CE24B295341905A97BDD73234E1EFB33A28A0CEC82E3CD6C2","True"
"projects/02-task-scheduling/course/06_FreeRTOS_operation/Library/I2C0.c","1902450E399F26AB11BABACB640C9C56389B2188FF852E3E6A58D60E16AF528E","1902450E399F26AB11BABACB640C9C56389B2188FF852E3E6A58D60E16AF528E","True"
"projects/02-task-scheduling/course/06_FreeRTOS_operation/Library/I2C0.h","E30F8BA27DF76E3682B8D0325EB2B9DAAF13A20CFF0E1FC59A4625625996AF42","E30F8BA27DF76E3682B8D0325EB2B9DAAF13A20CFF0E1FC59A4625625996AF42","True"
"projects/02-task-scheduling/course/06_FreeRTOS_operation/Library/TIMER_config.h","BD74AB72F9068615F9AB44169B11F6EF25CD9BC3D4CD0E27A95BE4AE24608766","BD74AB72F9068615F9AB44169B11F6EF25CD9BC3D4CD0E27A95BE4AE24608766","True"
"projects/02-task-scheduling/course/06_FreeRTOS_operation/Library/TIMER.c","68A9D9BBDB446C51E0C577B7E7969E8F3513AF7E4736C10BC6D579FBF5661435","68A9D9BBDB446C51E0C577B7E7969E8F3513AF7E4736C10BC6D579FBF5661435","True"
"projects/02-task-scheduling/course/06_FreeRTOS_operation/Library/TIMER.h","51A72D9863C245195AD3CD40ADDB0D573930D5AB540B30D3D971AD2AF6B2E80E","51A72D9863C245195AD3CD40ADDB0D573930D5AB540B30D3D971AD2AF6B2E80E","True"
"projects/02-task-scheduling/course/06_FreeRTOS_operation/Library/USART_config.h","73E72408B41955E419784B2A24B0FBD8AD81A334AA38EB9DB60A7DDAE97AD633","73E72408B41955E419784B2A24B0FBD8AD81A334AA38EB9DB60A7DDAE97AD633","True"
"projects/02-task-scheduling/course/06_FreeRTOS_operation/Library/USART0.c","325E153A7388566303CC9DA901A87ED2A3D158D0238FA4A36A20EB17B1067606","325E153A7388566303CC9DA901A87ED2A3D158D0238FA4A36A20EB17B1067606","True"
"projects/02-task-scheduling/course/06_FreeRTOS_operation/Library/USART0.h","6016FD90E22446BB90BE0996EA5EE6493AB9CDF6E7F71024ED583F05C4860399","6016FD90E22446BB90BE0996EA5EE6493AB9CDF6E7F71024ED583F05C4860399","True"
"projects/02-task-scheduling/course/06_FreeRTOS_operation/Project/GD32F407.uvprojx","DFA735BB80FB328EACB866BAD99B5B65EAB8BB5B336B19E663010896F5E83D17","DFA735BB80FB328EACB866BAD99B5B65EAB8BB5B336B19E663010896F5E83D17","True"
"projects/02-task-scheduling/course/06_FreeRTOS_operation/Project/Target 1_alog.txt","7C9A8DD25E78B28CFA07BEDA12233B96B5B6B944245D36C154093A029337538B","7C9A8DD25E78B28CFA07BEDA12233B96B5B6B944245D36C154093A029337538B","True"
"projects/02-task-scheduling/course/06_FreeRTOS_operation/Project/Target 1_analysis.xlsx","C790F8BB40EC23BC7D720EE987FAF2BCE129AFB7B80B4DE51C36D6D271DCCC8A","C790F8BB40EC23BC7D720EE987FAF2BCE129AFB7B80B4DE51C36D6D271DCCC8A","True"
"projects/02-task-scheduling/course/06_FreeRTOS_operation/Project/Target 1_sort_by_flash.csv","9B44EE03F2758DDF3D4D436DEC003649F30BD1B77F972D6B78B51A2D5A3C8DD2","9B44EE03F2758DDF3D4D436DEC003649F30BD1B77F972D6B78B51A2D5A3C8DD2","True"
"projects/02-task-scheduling/course/06_FreeRTOS_operation/Project/Target 1_sort_by_ram.csv","54E4498D7CED8E8A263536BA412555E450A902FFA5C240EC627ECAB1FECBB36E","54E4498D7CED8E8A263536BA412555E450A902FFA5C240EC627ECAB1FECBB36E","True"
"projects/02-task-scheduling/course/06_FreeRTOS_operation/README.md","E3B0C44298FC1C149AFBF4C8996FB92427AE41E4649B934CA495991B7852B855","E3B0C44298FC1C149AFBF4C8996FB92427AE41E4649B934CA495991B7852B855","True"
"projects/02-task-scheduling/course/06_FreeRTOS_operation/User/gd32f4xx_it.c","4AF8D0E30992B84018E763B4465FAF58DB22B108F3E64F997CE229AE1243FBFC","4AF8D0E30992B84018E763B4465FAF58DB22B108F3E64F997CE229AE1243FBFC","True"
"projects/02-task-scheduling/course/06_FreeRTOS_operation/User/gd32f4xx_it.h","B4995762AE5CEB7125CC9720CEA7E2BAD8640C23B87ED1856D9B8A380A5FC8C3","B4995762AE5CEB7125CC9720CEA7E2BAD8640C23B87ED1856D9B8A380A5FC8C3","True"
"projects/02-task-scheduling/course/06_FreeRTOS_operation/User/gd32f4xx_libopt.h","702C6D85987BCDDDD363A8412C5806255F6C746065DA984EB21896C5DDD6BF09","702C6D85987BCDDDD363A8412C5806255F6C746065DA984EB21896C5DDD6BF09","True"
"projects/02-task-scheduling/course/06_FreeRTOS_operation/User/main.c","2DF30CF62E26190914A2FF0C8B64CB8FD77FCCA9D5C7BCDDE2181C76B94EDB70","2DF30CF62E26190914A2FF0C8B64CB8FD77FCCA9D5C7BCDDE2181C76B94EDB70","True"
"projects/02-task-scheduling/course/06_FreeRTOS_operation/User/main.h","32C273B119ABF22DA51E2782C09853A1545B1DF1364A13EFFA2B465379E1A53C","32C273B119ABF22DA51E2782C09853A1545B1DF1364A13EFFA2B465379E1A53C","True"
"projects/02-task-scheduling/course/06_FreeRTOS_operation/User/readme.txt","A45BD1E14D470B46BE2D57C9D35147E41204556CC4BB4E25EA3C7B6B424A0B7C","A45BD1E14D470B46BE2D57C9D35147E41204556CC4BB4E25EA3C7B6B424A0B7C","True"
"projects/02-task-scheduling/course/06_FreeRTOS_operation/User/systick.c","8D524363D38E222D3E8A2281F06972493AE62F379A138637B65419C59E06CBD2","8D524363D38E222D3E8A2281F06972493AE62F379A138637B65419C59E06CBD2","True"
"projects/02-task-scheduling/course/06_FreeRTOS_operation/User/systick.h","E74F1981340E6162CCE52F39F73009B1570EFB7F024410652F494E77997DA025","E74F1981340E6162CCE52F39F73009B1570EFB7F024410652F494E77997DA025","True"
"projects/02-task-scheduling/course/07_FreeRTOS_operation2/Doc/readme.txt","E3B0C44298FC1C149AFBF4C8996FB92427AE41E4649B934CA495991B7852B855","E3B0C44298FC1C149AFBF4C8996FB92427AE41E4649B934CA495991B7852B855","True"
"projects/02-task-scheduling/course/07_FreeRTOS_operation2/Firmware/CMSIS/core_cm4_simd.h","0C2A0C2D66C7791B82CA19D10336C96518830EF359F6BFD9DA7477BC2CBCCBBB","0C2A0C2D66C7791B82CA19D10336C96518830EF359F6BFD9DA7477BC2CBCCBBB","True"
"projects/02-task-scheduling/course/07_FreeRTOS_operation2/Firmware/CMSIS/core_cm4.h","4756546E1449D17B1A7DEE2F3307F2C92C9F1D669C3F5DFC3EE1DEC8AEE9A8F7","4756546E1449D17B1A7DEE2F3307F2C92C9F1D669C3F5DFC3EE1DEC8AEE9A8F7","True"
"projects/02-task-scheduling/course/07_FreeRTOS_operation2/Firmware/CMSIS/core_cmFunc.h","5075FF67C8E264B83D9B391C07C6512E26ABBC189E321DE0D8B4375476980E5E","5075FF67C8E264B83D9B391C07C6512E26ABBC189E321DE0D8B4375476980E5E","True"
"projects/02-task-scheduling/course/07_FreeRTOS_operation2/Firmware/CMSIS/core_cmInstr.h","C35DDCA16CA04646DC70ACF2D592AD9EAEAAECD8125A32ABB710069648266EB5","C35DDCA16CA04646DC70ACF2D592AD9EAEAAECD8125A32ABB710069648266EB5","True"
"projects/02-task-scheduling/course/07_FreeRTOS_operation2/Firmware/CMSIS/GD/GD32F4xx/Include/gd32f4xx.h","96F1F6884C9885D32DF760A385CA0B5E8E9B20C066F71B946771A00503623A62","96F1F6884C9885D32DF760A385CA0B5E8E9B20C066F71B946771A00503623A62","True"
"projects/02-task-scheduling/course/07_FreeRTOS_operation2/Firmware/CMSIS/GD/GD32F4xx/Include/system_gd32f4xx.h","98EF2DD6DD7F6D2542C4D5CA83E9869BE3630B43300CB9AB453703E4277913BD","98EF2DD6DD7F6D2542C4D5CA83E9869BE3630B43300CB9AB453703E4277913BD","True"
"projects/02-task-scheduling/course/07_FreeRTOS_operation2/Firmware/CMSIS/GD/GD32F4xx/Source/ARM/startup_gd32f405_425.s","AEF6290F6950C0B7FB922FD12B91B3FC34ADA707A6846AA5D7A1277FDD50FBD9","AEF6290F6950C0B7FB922FD12B91B3FC34ADA707A6846AA5D7A1277FDD50FBD9","True"
"projects/02-task-scheduling/course/07_FreeRTOS_operation2/Firmware/CMSIS/GD/GD32F4xx/Source/ARM/startup_gd32f407_427.s","65127CC1FFC7BB0C6E3AB3E1EF32C8F935D09EF4A83AC4914E089D40C39B8B5B","65127CC1FFC7BB0C6E3AB3E1EF32C8F935D09EF4A83AC4914E089D40C39B8B5B","True"
"projects/02-task-scheduling/course/07_FreeRTOS_operation2/Firmware/CMSIS/GD/GD32F4xx/Source/ARM/startup_gd32f450_470.s","A4E9852BA47AAD025DE9645D067FAB33DDA87B8E82DEA6D77B3364F902345299","A4E9852BA47AAD025DE9645D067FAB33DDA87B8E82DEA6D77B3364F902345299","True"
"projects/02-task-scheduling/course/07_FreeRTOS_operation2/Firmware/CMSIS/GD/GD32F4xx/Source/IAR/startup_gd32f405_425.s","70E76C6AD0182A5682773261E308008BC1102C09839605A0E058851173026836","70E76C6AD0182A5682773261E308008BC1102C09839605A0E058851173026836","True"
"projects/02-task-scheduling/course/07_FreeRTOS_operation2/Firmware/CMSIS/GD/GD32F4xx/Source/IAR/startup_gd32f407_427.s","550D6CA54DE7F8FCB2791AAF9141666BA15978C55017FA6798BF0CA80A2864C6","550D6CA54DE7F8FCB2791AAF9141666BA15978C55017FA6798BF0CA80A2864C6","True"
"projects/02-task-scheduling/course/07_FreeRTOS_operation2/Firmware/CMSIS/GD/GD32F4xx/Source/IAR/startup_gd32f450_470.s","EE6654F1D551C6937D014FE943342B0395A32076E5AC8DD688C600EACB9BD343","EE6654F1D551C6937D014FE943342B0395A32076E5AC8DD688C600EACB9BD343","True"
"projects/02-task-scheduling/course/07_FreeRTOS_operation2/Firmware/CMSIS/GD/GD32F4xx/Source/system_gd32f4xx.c","8F66A123756716CF74297A7B54EEC616F230CBBC37DFB60F21BF05D1BC070836","8F66A123756716CF74297A7B54EEC616F230CBBC37DFB60F21BF05D1BC070836","True"
"projects/02-task-scheduling/course/07_FreeRTOS_operation2/Firmware/GD32F4xx_standard_peripheral/Include/gd32f4xx_adc.h","D6B41E007F1EE95E5FA1B495F94924F7E6166439FBF3E9234A26B5FA6C32F1DE","D6B41E007F1EE95E5FA1B495F94924F7E6166439FBF3E9234A26B5FA6C32F1DE","True"
"projects/02-task-scheduling/course/07_FreeRTOS_operation2/Firmware/GD32F4xx_standard_peripheral/Include/gd32f4xx_can.h","62A96066D7B8A1CEF45AB4092FCE5058B962050EB1C9E4B3585F0E19B9F30578","62A96066D7B8A1CEF45AB4092FCE5058B962050EB1C9E4B3585F0E19B9F30578","True"
"projects/02-task-scheduling/course/07_FreeRTOS_operation2/Firmware/GD32F4xx_standard_peripheral/Include/gd32f4xx_crc.h","4870F145AEEC968F3A7A0A5068105591E1ADEB9A37A5E47FDCC9D27D7D3AFBD6","4870F145AEEC968F3A7A0A5068105591E1ADEB9A37A5E47FDCC9D27D7D3AFBD6","True"
"projects/02-task-scheduling/course/07_FreeRTOS_operation2/Firmware/GD32F4xx_standard_peripheral/Include/gd32f4xx_ctc.h","900AB7D5F9C585834166A58966C8D523FF91D410066D00BBED3E6522C25782D7","900AB7D5F9C585834166A58966C8D523FF91D410066D00BBED3E6522C25782D7","True"
"projects/02-task-scheduling/course/07_FreeRTOS_operation2/Firmware/GD32F4xx_standard_peripheral/Include/gd32f4xx_dac.h","86057CC0C52A32F955A12F47ABA1E4997AC2DABA13B10A686D8777579F638AFB","86057CC0C52A32F955A12F47ABA1E4997AC2DABA13B10A686D8777579F638AFB","True"
"projects/02-task-scheduling/course/07_FreeRTOS_operation2/Firmware/GD32F4xx_standard_peripheral/Include/gd32f4xx_dbg.h","21A089B5880F1D101116BD37EAAC7A085A103901A40900E75941130D901B150E","21A089B5880F1D101116BD37EAAC7A085A103901A40900E75941130D901B150E","True"
"projects/02-task-scheduling/course/07_FreeRTOS_operation2/Firmware/GD32F4xx_standard_peripheral/Include/gd32f4xx_dci.h","787F449F0B2EBA5BBCC92B0D50899FA668CEA6ED9CCAB3960EBA0B2253CC7748","787F449F0B2EBA5BBCC92B0D50899FA668CEA6ED9CCAB3960EBA0B2253CC7748","True"
"projects/02-task-scheduling/course/07_FreeRTOS_operation2/Firmware/GD32F4xx_standard_peripheral/Include/gd32f4xx_dma.h","F358957EBF98C4C449480A088E349CDAC2716394C24FA4111DE08B06FCDC5094","F358957EBF98C4C449480A088E349CDAC2716394C24FA4111DE08B06FCDC5094","True"
"projects/02-task-scheduling/course/07_FreeRTOS_operation2/Firmware/GD32F4xx_standard_peripheral/Include/gd32f4xx_enet.h","2BDBC2BE9B0E3BA398DEEAB38021442A2CFEEDFF21FC353CF3B16C717A2CDF9B","2BDBC2BE9B0E3BA398DEEAB38021442A2CFEEDFF21FC353CF3B16C717A2CDF9B","True"
"projects/02-task-scheduling/course/07_FreeRTOS_operation2/Firmware/GD32F4xx_standard_peripheral/Include/gd32f4xx_exmc.h","68482B678DD868085A6BE6317EEC18873D43F895936E503487E843E561A0D55E","68482B678DD868085A6BE6317EEC18873D43F895936E503487E843E561A0D55E","True"
"projects/02-task-scheduling/course/07_FreeRTOS_operation2/Firmware/GD32F4xx_standard_peripheral/Include/gd32f4xx_exti.h","705948F029F63A5995D9849A60E417D6210ECE34C8E942C76A2D4E7A2B927426","705948F029F63A5995D9849A60E417D6210ECE34C8E942C76A2D4E7A2B927426","True"
"projects/02-task-scheduling/course/07_FreeRTOS_operation2/Firmware/GD32F4xx_standard_peripheral/Include/gd32f4xx_fmc.h","5A5D9F0B1CE1E7486206130F80048F81A6D3E9E6337BF0A4C69D4A1D5EDC9F7E","5A5D9F0B1CE1E7486206130F80048F81A6D3E9E6337BF0A4C69D4A1D5EDC9F7E","True"
"projects/02-task-scheduling/course/07_FreeRTOS_operation2/Firmware/GD32F4xx_standard_peripheral/Include/gd32f4xx_fwdgt.h","04CB4EE0D6526910CF9CA8BEFC437FC6DF3FDFE09FB0BC418AB7EA5C19611A50","04CB4EE0D6526910CF9CA8BEFC437FC6DF3FDFE09FB0BC418AB7EA5C19611A50","True"
"projects/02-task-scheduling/course/07_FreeRTOS_operation2/Firmware/GD32F4xx_standard_peripheral/Include/gd32f4xx_gpio.h","A20501A28644BF45B8E3C4AB2A7237466805C1480B06E7D6C8585296D7F08787","A20501A28644BF45B8E3C4AB2A7237466805C1480B06E7D6C8585296D7F08787","True"
"projects/02-task-scheduling/course/07_FreeRTOS_operation2/Firmware/GD32F4xx_standard_peripheral/Include/gd32f4xx_i2c.h","6CF4053E2452263CDFCB98DA0832CE1F2F1B0380C1BEA5D4284C1DF0D5CBBB05","6CF4053E2452263CDFCB98DA0832CE1F2F1B0380C1BEA5D4284C1DF0D5CBBB05","True"
"projects/02-task-scheduling/course/07_FreeRTOS_operation2/Firmware/GD32F4xx_standard_peripheral/Include/gd32f4xx_ipa.h","1AD22068402E09BAE4117E637ED972FCD7452751CCBE01C7829AEA7DF45AE8AE","1AD22068402E09BAE4117E637ED972FCD7452751CCBE01C7829AEA7DF45AE8AE","True"
"projects/02-task-scheduling/course/07_FreeRTOS_operation2/Firmware/GD32F4xx_standard_peripheral/Include/gd32f4xx_iref.h","D9D1E67FD4473F44B2F7E22BB78C3DFA9B5109D083AF1B0FDC63EC657B241C4A","D9D1E67FD4473F44B2F7E22BB78C3DFA9B5109D083AF1B0FDC63EC657B241C4A","True"
"projects/02-task-scheduling/course/07_FreeRTOS_operation2/Firmware/GD32F4xx_standard_peripheral/Include/gd32f4xx_misc.h","0A918F830F0200C0E806DFB50594259783E69D8ADBC27708705567F7193D35FB","0A918F830F0200C0E806DFB50594259783E69D8ADBC27708705567F7193D35FB","True"
"projects/02-task-scheduling/course/07_FreeRTOS_operation2/Firmware/GD32F4xx_standard_peripheral/Include/gd32f4xx_pmu.h","B9A72B6E42083EFD170C0C5FBE579C5D6417F9BBF674DB36041BE96FCBD84636","B9A72B6E42083EFD170C0C5FBE579C5D6417F9BBF674DB36041BE96FCBD84636","True"
"projects/02-task-scheduling/course/07_FreeRTOS_operation2/Firmware/GD32F4xx_standard_peripheral/Include/gd32f4xx_rcu.h","AC2B2AE653EDC89E674EDA24E1CFE8B511B73984AE0CABED3DF60BA61F8EEF08","AC2B2AE653EDC89E674EDA24E1CFE8B511B73984AE0CABED3DF60BA61F8EEF08","True"
"projects/02-task-scheduling/course/07_FreeRTOS_operation2/Firmware/GD32F4xx_standard_peripheral/Include/gd32f4xx_rtc.h","1798B1B495683096D4491CF0F854957D2AD60612F65A801ED0E7A4BEE49FA549","1798B1B495683096D4491CF0F854957D2AD60612F65A801ED0E7A4BEE49FA549","True"
"projects/02-task-scheduling/course/07_FreeRTOS_operation2/Firmware/GD32F4xx_standard_peripheral/Include/gd32f4xx_sdio.h","8D6813EFC565E3085611D767EA4E670E0C76A256C6F17FC93F313BCB11D0385A","8D6813EFC565E3085611D767EA4E670E0C76A256C6F17FC93F313BCB11D0385A","True"
"projects/02-task-scheduling/course/07_FreeRTOS_operation2/Firmware/GD32F4xx_standard_peripheral/Include/gd32f4xx_spi.h","4C6360C8FE58D4A38E4870BCBA17630857551D3EC7B4BD3DDEB5085C31240B1C","4C6360C8FE58D4A38E4870BCBA17630857551D3EC7B4BD3DDEB5085C31240B1C","True"
"projects/02-task-scheduling/course/07_FreeRTOS_operation2/Firmware/GD32F4xx_standard_peripheral/Include/gd32f4xx_syscfg.h","5060FEF0A07A3FC1396A31F09F95FE1D134F8A1FB1581E3DD98BB6078108C447","5060FEF0A07A3FC1396A31F09F95FE1D134F8A1FB1581E3DD98BB6078108C447","True"
"projects/02-task-scheduling/course/07_FreeRTOS_operation2/Firmware/GD32F4xx_standard_peripheral/Include/gd32f4xx_timer.h","7A79F81F1D862A1B49F23BFE05B1AC751A71E761B6E63C2DFFABE6C7BC69AC49","7A79F81F1D862A1B49F23BFE05B1AC751A71E761B6E63C2DFFABE6C7BC69AC49","True"
"projects/02-task-scheduling/course/07_FreeRTOS_operation2/Firmware/GD32F4xx_standard_peripheral/Include/gd32f4xx_tli.h","1B94EA157AC8CE2FED962B0C4FF95B6702C6194300AA51B04C3AAFE493768D2A","1B94EA157AC8CE2FED962B0C4FF95B6702C6194300AA51B04C3AAFE493768D2A","True"
"projects/02-task-scheduling/course/07_FreeRTOS_operation2/Firmware/GD32F4xx_standard_peripheral/Include/gd32f4xx_trng.h","91E2BB5AFFEFA65F90927FAD795FAA0F4204516284ECA38E461506F0CD9CA924","91E2BB5AFFEFA65F90927FAD795FAA0F4204516284ECA38E461506F0CD9CA924","True"
"projects/02-task-scheduling/course/07_FreeRTOS_operation2/Firmware/GD32F4xx_standard_peripheral/Include/gd32f4xx_usart.h","6CF40E957A1216C99E3663D667DE1944C42272897011834BF20ADCD97E791074","6CF40E957A1216C99E3663D667DE1944C42272897011834BF20ADCD97E791074","True"
"projects/02-task-scheduling/course/07_FreeRTOS_operation2/Firmware/GD32F4xx_standard_peripheral/Include/gd32f4xx_wwdgt.h","01EECFC98B4507AEB8F0AFBE7D994EA0A617A79E5D4EB2D1D4A85979BA014EFE","01EECFC98B4507AEB8F0AFBE7D994EA0A617A79E5D4EB2D1D4A85979BA014EFE","True"
"projects/02-task-scheduling/course/07_FreeRTOS_operation2/Firmware/GD32F4xx_standard_peripheral/Source/gd32f4xx_adc.c","8A5C91EC7A397B53EFD086646674D273ECE00F36C9610AB50715FE1521BA4112","8A5C91EC7A397B53EFD086646674D273ECE00F36C9610AB50715FE1521BA4112","True"
"projects/02-task-scheduling/course/07_FreeRTOS_operation2/Firmware/GD32F4xx_standard_peripheral/Source/gd32f4xx_can.c","CE0E343B00856972EABACCC1F4D88C051796A8D1E30C4596312FC29A533DB8BA","CE0E343B00856972EABACCC1F4D88C051796A8D1E30C4596312FC29A533DB8BA","True"
"projects/02-task-scheduling/course/07_FreeRTOS_operation2/Firmware/GD32F4xx_standard_peripheral/Source/gd32f4xx_crc.c","C14034159E72E082AA70E2A8CBA60FFCF950B63D75AE467706632F32EC00F315","C14034159E72E082AA70E2A8CBA60FFCF950B63D75AE467706632F32EC00F315","True"
"projects/02-task-scheduling/course/07_FreeRTOS_operation2/Firmware/GD32F4xx_standard_peripheral/Source/gd32f4xx_ctc.c","07F4A6385C6FFB2E18ECF95DAAE6A431FB91262FA988835A249A64F4002280A1","07F4A6385C6FFB2E18ECF95DAAE6A431FB91262FA988835A249A64F4002280A1","True"
"projects/02-task-scheduling/course/07_FreeRTOS_operation2/Firmware/GD32F4xx_standard_peripheral/Source/gd32f4xx_dac.c","ACE5C99F1E2774D955CA4E4D5D6E81B2D831F718098487EA3E8C2C34C960E160","ACE5C99F1E2774D955CA4E4D5D6E81B2D831F718098487EA3E8C2C34C960E160","True"
"projects/02-task-scheduling/course/07_FreeRTOS_operation2/Firmware/GD32F4xx_standard_peripheral/Source/gd32f4xx_dbg.c","6EEC659FD6B5C549226BAE8E9C9C78785B064D557434189BB221287D550FE291","6EEC659FD6B5C549226BAE8E9C9C78785B064D557434189BB221287D550FE291","True"
"projects/02-task-scheduling/course/07_FreeRTOS_operation2/Firmware/GD32F4xx_standard_peripheral/Source/gd32f4xx_dci.c","B99613D9A21A02DD39117F30B9A488B859209AB3489DCFDE7361D147CDF76516","B99613D9A21A02DD39117F30B9A488B859209AB3489DCFDE7361D147CDF76516","True"
"projects/02-task-scheduling/course/07_FreeRTOS_operation2/Firmware/GD32F4xx_standard_peripheral/Source/gd32f4xx_dma.c","2D943A169ABABCC22CBC6C41665F5CE375C30B63005954E1D34BB3218CB63FAF","2D943A169ABABCC22CBC6C41665F5CE375C30B63005954E1D34BB3218CB63FAF","True"
"projects/02-task-scheduling/course/07_FreeRTOS_operation2/Firmware/GD32F4xx_standard_peripheral/Source/gd32f4xx_enet.c","3051E8737C463D23D07B9C9AD937BC7C488BB573738B2313982870DAA670E87E","3051E8737C463D23D07B9C9AD937BC7C488BB573738B2313982870DAA670E87E","True"
"projects/02-task-scheduling/course/07_FreeRTOS_operation2/Firmware/GD32F4xx_standard_peripheral/Source/gd32f4xx_exmc.c","E4A79B377C89D9EB8BD5BE101E273AD5EFBA0C2A24FB4621AB7BC124BEEEAEBF","E4A79B377C89D9EB8BD5BE101E273AD5EFBA0C2A24FB4621AB7BC124BEEEAEBF","True"
"projects/02-task-scheduling/course/07_FreeRTOS_operation2/Firmware/GD32F4xx_standard_peripheral/Source/gd32f4xx_exti.c","FCE4A7ECA93486D71A9E5758642F2282AE7F8805DBB559312837A0B17577FE58","FCE4A7ECA93486D71A9E5758642F2282AE7F8805DBB559312837A0B17577FE58","True"
"projects/02-task-scheduling/course/07_FreeRTOS_operation2/Firmware/GD32F4xx_standard_peripheral/Source/gd32f4xx_fmc.c","15408829D2405432FC8ED73D5D8C6BBB1E6C74540F1B817983BABD62E22CAB16","15408829D2405432FC8ED73D5D8C6BBB1E6C74540F1B817983BABD62E22CAB16","True"
"projects/02-task-scheduling/course/07_FreeRTOS_operation2/Firmware/GD32F4xx_standard_peripheral/Source/gd32f4xx_fwdgt.c","05B67D15069CED6F0472E4115ECD16064402E0D6220561499000025A8CD189B7","05B67D15069CED6F0472E4115ECD16064402E0D6220561499000025A8CD189B7","True"
"projects/02-task-scheduling/course/07_FreeRTOS_operation2/Firmware/GD32F4xx_standard_peripheral/Source/gd32f4xx_gpio.c","262BEFE864D5DA3BADA64D0B3DAB29E5C2747E46B154EDE8BCAB0B788DB614E0","262BEFE864D5DA3BADA64D0B3DAB29E5C2747E46B154EDE8BCAB0B788DB614E0","True"
"projects/02-task-scheduling/course/07_FreeRTOS_operation2/Firmware/GD32F4xx_standard_peripheral/Source/gd32f4xx_i2c.c","8EDFAF1A8F0BF2833923D0072FE1B9D0467382B3EC1D243E918D0DE9711CCCD2","8EDFAF1A8F0BF2833923D0072FE1B9D0467382B3EC1D243E918D0DE9711CCCD2","True"
"projects/02-task-scheduling/course/07_FreeRTOS_operation2/Firmware/GD32F4xx_standard_peripheral/Source/gd32f4xx_ipa.c","38A8350304763C1C83B4D2341F6782B090CA09ABE541AC360089B5CB454BCF57","38A8350304763C1C83B4D2341F6782B090CA09ABE541AC360089B5CB454BCF57","True"
"projects/02-task-scheduling/course/07_FreeRTOS_operation2/Firmware/GD32F4xx_standard_peripheral/Source/gd32f4xx_iref.c","24F2FCFCD20882FD3E65773A281A827BF5391A0A8054324EEF7C98BB3F2B9B80","24F2FCFCD20882FD3E65773A281A827BF5391A0A8054324EEF7C98BB3F2B9B80","True"
"projects/02-task-scheduling/course/07_FreeRTOS_operation2/Firmware/GD32F4xx_standard_peripheral/Source/gd32f4xx_misc.c","1CD262F295155428C25DEDC69BFBAB99F7A99DE09E0B602ECA1F2C6017CFE2DA","1CD262F295155428C25DEDC69BFBAB99F7A99DE09E0B602ECA1F2C6017CFE2DA","True"
"projects/02-task-scheduling/course/07_FreeRTOS_operation2/Firmware/GD32F4xx_standard_peripheral/Source/gd32f4xx_pmu.c","DAFA94838A55132E3313234C5AC2BE6172116DC26574347363D554EFFB186D79","DAFA94838A55132E3313234C5AC2BE6172116DC26574347363D554EFFB186D79","True"
"projects/02-task-scheduling/course/07_FreeRTOS_operation2/Firmware/GD32F4xx_standard_peripheral/Source/gd32f4xx_rcu.c","6C1030EB58EC7CB9C41E2A1FF31DDEF87F70DD083222327978234004C4E95B98","6C1030EB58EC7CB9C41E2A1FF31DDEF87F70DD083222327978234004C4E95B98","True"
"projects/02-task-scheduling/course/07_FreeRTOS_operation2/Firmware/GD32F4xx_standard_peripheral/Source/gd32f4xx_rtc.c","EEA5BCB92C88A7BAB9F3740F8E9408236412A546B03A5467F21B0F94A01183E7","EEA5BCB92C88A7BAB9F3740F8E9408236412A546B03A5467F21B0F94A01183E7","True"
"projects/02-task-scheduling/course/07_FreeRTOS_operation2/Firmware/GD32F4xx_standard_peripheral/Source/gd32f4xx_sdio.c","9D8F3E488C74C44A30C4D0BBB9CD8D86555D898CA9C36F259CE57609959B9854","9D8F3E488C74C44A30C4D0BBB9CD8D86555D898CA9C36F259CE57609959B9854","True"
"projects/02-task-scheduling/course/07_FreeRTOS_operation2/Firmware/GD32F4xx_standard_peripheral/Source/gd32f4xx_spi.c","CE06438E9AD5882A0FCA88DFE658DD925ED3320BA574C2797E2F93ACF6142459","CE06438E9AD5882A0FCA88DFE658DD925ED3320BA574C2797E2F93ACF6142459","True"
"projects/02-task-scheduling/course/07_FreeRTOS_operation2/Firmware/GD32F4xx_standard_peripheral/Source/gd32f4xx_syscfg.c","51A7A5E70F3064424CC6E2F6A06942B47ADAAC8C36A6612EE08B1643557B3CA3","51A7A5E70F3064424CC6E2F6A06942B47ADAAC8C36A6612EE08B1643557B3CA3","True"
"projects/02-task-scheduling/course/07_FreeRTOS_operation2/Firmware/GD32F4xx_standard_peripheral/Source/gd32f4xx_timer.c","3961465CF6BA39554E34C02183C50676A4AB9B3991A6AAD32D271754B2506B14","3961465CF6BA39554E34C02183C50676A4AB9B3991A6AAD32D271754B2506B14","True"
"projects/02-task-scheduling/course/07_FreeRTOS_operation2/Firmware/GD32F4xx_standard_peripheral/Source/gd32f4xx_tli.c","881A02E692AFD4A0B6848A929B0B8C79148911AD7543CF611287C45E82372541","881A02E692AFD4A0B6848A929B0B8C79148911AD7543CF611287C45E82372541","True"
"projects/02-task-scheduling/course/07_FreeRTOS_operation2/Firmware/GD32F4xx_standard_peripheral/Source/gd32f4xx_trng.c","BA9093D046A01C997AA54D2DE9F663E8AF32FB9E53C950CFC640F1033FCD6C53","BA9093D046A01C997AA54D2DE9F663E8AF32FB9E53C950CFC640F1033FCD6C53","True"
"projects/02-task-scheduling/course/07_FreeRTOS_operation2/Firmware/GD32F4xx_standard_peripheral/Source/gd32f4xx_usart.c","F67FA54D9C9537317BE92D95FD880A394D9ABE98DF708E5AA821FBFA392AE9B0","F67FA54D9C9537317BE92D95FD880A394D9ABE98DF708E5AA821FBFA392AE9B0","True"
"projects/02-task-scheduling/course/07_FreeRTOS_operation2/Firmware/GD32F4xx_standard_peripheral/Source/gd32f4xx_wwdgt.c","0ED39DE6F0101E10DDCB476E6EF21C44D2282D4F689D0D0D70F9E04940E6F0FE","0ED39DE6F0101E10DDCB476E6EF21C44D2282D4F689D0D0D70F9E04940E6F0FE","True"
"projects/02-task-scheduling/course/07_FreeRTOS_operation2/Firmware/GD32F4xx_usb_library/device/class/audio/Include/audio_core.h","D4550583AD93FB3EED7D288FB84CA5E1B57269E088FB073E541A666B636FEC00","D4550583AD93FB3EED7D288FB84CA5E1B57269E088FB073E541A666B636FEC00","True"
"projects/02-task-scheduling/course/07_FreeRTOS_operation2/Firmware/GD32F4xx_usb_library/device/class/audio/Include/audio_out_itf.h","77FB54DEA6431AF26C1DE2B1CCFB8186FAC92519D817556FE6B31FDE7947310B","77FB54DEA6431AF26C1DE2B1CCFB8186FAC92519D817556FE6B31FDE7947310B","True"
"projects/02-task-scheduling/course/07_FreeRTOS_operation2/Firmware/GD32F4xx_usb_library/device/class/audio/Source/audio_core.c","E134ABAB42ADA7E2D9C6BAD56032F4358FBD37B82E3861496BFE8DC7B4263D32","E134ABAB42ADA7E2D9C6BAD56032F4358FBD37B82E3861496BFE8DC7B4263D32","True"
"projects/02-task-scheduling/course/07_FreeRTOS_operation2/Firmware/GD32F4xx_usb_library/device/class/audio/Source/audio_out_itf.c","33F0490E4B3CE2315D51257BB877A233BA7293BF83F1272113382989476B887B","33F0490E4B3CE2315D51257BB877A233BA7293BF83F1272113382989476B887B","True"
"projects/02-task-scheduling/course/07_FreeRTOS_operation2/Firmware/GD32F4xx_usb_library/device/class/cdc/Include/cdc_acm_core.h","58A53B46A222A4CA1B4F35901A48555A22FF6C8EF95DCB23E651A64512A0B8EC","58A53B46A222A4CA1B4F35901A48555A22FF6C8EF95DCB23E651A64512A0B8EC","True"
"projects/02-task-scheduling/course/07_FreeRTOS_operation2/Firmware/GD32F4xx_usb_library/device/class/cdc/Source/cdc_acm_core.c","92F6D272CB501A2E0E8020A5C7C3FDBF3F6267044A5F00C248A53BDC23867E71","92F6D272CB501A2E0E8020A5C7C3FDBF3F6267044A5F00C248A53BDC23867E71","True"
"projects/02-task-scheduling/course/07_FreeRTOS_operation2/Firmware/GD32F4xx_usb_library/device/class/dfu/Include/dfu_core.h","B074E46C11DFC3D6F057E7C91263A7894A8598F5AD27062A8F0C737739F0AC4B","B074E46C11DFC3D6F057E7C91263A7894A8598F5AD27062A8F0C737739F0AC4B","True"
"projects/02-task-scheduling/course/07_FreeRTOS_operation2/Firmware/GD32F4xx_usb_library/device/class/dfu/Include/dfu_mem.h","EE0FA900E1595041DB2524E57A7684A911AFEC27BD737544CB8ACC1A419B54F3","EE0FA900E1595041DB2524E57A7684A911AFEC27BD737544CB8ACC1A419B54F3","True"
"projects/02-task-scheduling/course/07_FreeRTOS_operation2/Firmware/GD32F4xx_usb_library/device/class/dfu/Source/dfu_core.c","EE0B61F48E523F816E1977AB5667701D4A30C9D7994809DAEC56A6C22B6B23F2","EE0B61F48E523F816E1977AB5667701D4A30C9D7994809DAEC56A6C22B6B23F2","True"
"projects/02-task-scheduling/course/07_FreeRTOS_operation2/Firmware/GD32F4xx_usb_library/device/class/dfu/Source/dfu_mem.c","1740852FD0411642AAD47BF10951D51DE5338CA02239C634C4A28211CC0B6BD5","1740852FD0411642AAD47BF10951D51DE5338CA02239C634C4A28211CC0B6BD5","True"
"projects/02-task-scheduling/course/07_FreeRTOS_operation2/Firmware/GD32F4xx_usb_library/device/class/hid/Include/custom_hid_core.h","3D8630539B539B75241B088BA5CB2BD6A6377EBE6A0C026E14E4D9F618149F3C","3D8630539B539B75241B088BA5CB2BD6A6377EBE6A0C026E14E4D9F618149F3C","True"
"projects/02-task-scheduling/course/07_FreeRTOS_operation2/Firmware/GD32F4xx_usb_library/device/class/hid/Include/standard_hid_core.h","B43958E8EF0BB4E5939D1B1279F2B4D25791ABD357C51504FB08C6BF5CDE5A55","B43958E8EF0BB4E5939D1B1279F2B4D25791ABD357C51504FB08C6BF5CDE5A55","True"
"projects/02-task-scheduling/course/07_FreeRTOS_operation2/Firmware/GD32F4xx_usb_library/device/class/hid/Source/custom_hid_core.c","E31D924422097B600884693E2CFB38C20E4215861DFC8BBDFF3058C9A9133668","E31D924422097B600884693E2CFB38C20E4215861DFC8BBDFF3058C9A9133668","True"
"projects/02-task-scheduling/course/07_FreeRTOS_operation2/Firmware/GD32F4xx_usb_library/device/class/hid/Source/standard_hid_core.c","976542C7FC8C038846C71E4C5E6755B3C9364C8C09425F671FA694F1F14889A1","976542C7FC8C038846C71E4C5E6755B3C9364C8C09425F671FA694F1F14889A1","True"
"projects/02-task-scheduling/course/07_FreeRTOS_operation2/Firmware/GD32F4xx_usb_library/device/class/iap/Include/usb_iap_core.h","0C5491567E7452BE4CDC0099BC8F6E5B6ACA7B9C273FDB95647264938337C163","0C5491567E7452BE4CDC0099BC8F6E5B6ACA7B9C273FDB95647264938337C163","True"
"projects/02-task-scheduling/course/07_FreeRTOS_operation2/Firmware/GD32F4xx_usb_library/device/class/iap/Source/usb_iap_core.c","B48D8EDB4882F57E2EE0B7CD17D94A4EA574BBFDB3EF72F35355FB7B8CBF374D","B48D8EDB4882F57E2EE0B7CD17D94A4EA574BBFDB3EF72F35355FB7B8CBF374D","True"
"projects/02-task-scheduling/course/07_FreeRTOS_operation2/Firmware/GD32F4xx_usb_library/device/class/msc/Include/usbd_msc_bbb.h","FCE4E4A9E17E3C7AD6EF23BF6284354B3C1E0BC79E2E3D8C51C00C7CBA88598F","FCE4E4A9E17E3C7AD6EF23BF6284354B3C1E0BC79E2E3D8C51C00C7CBA88598F","True"
"projects/02-task-scheduling/course/07_FreeRTOS_operation2/Firmware/GD32F4xx_usb_library/device/class/msc/Include/usbd_msc_core.h","1B56E50C7F78BD46CC86E131565DA5A3CA050901171A99D33526283996D0062C","1B56E50C7F78BD46CC86E131565DA5A3CA050901171A99D33526283996D0062C","True"
"projects/02-task-scheduling/course/07_FreeRTOS_operation2/Firmware/GD32F4xx_usb_library/device/class/msc/Include/usbd_msc_mem.h","4219910F0D5565CBF2CB7DE2191FFFAD41F01F9903EC160827C6F441FC9FE241","4219910F0D5565CBF2CB7DE2191FFFAD41F01F9903EC160827C6F441FC9FE241","True"
"projects/02-task-scheduling/course/07_FreeRTOS_operation2/Firmware/GD32F4xx_usb_library/device/class/msc/Include/usbd_msc_scsi.h","8A843A759A5D1013DB6524B1547453013DA00C202F03A7011B604C8E79F96A2D","8A843A759A5D1013DB6524B1547453013DA00C202F03A7011B604C8E79F96A2D","True"
"projects/02-task-scheduling/course/07_FreeRTOS_operation2/Firmware/GD32F4xx_usb_library/device/class/msc/Source/usbd_msc_bbb.c","D613ECDDAB72A03DE672E4669F2549F5CE93259C09819FCBD78DB49DBBEFA4A5","D613ECDDAB72A03DE672E4669F2549F5CE93259C09819FCBD78DB49DBBEFA4A5","True"
"projects/02-task-scheduling/course/07_FreeRTOS_operation2/Firmware/GD32F4xx_usb_library/device/class/msc/Source/usbd_msc_core.c","5C5983C2884B08AA4A480B29929E20A502741C56CEFD717E48A6FE5C807BBB5C","5C5983C2884B08AA4A480B29929E20A502741C56CEFD717E48A6FE5C807BBB5C","True"
"projects/02-task-scheduling/course/07_FreeRTOS_operation2/Firmware/GD32F4xx_usb_library/device/class/msc/Source/usbd_msc_scsi.c","062E1DF310C0FEED9372585E09D4A317F65B8E0E03BD70C14AA7418A99C5EFFD","062E1DF310C0FEED9372585E09D4A317F65B8E0E03BD70C14AA7418A99C5EFFD","True"
"projects/02-task-scheduling/course/07_FreeRTOS_operation2/Firmware/GD32F4xx_usb_library/device/class/printer/Include/printer_core.h","4231DAE7349CC3643150EC1E90A5CEFB4ADF23ADC0314E82EF001BDFCD7D7E8C","4231DAE7349CC3643150EC1E90A5CEFB4ADF23ADC0314E82EF001BDFCD7D7E8C","True"
"projects/02-task-scheduling/course/07_FreeRTOS_operation2/Firmware/GD32F4xx_usb_library/device/class/printer/Source/printer_core.c","93EB77FF7A45DA1424244E1FFA25755A259E43B815D00B14C319BEC17A079831","93EB77FF7A45DA1424244E1FFA25755A259E43B815D00B14C319BEC17A079831","True"
"projects/02-task-scheduling/course/07_FreeRTOS_operation2/Firmware/GD32F4xx_usb_library/device/core/Include/usbd_core.h","A205D78D7C4299519538D5057744916BCB5459EC963BFBD6AA42101197B15041","A205D78D7C4299519538D5057744916BCB5459EC963BFBD6AA42101197B15041","True"
"projects/02-task-scheduling/course/07_FreeRTOS_operation2/Firmware/GD32F4xx_usb_library/device/core/Include/usbd_enum.h","9DE97ED85BA71120379BF876FAF752FA7900784D1614C18D1E9ECEA6C7E2C897","9DE97ED85BA71120379BF876FAF752FA7900784D1614C18D1E9ECEA6C7E2C897","True"
"projects/02-task-scheduling/course/07_FreeRTOS_operation2/Firmware/GD32F4xx_usb_library/device/core/Include/usbd_transc.h","7598A18B6AA5696B7D15C3F8DA6F0F04C37BCA44D48C86FD5A7BD92850A17681","7598A18B6AA5696B7D15C3F8DA6F0F04C37BCA44D48C86FD5A7BD92850A17681","True"
"projects/02-task-scheduling/course/07_FreeRTOS_operation2/Firmware/GD32F4xx_usb_library/device/core/Source/usbd_core.c","74A04240E3912EF2D959396250678FF65E41A6D65E4C92CDDB7BABEBC646A12F","74A04240E3912EF2D959396250678FF65E41A6D65E4C92CDDB7BABEBC646A12F","True"
"projects/02-task-scheduling/course/07_FreeRTOS_operation2/Firmware/GD32F4xx_usb_library/device/core/Source/usbd_enum.c","07C9D4AF518D9659D3696A574638D2238413C849345915F347B1CE91C02A81EE","07C9D4AF518D9659D3696A574638D2238413C849345915F347B1CE91C02A81EE","True"
"projects/02-task-scheduling/course/07_FreeRTOS_operation2/Firmware/GD32F4xx_usb_library/device/core/Source/usbd_transc.c","CE5E569F4CBB0918250C03000276FD987E116E69F489EEC7B049B790A5A87F37","CE5E569F4CBB0918250C03000276FD987E116E69F489EEC7B049B790A5A87F37","True"
"projects/02-task-scheduling/course/07_FreeRTOS_operation2/Firmware/GD32F4xx_usb_library/driver/Include/drv_usb_core.h","D7957D291F199B35772CE89782B17558BCC73B935F66F80C5B7FBE16DDBA5875","D7957D291F199B35772CE89782B17558BCC73B935F66F80C5B7FBE16DDBA5875","True"
"projects/02-task-scheduling/course/07_FreeRTOS_operation2/Firmware/GD32F4xx_usb_library/driver/Include/drv_usb_dev.h","CAF5D56EBAFDBA9FC9F167418A1616E4291B112EDBF47A8654BD9A98F8C17B9A","CAF5D56EBAFDBA9FC9F167418A1616E4291B112EDBF47A8654BD9A98F8C17B9A","True"
"projects/02-task-scheduling/course/07_FreeRTOS_operation2/Firmware/GD32F4xx_usb_library/driver/Include/drv_usb_host.h","FB4056A260F60FDA977AB1139EBFCF00E53B5C3E697FDDA573B902A413BFFF14","FB4056A260F60FDA977AB1139EBFCF00E53B5C3E697FDDA573B902A413BFFF14","True"
"projects/02-task-scheduling/course/07_FreeRTOS_operation2/Firmware/GD32F4xx_usb_library/driver/Include/drv_usb_hw.h","81DBB2D76CD496106998EAA694DA78184988C9618E06CFE573E5D6B5FA1C1F20","81DBB2D76CD496106998EAA694DA78184988C9618E06CFE573E5D6B5FA1C1F20","True"
"projects/02-task-scheduling/course/07_FreeRTOS_operation2/Firmware/GD32F4xx_usb_library/driver/Include/drv_usb_regs.h","048A97F0FF66F557EE6A5E829F8AA0336D69E13E63151CF4D64092D0FF9606BA","048A97F0FF66F557EE6A5E829F8AA0336D69E13E63151CF4D64092D0FF9606BA","True"
"projects/02-task-scheduling/course/07_FreeRTOS_operation2/Firmware/GD32F4xx_usb_library/driver/Include/drv_usbd_int.h","3B71749A04450BBEC4838039BC3C6482EE1D7ECB509B97DA5151F362F918A8F4","3B71749A04450BBEC4838039BC3C6482EE1D7ECB509B97DA5151F362F918A8F4","True"
"projects/02-task-scheduling/course/07_FreeRTOS_operation2/Firmware/GD32F4xx_usb_library/driver/Include/drv_usbh_int.h","5268EE8F0ACCEE9C9E848AE421F3F1B83B8EFA72B8854F08A5756C16C3873997","5268EE8F0ACCEE9C9E848AE421F3F1B83B8EFA72B8854F08A5756C16C3873997","True"
"projects/02-task-scheduling/course/07_FreeRTOS_operation2/Firmware/GD32F4xx_usb_library/driver/Source/drv_usb_core.c","B90492A8404BCBDCBBA9D31D38AD75D2D85B6014CCACF6EEA77B23F69CF5F623","B90492A8404BCBDCBBA9D31D38AD75D2D85B6014CCACF6EEA77B23F69CF5F623","True"
"projects/02-task-scheduling/course/07_FreeRTOS_operation2/Firmware/GD32F4xx_usb_library/driver/Source/drv_usb_dev.c","93CA6CD491C5E0FEA197D5AC7F10BA23E6973543DA7AEED38BFC1AE3A0DC474B","93CA6CD491C5E0FEA197D5AC7F10BA23E6973543DA7AEED38BFC1AE3A0DC474B","True"
"projects/02-task-scheduling/course/07_FreeRTOS_operation2/Firmware/GD32F4xx_usb_library/driver/Source/drv_usb_host.c","D9F6DE1A16C13351C6947A1D8C735A2FA2EF6495159EF75E8C84A903003853EA","D9F6DE1A16C13351C6947A1D8C735A2FA2EF6495159EF75E8C84A903003853EA","True"
"projects/02-task-scheduling/course/07_FreeRTOS_operation2/Firmware/GD32F4xx_usb_library/driver/Source/drv_usbd_int.c","6D629C1B2EE8A05BD9C1B8E20F2664410AFC9608E9489CCAC5BE881D10D0A715","6D629C1B2EE8A05BD9C1B8E20F2664410AFC9608E9489CCAC5BE881D10D0A715","True"
"projects/02-task-scheduling/course/07_FreeRTOS_operation2/Firmware/GD32F4xx_usb_library/driver/Source/drv_usbh_int.c","4D390034615DF35FB792026BD76844C922F387580E291039F1BC5F6B6C982486","4D390034615DF35FB792026BD76844C922F387580E291039F1BC5F6B6C982486","True"
"projects/02-task-scheduling/course/07_FreeRTOS_operation2/Firmware/GD32F4xx_usb_library/host/class/hid/Include/usbh_hid_core.h","0DEC84719141C68389EC4F957111FB6DC21A5BE55159A808A9D4D20759E447AA","0DEC84719141C68389EC4F957111FB6DC21A5BE55159A808A9D4D20759E447AA","True"
"projects/02-task-scheduling/course/07_FreeRTOS_operation2/Firmware/GD32F4xx_usb_library/host/class/hid/Include/usbh_standard_hid.h","9DFF3D162D5690F986145FC6A50E8BE49EE6EA57B0DF5DE92708173ECE1231A8","9DFF3D162D5690F986145FC6A50E8BE49EE6EA57B0DF5DE92708173ECE1231A8","True"
"projects/02-task-scheduling/course/07_FreeRTOS_operation2/Firmware/GD32F4xx_usb_library/host/class/hid/Source/usbh_hid_core.c","2CDAFDF63EBB98A454A09ACC070B9C2E925C7EEC29AF318F1A8CE5F913C5D200","2CDAFDF63EBB98A454A09ACC070B9C2E925C7EEC29AF318F1A8CE5F913C5D200","True"
"projects/02-task-scheduling/course/07_FreeRTOS_operation2/Firmware/GD32F4xx_usb_library/host/class/hid/Source/usbh_standard_hid.c","324F535D3213364159EF30D0AB69CB69472D94EE6A25F07D1C624D1B4BB315C3","324F535D3213364159EF30D0AB69CB69472D94EE6A25F07D1C624D1B4BB315C3","True"
"projects/02-task-scheduling/course/07_FreeRTOS_operation2/Firmware/GD32F4xx_usb_library/host/class/msc/Include/usbh_msc_bbb.h","FE164E019DB850549FA0EDB8A4B2F0C38FF1C7540A834B935C91268D0E275FF8","FE164E019DB850549FA0EDB8A4B2F0C38FF1C7540A834B935C91268D0E275FF8","True"
"projects/02-task-scheduling/course/07_FreeRTOS_operation2/Firmware/GD32F4xx_usb_library/host/class/msc/Include/usbh_msc_core.h","34B4B4AED85F332B815096EE4C39FBA67C77FEF1F9EB79FC470603568CBE2DC9","34B4B4AED85F332B815096EE4C39FBA67C77FEF1F9EB79FC470603568CBE2DC9","True"
"projects/02-task-scheduling/course/07_FreeRTOS_operation2/Firmware/GD32F4xx_usb_library/host/class/msc/Include/usbh_msc_scsi.h","E6E8CA26D9A2ABFFE14A21AF356CB07C4058D9052DFD22B46205EC11884A867A","E6E8CA26D9A2ABFFE14A21AF356CB07C4058D9052DFD22B46205EC11884A867A","True"
"projects/02-task-scheduling/course/07_FreeRTOS_operation2/Firmware/GD32F4xx_usb_library/host/class/msc/Source/usbh_msc_bbb.c","2A82AD623D78CCC1802D851AB7FB124D6ABB5DBEA980AA8C6517E26FF906E049","2A82AD623D78CCC1802D851AB7FB124D6ABB5DBEA980AA8C6517E26FF906E049","True"
"projects/02-task-scheduling/course/07_FreeRTOS_operation2/Firmware/GD32F4xx_usb_library/host/class/msc/Source/usbh_msc_core.c","5DF338C15161E6C7A6424179245E0E373973B22E81DEA91111AD5613AE0C8690","5DF338C15161E6C7A6424179245E0E373973B22E81DEA91111AD5613AE0C8690","True"
"projects/02-task-scheduling/course/07_FreeRTOS_operation2/Firmware/GD32F4xx_usb_library/host/class/msc/Source/usbh_msc_fatfs.c","8FD0C5B44F9AC0E35427803F9761E40A5297CAA2ACC078CB9FDE3C25BA4036B1","8FD0C5B44F9AC0E35427803F9761E40A5297CAA2ACC078CB9FDE3C25BA4036B1","True"
"projects/02-task-scheduling/course/07_FreeRTOS_operation2/Firmware/GD32F4xx_usb_library/host/class/msc/Source/usbh_msc_scsi.c","45E6AD746800250C90834AC684D207DA486F3F0FDA8503284DEF2C537F952A85","45E6AD746800250C90834AC684D207DA486F3F0FDA8503284DEF2C537F952A85","True"
"projects/02-task-scheduling/course/07_FreeRTOS_operation2/Firmware/GD32F4xx_usb_library/host/core/Include/usbh_core.h","8919B0DA3BC89862AC89DA53BD34CC4F8AF2F7ECEBF23493D3BC0980570EC67D","8919B0DA3BC89862AC89DA53BD34CC4F8AF2F7ECEBF23493D3BC0980570EC67D","True"
"projects/02-task-scheduling/course/07_FreeRTOS_operation2/Firmware/GD32F4xx_usb_library/host/core/Include/usbh_enum.h","A08D6A471BE77A6BFDF916E166E4A95B49358F209E0708080E4A441D7D454897","A08D6A471BE77A6BFDF916E166E4A95B49358F209E0708080E4A441D7D454897","True"
"projects/02-task-scheduling/course/07_FreeRTOS_operation2/Firmware/GD32F4xx_usb_library/host/core/Include/usbh_pipe.h","D1AA31749DB419F147E34BF1608F3C79D8846FC9067B138CE90DCC6D68A724B2","D1AA31749DB419F147E34BF1608F3C79D8846FC9067B138CE90DCC6D68A724B2","True"
"projects/02-task-scheduling/course/07_FreeRTOS_operation2/Firmware/GD32F4xx_usb_library/host/core/Include/usbh_transc.h","B0A9300C836592E16782062A0D898645ADC64EFD21AD96F46B8EF6EBD876499C","B0A9300C836592E16782062A0D898645ADC64EFD21AD96F46B8EF6EBD876499C","True"
"projects/02-task-scheduling/course/07_FreeRTOS_operation2/Firmware/GD32F4xx_usb_library/host/core/Source/usbh_core.c","2E61C1493A0F04D944A9B1E01924A57908552C5C5920F357DF984F098988DF08","2E61C1493A0F04D944A9B1E01924A57908552C5C5920F357DF984F098988DF08","True"
"projects/02-task-scheduling/course/07_FreeRTOS_operation2/Firmware/GD32F4xx_usb_library/host/core/Source/usbh_enum.c","273217F6826C6D57A1D210D2A58974AE97A27E15951B98BE25BBCCDEA8133871","273217F6826C6D57A1D210D2A58974AE97A27E15951B98BE25BBCCDEA8133871","True"
"projects/02-task-scheduling/course/07_FreeRTOS_operation2/Firmware/GD32F4xx_usb_library/host/core/Source/usbh_pipe.c","E8A4253E2A4224333C4343EE0FFD5F280C9875EF57702F44C1973CBD42EDD2E0","E8A4253E2A4224333C4343EE0FFD5F280C9875EF57702F44C1973CBD42EDD2E0","True"
"projects/02-task-scheduling/course/07_FreeRTOS_operation2/Firmware/GD32F4xx_usb_library/host/core/Source/usbh_transc.c","CF1AE1FCF884275E82634538E997D8D24C31FBE959140909F5BB4E34BCA0BBEF","CF1AE1FCF884275E82634538E997D8D24C31FBE959140909F5BB4E34BCA0BBEF","True"
"projects/02-task-scheduling/course/07_FreeRTOS_operation2/Firmware/GD32F4xx_usb_library/ustd/class/cdc/usb_cdc.h","FCD43C4F51573D30F01573E2D2856E0BE969C8FFD02D415AADFB69A595DECF4E","FCD43C4F51573D30F01573E2D2856E0BE969C8FFD02D415AADFB69A595DECF4E","True"
"projects/02-task-scheduling/course/07_FreeRTOS_operation2/Firmware/GD32F4xx_usb_library/ustd/class/hid/usb_hid.h","F3C6A02D4FC46F9512465B6EB2951C8CDDB956AF73422AAB9D2A1BAFC69F2E7B","F3C6A02D4FC46F9512465B6EB2951C8CDDB956AF73422AAB9D2A1BAFC69F2E7B","True"
"projects/02-task-scheduling/course/07_FreeRTOS_operation2/Firmware/GD32F4xx_usb_library/ustd/class/msc/msc_bbb.h","B884B8F8F7CFAF22512EDE7AE709B5F3591E126D2919AECF4E2B4D7EFEA1F5D6","B884B8F8F7CFAF22512EDE7AE709B5F3591E126D2919AECF4E2B4D7EFEA1F5D6","True"
"projects/02-task-scheduling/course/07_FreeRTOS_operation2/Firmware/GD32F4xx_usb_library/ustd/class/msc/msc_scsi.h","8842CF305E996369687FA89568C9AEE3D46F745E1AEF6EB58B1A3F519F863631","8842CF305E996369687FA89568C9AEE3D46F745E1AEF6EB58B1A3F519F863631","True"
"projects/02-task-scheduling/course/07_FreeRTOS_operation2/Firmware/GD32F4xx_usb_library/ustd/class/msc/usb_msc.h","E3C2A096085131687F121DE426EF9154F23CCC26E877129243A648FB8C90B216","E3C2A096085131687F121DE426EF9154F23CCC26E877129243A648FB8C90B216","True"
"projects/02-task-scheduling/course/07_FreeRTOS_operation2/Firmware/GD32F4xx_usb_library/ustd/common/usb_ch9_std.h","B5249865F377709E456F76CA76CA5499ACE39BAD6A452832DBE535F1989C6D22","B5249865F377709E456F76CA76CA5499ACE39BAD6A452832DBE535F1989C6D22","True"
"projects/02-task-scheduling/course/07_FreeRTOS_operation2/FreeRTOS/CMakeLists.txt","277777817A51C3B8548C84A61CF5341C43DA40769C833A05AD46FDBD6F7CEED7","277777817A51C3B8548C84A61CF5341C43DA40769C833A05AD46FDBD6F7CEED7","True"
"projects/02-task-scheduling/course/07_FreeRTOS_operation2/FreeRTOS/croutine.c","EBF0CDCE261DC4A256C06C0D4AD2582E6026A6DA0E973D4CB92092E94CE8F370","EBF0CDCE261DC4A256C06C0D4AD2582E6026A6DA0E973D4CB92092E94CE8F370","True"
"projects/02-task-scheduling/course/07_FreeRTOS_operation2/FreeRTOS/event_groups.c","76E967B14D231E4F31F014F1564F359A7BFD36BFA263EE6F437AFA8C056DF657","76E967B14D231E4F31F014F1564F359A7BFD36BFA263EE6F437AFA8C056DF657","True"
"projects/02-task-scheduling/course/07_FreeRTOS_operation2/FreeRTOS/FreeRTOSConfig.h","39B67078D0BB8FD3849F2BB44091A07464B4877075443CB4F6D28AA464C8C05C","39B67078D0BB8FD3849F2BB44091A07464B4877075443CB4F6D28AA464C8C05C","True"
"projects/02-task-scheduling/course/07_FreeRTOS_operation2/FreeRTOS/include/atomic.h","E6EB26727C6CD0A87E4DEC91CC55B2B1313CC3829E06662A0C73E62CAFD1E751","E6EB26727C6CD0A87E4DEC91CC55B2B1313CC3829E06662A0C73E62CAFD1E751","True"
"projects/02-task-scheduling/course/07_FreeRTOS_operation2/FreeRTOS/include/croutine.h","CF52C15FA26A8D4F82B55909B75EBFE2AAB25468BA7780748912DDEAD9812B4E","CF52C15FA26A8D4F82B55909B75EBFE2AAB25468BA7780748912DDEAD9812B4E","True"
"projects/02-task-scheduling/course/07_FreeRTOS_operation2/FreeRTOS/include/deprecated_definitions.h","35000A143464BBBD8DF7C9A6F066A64598A24DA5174A7BE33972E62BFBD75F4D","35000A143464BBBD8DF7C9A6F066A64598A24DA5174A7BE33972E62BFBD75F4D","True"
"projects/02-task-scheduling/course/07_FreeRTOS_operation2/FreeRTOS/include/event_groups.h","7A38D7A3CE24BD2FF6C6003C94EEA7AA7972179B1F17C1A91374334C6069F027","7A38D7A3CE24BD2FF6C6003C94EEA7AA7972179B1F17C1A91374334C6069F027","True"
"projects/02-task-scheduling/course/07_FreeRTOS_operation2/FreeRTOS/include/FreeRTOS.h","03E9C94ABA57E3CF7F4F73BC2D3EB4A96AE38F3425EEDB5450622CA286475A0B","03E9C94ABA57E3CF7F4F73BC2D3EB4A96AE38F3425EEDB5450622CA286475A0B","True"
"projects/02-task-scheduling/course/07_FreeRTOS_operation2/FreeRTOS/include/list.h","DC572F54391C0407FC25DB360D912FCA9118CDDAE7BD2E3099EB13F18804E5A9","DC572F54391C0407FC25DB360D912FCA9118CDDAE7BD2E3099EB13F18804E5A9","True"
"projects/02-task-scheduling/course/07_FreeRTOS_operation2/FreeRTOS/include/message_buffer.h","9A8141D3D6C8044A57D7E448180C9BD2ED32E45DED32BE288D095A39DCED91AB","9A8141D3D6C8044A57D7E448180C9BD2ED32E45DED32BE288D095A39DCED91AB","True"
"projects/02-task-scheduling/course/07_FreeRTOS_operation2/FreeRTOS/include/mpu_prototypes.h","2B46A2511CE5D23A56BC83079333D8D0A2E33763E5829C9383252806887A3DC0","2B46A2511CE5D23A56BC83079333D8D0A2E33763E5829C9383252806887A3DC0","True"
"projects/02-task-scheduling/course/07_FreeRTOS_operation2/FreeRTOS/include/mpu_wrappers.h","5014408CC33F0F616215F2B48C67B0D47CCC35BFD5F0044AC653B5BBC6CF5778","5014408CC33F0F616215F2B48C67B0D47CCC35BFD5F0044AC653B5BBC6CF5778","True"
"projects/02-task-scheduling/course/07_FreeRTOS_operation2/FreeRTOS/include/portable.h","7ADE8F368002778C723B3C4E14084910B7225CD36363ED0C948E9EA36C6F251F","7ADE8F368002778C723B3C4E14084910B7225CD36363ED0C948E9EA36C6F251F","True"
"projects/02-task-scheduling/course/07_FreeRTOS_operation2/FreeRTOS/include/projdefs.h","F1FA9FAA0D14851DFF86AACA00559F4B474E5F6D68772D0072842E25351D98B3","F1FA9FAA0D14851DFF86AACA00559F4B474E5F6D68772D0072842E25351D98B3","True"
"projects/02-task-scheduling/course/07_FreeRTOS_operation2/FreeRTOS/include/queue.h","A3763E24A5A3A38413996FC8392EFD6ADD1D1EE3EF507FBA22DAF75682241FEB","A3763E24A5A3A38413996FC8392EFD6ADD1D1EE3EF507FBA22DAF75682241FEB","True"
"projects/02-task-scheduling/course/07_FreeRTOS_operation2/FreeRTOS/include/semphr.h","C624E8CDFC07844D4CF35382F3CC908C872375C7A3048482BDC110BDA88CC4F2","C624E8CDFC07844D4CF35382F3CC908C872375C7A3048482BDC110BDA88CC4F2","True"
"projects/02-task-scheduling/course/07_FreeRTOS_operation2/FreeRTOS/include/stack_macros.h","3CDDF2B3D47AE387E376AC75EB468F9D8FFB575D68C143E08D54AF4087474CCE","3CDDF2B3D47AE387E376AC75EB468F9D8FFB575D68C143E08D54AF4087474CCE","True"
"projects/02-task-scheduling/course/07_FreeRTOS_operation2/FreeRTOS/include/StackMacros.h","6460E81C910496D51BC39011E35D17F5B5437B5DEB03F9E91222F796D8C8BF79","6460E81C910496D51BC39011E35D17F5B5437B5DEB03F9E91222F796D8C8BF79","True"
"projects/02-task-scheduling/course/07_FreeRTOS_operation2/FreeRTOS/include/stream_buffer.h","B876D839460197D94D0F95FB93C6AEB457F6FC572D32258480FED7D4DE686B6B","B876D839460197D94D0F95FB93C6AEB457F6FC572D32258480FED7D4DE686B6B","True"
"projects/02-task-scheduling/course/07_FreeRTOS_operation2/FreeRTOS/include/task.h","CB1B0BBCDC66E39BA3B5A09B3E2829A5D376B8990735980613514903A3C5F493","CB1B0BBCDC66E39BA3B5A09B3E2829A5D376B8990735980613514903A3C5F493","True"
"projects/02-task-scheduling/course/07_FreeRTOS_operation2/FreeRTOS/include/timers.h","08D73A99380A1BA61376258C52F4FDDF5DF5B6DCBE0F86B0EA03F11A5CA58459","08D73A99380A1BA61376258C52F4FDDF5DF5B6DCBE0F86B0EA03F11A5CA58459","True"
"projects/02-task-scheduling/course/07_FreeRTOS_operation2/FreeRTOS/list.c","DB5C169CF3EFD68DA1C6A923AC84EEBC724D602C940BDE0B9B5F01F05028FDE4","DB5C169CF3EFD68DA1C6A923AC84EEBC724D602C940BDE0B9B5F01F05028FDE4","True"
"projects/02-task-scheduling/course/07_FreeRTOS_operation2/FreeRTOS/manifest.yml","F71AEBB742E00AD33F877B3B679B4C24CDB709D7980C3E7836438758DBAA0139","F71AEBB742E00AD33F877B3B679B4C24CDB709D7980C3E7836438758DBAA0139","True"
"projects/02-task-scheduling/course/07_FreeRTOS_operation2/FreeRTOS/portable/GCC/ARM_CM4F/port.c","11F2202099ED9A73F5AE5EF9DAC414F6D9B257D6480BD9C9A1E38A71B3EE8D41","11F2202099ED9A73F5AE5EF9DAC414F6D9B257D6480BD9C9A1E38A71B3EE8D41","True"
"projects/02-task-scheduling/course/07_FreeRTOS_operation2/FreeRTOS/portable/GCC/ARM_CM4F/portmacro.h","D569E2A29AF1C742B69CB16E15D256611FA7979BDA2B355E03426D3C40369E42","D569E2A29AF1C742B69CB16E15D256611FA7979BDA2B355E03426D3C40369E42","True"
"projects/02-task-scheduling/course/07_FreeRTOS_operation2/FreeRTOS/portable/MemMang/heap_1.c","286E3FEE81C9107FC6DEC40405F500CABDCA56836D29747C182F0899BB8997FD","286E3FEE81C9107FC6DEC40405F500CABDCA56836D29747C182F0899BB8997FD","True"
"projects/02-task-scheduling/course/07_FreeRTOS_operation2/FreeRTOS/portable/MemMang/heap_2.c","A7B035B9ED786593143C8317ACFB49DE21B6450F246036A72331593577E5408B","A7B035B9ED786593143C8317ACFB49DE21B6450F246036A72331593577E5408B","True"
"projects/02-task-scheduling/course/07_FreeRTOS_operation2/FreeRTOS/portable/MemMang/heap_3.c","E2D5DBB3F3CCBADD8E7AE778F30C18D28B0532EBFE81B03AA6A20E3F75242853","E2D5DBB3F3CCBADD8E7AE778F30C18D28B0532EBFE81B03AA6A20E3F75242853","True"
"projects/02-task-scheduling/course/07_FreeRTOS_operation2/FreeRTOS/portable/MemMang/heap_4.c","D48A51E34CAED771E6650D95F6C2527E52FDE2A6EBC6F83B49D003AEF0135E05","D48A51E34CAED771E6650D95F6C2527E52FDE2A6EBC6F83B49D003AEF0135E05","True"
"projects/02-task-scheduling/course/07_FreeRTOS_operation2/FreeRTOS/portable/MemMang/heap_5.c","71B7988059E801A962DC76B956666AAB5564788D5AE437F590080DCB3FDF1881","71B7988059E801A962DC76B956666AAB5564788D5AE437F590080DCB3FDF1881","True"
"projects/02-task-scheduling/course/07_FreeRTOS_operation2/FreeRTOS/portable/RVDS/ARM_CA9/port.c","484F1EF17F58F3DF0B06026E1BFC8E44471DF51B33CB36D196A2D61369085A9B","484F1EF17F58F3DF0B06026E1BFC8E44471DF51B33CB36D196A2D61369085A9B","True"
"projects/02-task-scheduling/course/07_FreeRTOS_operation2/FreeRTOS/portable/RVDS/ARM_CA9/portASM.s","CECD728B929B81E8484C603CA00A0F95754C8EC3FF5F6D51728A3563C2E1187C","CECD728B929B81E8484C603CA00A0F95754C8EC3FF5F6D51728A3563C2E1187C","True"
"projects/02-task-scheduling/course/07_FreeRTOS_operation2/FreeRTOS/portable/RVDS/ARM_CA9/portmacro.h","AF5E80736D03E02590745B6781BB03809D68721BFAB0213C02B3697A4C4F8814","AF5E80736D03E02590745B6781BB03809D68721BFAB0213C02B3697A4C4F8814","True"
"projects/02-task-scheduling/course/07_FreeRTOS_operation2/FreeRTOS/portable/RVDS/ARM_CM0/port.c","76BE44D607E9E2CB32743386F1A97FF98E7463744DAF687773A0967B00B7F20F","76BE44D607E9E2CB32743386F1A97FF98E7463744DAF687773A0967B00B7F20F","True"
"projects/02-task-scheduling/course/07_FreeRTOS_operation2/FreeRTOS/portable/RVDS/ARM_CM0/portmacro.h","8E89F1A754EFF06CDCC206A4BDC13F41211D31A432981759FA25B184941078DE","8E89F1A754EFF06CDCC206A4BDC13F41211D31A432981759FA25B184941078DE","True"
"projects/02-task-scheduling/course/07_FreeRTOS_operation2/FreeRTOS/portable/RVDS/ARM_CM3/port.c","0F5A2323E1BDC135D37FA40DAFAC766095C46FE623F9A20CBF2F0D92405B4067","0F5A2323E1BDC135D37FA40DAFAC766095C46FE623F9A20CBF2F0D92405B4067","True"
"projects/02-task-scheduling/course/07_FreeRTOS_operation2/FreeRTOS/portable/RVDS/ARM_CM3/portmacro.h","7B6EEFBBA5194658CF11B14F97DD540B1CEEDCB40178F0C97244A063AC53F4E2","7B6EEFBBA5194658CF11B14F97DD540B1CEEDCB40178F0C97244A063AC53F4E2","True"
"projects/02-task-scheduling/course/07_FreeRTOS_operation2/FreeRTOS/portable/RVDS/ARM_CM4_MPU/port.c","1EBEB0A72801D79FAB99F4D1C43B5D2F34DC75C34E9D39A25F057B304E40685C","1EBEB0A72801D79FAB99F4D1C43B5D2F34DC75C34E9D39A25F057B304E40685C","True"
"projects/02-task-scheduling/course/07_FreeRTOS_operation2/FreeRTOS/portable/RVDS/ARM_CM4_MPU/portmacro.h","4149E8C08E5AE89F05E1E1E8C5B3BD87143321FDF4510F5693885624B8148DDE","4149E8C08E5AE89F05E1E1E8C5B3BD87143321FDF4510F5693885624B8148DDE","True"
"projects/02-task-scheduling/course/07_FreeRTOS_operation2/FreeRTOS/portable/RVDS/ARM_CM4F/port.c","6493BDBCD8AC57B5739EDB5CECC8E55EF9C82A8F978FC2F05BE19B2FAF46CEDF","6493BDBCD8AC57B5739EDB5CECC8E55EF9C82A8F978FC2F05BE19B2FAF46CEDF","True"
"projects/02-task-scheduling/course/07_FreeRTOS_operation2/FreeRTOS/portable/RVDS/ARM_CM4F/portmacro.h","9AA2265C543E086FD40A1B22C3BAFE0E4C2950E1E1F6DE05C803E13D621F9438","9AA2265C543E086FD40A1B22C3BAFE0E4C2950E1E1F6DE05C803E13D621F9438","True"
"projects/02-task-scheduling/course/07_FreeRTOS_operation2/FreeRTOS/portable/RVDS/ARM_CM7/r0p1/port.c","0B428C045198D97CBF2C7B4BECB063FB067EE8F765F263A37EF3286839B4FE12","0B428C045198D97CBF2C7B4BECB063FB067EE8F765F263A37EF3286839B4FE12","True"
"projects/02-task-scheduling/course/07_FreeRTOS_operation2/FreeRTOS/portable/RVDS/ARM_CM7/r0p1/portmacro.h","641CCD46A7EBA0E476DEFE30B350847FEE8044DFBF503B6E1ECB9CE3CDACF9F9","641CCD46A7EBA0E476DEFE30B350847FEE8044DFBF503B6E1ECB9CE3CDACF9F9","True"
"projects/02-task-scheduling/course/07_FreeRTOS_operation2/FreeRTOS/portable/RVDS/ARM_CM7/ReadMe.txt","710C88C6D9BFCC4645C414F151EE23F4C28FB8B4932308B5EB7109EF07B1D1C6","710C88C6D9BFCC4645C414F151EE23F4C28FB8B4932308B5EB7109EF07B1D1C6","True"
"projects/02-task-scheduling/course/07_FreeRTOS_operation2/FreeRTOS/portable/RVDS/ARM7_LPC21xx/port.c","4F79AF04C94548F73D9DEEA4A81CC841FF172B8D1E27C5E544FB243BD3F147B3","4F79AF04C94548F73D9DEEA4A81CC841FF172B8D1E27C5E544FB243BD3F147B3","True"
"projects/02-task-scheduling/course/07_FreeRTOS_operation2/FreeRTOS/portable/RVDS/ARM7_LPC21xx/portASM.s","EEC6FD2E493EE97E8592C715AEC32C12EF8E5CEC861DEFCCCC6E30AE584FAFD6","EEC6FD2E493EE97E8592C715AEC32C12EF8E5CEC861DEFCCCC6E30AE584FAFD6","True"
"projects/02-task-scheduling/course/07_FreeRTOS_operation2/FreeRTOS/portable/RVDS/ARM7_LPC21xx/portmacro.h","7B796FC47E27A4AC381510536369605571DB0ECDD36BA9DBDB7AB4C02FC81C92","7B796FC47E27A4AC381510536369605571DB0ECDD36BA9DBDB7AB4C02FC81C92","True"
"projects/02-task-scheduling/course/07_FreeRTOS_operation2/FreeRTOS/queue.c","5CDF4FA35FE059446EFFFF5BF20DEAF83DDFFB08921BC198FDA106B1D17DD894","5CDF4FA35FE059446EFFFF5BF20DEAF83DDFFB08921BC198FDA106B1D17DD894","True"
"projects/02-task-scheduling/course/07_FreeRTOS_operation2/FreeRTOS/stream_buffer.c","86D948694C723B814C9606A6C804EA7C1BD30B3DA518D1D6A83B81F972E3A152","86D948694C723B814C9606A6C804EA7C1BD30B3DA518D1D6A83B81F972E3A152","True"
"projects/02-task-scheduling/course/07_FreeRTOS_operation2/FreeRTOS/tasks.c","14020D617B96DD2814E1211F6E3B645BCF5E2BD3179C23FE7DD16BC666FE9463","14020D617B96DD2814E1211F6E3B645BCF5E2BD3179C23FE7DD16BC666FE9463","True"
"projects/02-task-scheduling/course/07_FreeRTOS_operation2/FreeRTOS/timers.c","24962EF361F396AAA5E6E33776EEEDDAF2FB251C87B6FE50602ACC56C537B093","24962EF361F396AAA5E6E33776EEEDDAF2FB251C87B6FE50602ACC56C537B093","True"
"projects/02-task-scheduling/course/07_FreeRTOS_operation2/Hardware/bsp_buzzer.c","DB132610BB9FD25BB3606FEE7C189AD01FB3F68FEF38D105A74C0609C66B5CEE","DB132610BB9FD25BB3606FEE7C189AD01FB3F68FEF38D105A74C0609C66B5CEE","True"
"projects/02-task-scheduling/course/07_FreeRTOS_operation2/Hardware/bsp_buzzer.h","A849E5A19D17A5DED0E7438846AFA0D5E3636544ABFC356B361024CA882EC6C5","A849E5A19D17A5DED0E7438846AFA0D5E3636544ABFC356B361024CA882EC6C5","True"
"projects/02-task-scheduling/course/07_FreeRTOS_operation2/Hardware/bsp_buzzer2.c","D4F400CA00C8ACE082181E1D587A2B1CE7CC29C870BCA80C8A920BF78710B2C1","D4F400CA00C8ACE082181E1D587A2B1CE7CC29C870BCA80C8A920BF78710B2C1","True"
"projects/02-task-scheduling/course/07_FreeRTOS_operation2/Hardware/bsp_buzzer2.h","A849E5A19D17A5DED0E7438846AFA0D5E3636544ABFC356B361024CA882EC6C5","A849E5A19D17A5DED0E7438846AFA0D5E3636544ABFC356B361024CA882EC6C5","True"
"projects/02-task-scheduling/course/07_FreeRTOS_operation2/Hardware/bsp_keys.c","F9CE7CA7732415114E7154146B0D490E39AAE7E2C05E7344F24461B46FA985EC","F9CE7CA7732415114E7154146B0D490E39AAE7E2C05E7344F24461B46FA985EC","True"
"projects/02-task-scheduling/course/07_FreeRTOS_operation2/Hardware/bsp_keys.h","F64D5E4FADDC660DB8D181B7C63C92E9D3E84B21940BE4B1B930D9F2088E95CC","F64D5E4FADDC660DB8D181B7C63C92E9D3E84B21940BE4B1B930D9F2088E95CC","True"
"projects/02-task-scheduling/course/07_FreeRTOS_operation2/Library/EXTI_config.h","3154DB3226FDCC137FCAECF0DB150B4A763E426BB0E2BE0D2DE1BE8835A78734","3154DB3226FDCC137FCAECF0DB150B4A763E426BB0E2BE0D2DE1BE8835A78734","True"
"projects/02-task-scheduling/course/07_FreeRTOS_operation2/Library/EXTI.c","FB93261F829F40640F1A433BC5AAB1BBFA435DE2091BD64B2D1AFF65CDA4F2A6","FB93261F829F40640F1A433BC5AAB1BBFA435DE2091BD64B2D1AFF65CDA4F2A6","True"
"projects/02-task-scheduling/course/07_FreeRTOS_operation2/Library/EXTI.h","4F9D3299CE5AC87CA0A74350C61AA1E7BB6D6CA2151C36A683A2334CAC926B84","4F9D3299CE5AC87CA0A74350C61AA1E7BB6D6CA2151C36A683A2334CAC926B84","True"
"projects/02-task-scheduling/course/07_FreeRTOS_operation2/Library/I2C0.c","1902450E399F26AB11BABACB640C9C56389B2188FF852E3E6A58D60E16AF528E","1902450E399F26AB11BABACB640C9C56389B2188FF852E3E6A58D60E16AF528E","True"
"projects/02-task-scheduling/course/07_FreeRTOS_operation2/Library/I2C0.h","E30F8BA27DF76E3682B8D0325EB2B9DAAF13A20CFF0E1FC59A4625625996AF42","E30F8BA27DF76E3682B8D0325EB2B9DAAF13A20CFF0E1FC59A4625625996AF42","True"
"projects/02-task-scheduling/course/07_FreeRTOS_operation2/Library/TIMER_config.h","BD74AB72F9068615F9AB44169B11F6EF25CD9BC3D4CD0E27A95BE4AE24608766","BD74AB72F9068615F9AB44169B11F6EF25CD9BC3D4CD0E27A95BE4AE24608766","True"
"projects/02-task-scheduling/course/07_FreeRTOS_operation2/Library/TIMER.c","68A9D9BBDB446C51E0C577B7E7969E8F3513AF7E4736C10BC6D579FBF5661435","68A9D9BBDB446C51E0C577B7E7969E8F3513AF7E4736C10BC6D579FBF5661435","True"
"projects/02-task-scheduling/course/07_FreeRTOS_operation2/Library/TIMER.h","51A72D9863C245195AD3CD40ADDB0D573930D5AB540B30D3D971AD2AF6B2E80E","51A72D9863C245195AD3CD40ADDB0D573930D5AB540B30D3D971AD2AF6B2E80E","True"
"projects/02-task-scheduling/course/07_FreeRTOS_operation2/Library/USART_config.h","73E72408B41955E419784B2A24B0FBD8AD81A334AA38EB9DB60A7DDAE97AD633","73E72408B41955E419784B2A24B0FBD8AD81A334AA38EB9DB60A7DDAE97AD633","True"
"projects/02-task-scheduling/course/07_FreeRTOS_operation2/Library/USART0.c","325E153A7388566303CC9DA901A87ED2A3D158D0238FA4A36A20EB17B1067606","325E153A7388566303CC9DA901A87ED2A3D158D0238FA4A36A20EB17B1067606","True"
"projects/02-task-scheduling/course/07_FreeRTOS_operation2/Library/USART0.h","6016FD90E22446BB90BE0996EA5EE6493AB9CDF6E7F71024ED583F05C4860399","6016FD90E22446BB90BE0996EA5EE6493AB9CDF6E7F71024ED583F05C4860399","True"
"projects/02-task-scheduling/course/07_FreeRTOS_operation2/Project/GD32F407.uvprojx","DEC28CD3A36FCF3C09318958F5E39DC51A67C28BA3726199C24BCF0079A20DC5","DEC28CD3A36FCF3C09318958F5E39DC51A67C28BA3726199C24BCF0079A20DC5","True"
"projects/02-task-scheduling/course/07_FreeRTOS_operation2/Project/Target 1_alog.txt","8575B2CB5DA97CB15FA43D9C097C52216E9BD16B6B4456FF6837B48C0E1F38D1","8575B2CB5DA97CB15FA43D9C097C52216E9BD16B6B4456FF6837B48C0E1F38D1","True"
"projects/02-task-scheduling/course/07_FreeRTOS_operation2/Project/Target 1_analysis.xlsx","FE379F0E2F8E8EB4BB25273CC3DE07FF6A57F330F652BD54E61E6B510BEFF7F2","FE379F0E2F8E8EB4BB25273CC3DE07FF6A57F330F652BD54E61E6B510BEFF7F2","True"
"projects/02-task-scheduling/course/07_FreeRTOS_operation2/Project/Target 1_sort_by_flash.csv","78CF577B239A5D5D6C82E97596FF1F4E5EA175477B63ADBED6295DB2F9E65CAC","78CF577B239A5D5D6C82E97596FF1F4E5EA175477B63ADBED6295DB2F9E65CAC","True"
"projects/02-task-scheduling/course/07_FreeRTOS_operation2/Project/Target 1_sort_by_ram.csv","2AD127D314BEB6CC6F3ABF3ED7EDAFA8DC5C05AB2085D6EBF5E2D038ACFAEDCA","2AD127D314BEB6CC6F3ABF3ED7EDAFA8DC5C05AB2085D6EBF5E2D038ACFAEDCA","True"
"projects/02-task-scheduling/course/07_FreeRTOS_operation2/README.md","E3B0C44298FC1C149AFBF4C8996FB92427AE41E4649B934CA495991B7852B855","E3B0C44298FC1C149AFBF4C8996FB92427AE41E4649B934CA495991B7852B855","True"
"projects/02-task-scheduling/course/07_FreeRTOS_operation2/User/gd32f4xx_it.c","4AF8D0E30992B84018E763B4465FAF58DB22B108F3E64F997CE229AE1243FBFC","4AF8D0E30992B84018E763B4465FAF58DB22B108F3E64F997CE229AE1243FBFC","True"
"projects/02-task-scheduling/course/07_FreeRTOS_operation2/User/gd32f4xx_it.h","B4995762AE5CEB7125CC9720CEA7E2BAD8640C23B87ED1856D9B8A380A5FC8C3","B4995762AE5CEB7125CC9720CEA7E2BAD8640C23B87ED1856D9B8A380A5FC8C3","True"
"projects/02-task-scheduling/course/07_FreeRTOS_operation2/User/gd32f4xx_libopt.h","702C6D85987BCDDDD363A8412C5806255F6C746065DA984EB21896C5DDD6BF09","702C6D85987BCDDDD363A8412C5806255F6C746065DA984EB21896C5DDD6BF09","True"
"projects/02-task-scheduling/course/07_FreeRTOS_operation2/User/main.c","3A8FFFCFB7823A7127F6D5C788225AEA171A6917B7CD3CFDD1CAEEA5E3D2116A","3A8FFFCFB7823A7127F6D5C788225AEA171A6917B7CD3CFDD1CAEEA5E3D2116A","True"
"projects/02-task-scheduling/course/07_FreeRTOS_operation2/User/main.h","32C273B119ABF22DA51E2782C09853A1545B1DF1364A13EFFA2B465379E1A53C","32C273B119ABF22DA51E2782C09853A1545B1DF1364A13EFFA2B465379E1A53C","True"
"projects/02-task-scheduling/course/07_FreeRTOS_operation2/User/readme.txt","A45BD1E14D470B46BE2D57C9D35147E41204556CC4BB4E25EA3C7B6B424A0B7C","A45BD1E14D470B46BE2D57C9D35147E41204556CC4BB4E25EA3C7B6B424A0B7C","True"
"projects/02-task-scheduling/course/07_FreeRTOS_operation2/User/systick.c","8D524363D38E222D3E8A2281F06972493AE62F379A138637B65419C59E06CBD2","8D524363D38E222D3E8A2281F06972493AE62F379A138637B65419C59E06CBD2","True"
"projects/02-task-scheduling/course/07_FreeRTOS_operation2/User/systick.h","E74F1981340E6162CCE52F39F73009B1570EFB7F024410652F494E77997DA025","E74F1981340E6162CCE52F39F73009B1570EFB7F024410652F494E77997DA025","True"
"projects/03-interrupt-priority/course/01_FreeRTOS_interrupt/Doc/readme.txt","E3B0C44298FC1C149AFBF4C8996FB92427AE41E4649B934CA495991B7852B855","E3B0C44298FC1C149AFBF4C8996FB92427AE41E4649B934CA495991B7852B855","True"
"projects/03-interrupt-priority/course/01_FreeRTOS_interrupt/Firmware/CMSIS/core_cm4_simd.h","0C2A0C2D66C7791B82CA19D10336C96518830EF359F6BFD9DA7477BC2CBCCBBB","0C2A0C2D66C7791B82CA19D10336C96518830EF359F6BFD9DA7477BC2CBCCBBB","True"
"projects/03-interrupt-priority/course/01_FreeRTOS_interrupt/Firmware/CMSIS/core_cm4.h","4756546E1449D17B1A7DEE2F3307F2C92C9F1D669C3F5DFC3EE1DEC8AEE9A8F7","4756546E1449D17B1A7DEE2F3307F2C92C9F1D669C3F5DFC3EE1DEC8AEE9A8F7","True"
"projects/03-interrupt-priority/course/01_FreeRTOS_interrupt/Firmware/CMSIS/core_cmFunc.h","5075FF67C8E264B83D9B391C07C6512E26ABBC189E321DE0D8B4375476980E5E","5075FF67C8E264B83D9B391C07C6512E26ABBC189E321DE0D8B4375476980E5E","True"
"projects/03-interrupt-priority/course/01_FreeRTOS_interrupt/Firmware/CMSIS/core_cmInstr.h","C35DDCA16CA04646DC70ACF2D592AD9EAEAAECD8125A32ABB710069648266EB5","C35DDCA16CA04646DC70ACF2D592AD9EAEAAECD8125A32ABB710069648266EB5","True"
"projects/03-interrupt-priority/course/01_FreeRTOS_interrupt/Firmware/CMSIS/GD/GD32F4xx/Include/gd32f4xx.h","96F1F6884C9885D32DF760A385CA0B5E8E9B20C066F71B946771A00503623A62","96F1F6884C9885D32DF760A385CA0B5E8E9B20C066F71B946771A00503623A62","True"
"projects/03-interrupt-priority/course/01_FreeRTOS_interrupt/Firmware/CMSIS/GD/GD32F4xx/Include/system_gd32f4xx.h","98EF2DD6DD7F6D2542C4D5CA83E9869BE3630B43300CB9AB453703E4277913BD","98EF2DD6DD7F6D2542C4D5CA83E9869BE3630B43300CB9AB453703E4277913BD","True"
"projects/03-interrupt-priority/course/01_FreeRTOS_interrupt/Firmware/CMSIS/GD/GD32F4xx/Source/ARM/startup_gd32f405_425.s","AEF6290F6950C0B7FB922FD12B91B3FC34ADA707A6846AA5D7A1277FDD50FBD9","AEF6290F6950C0B7FB922FD12B91B3FC34ADA707A6846AA5D7A1277FDD50FBD9","True"
"projects/03-interrupt-priority/course/01_FreeRTOS_interrupt/Firmware/CMSIS/GD/GD32F4xx/Source/ARM/startup_gd32f407_427.s","65127CC1FFC7BB0C6E3AB3E1EF32C8F935D09EF4A83AC4914E089D40C39B8B5B","65127CC1FFC7BB0C6E3AB3E1EF32C8F935D09EF4A83AC4914E089D40C39B8B5B","True"
"projects/03-interrupt-priority/course/01_FreeRTOS_interrupt/Firmware/CMSIS/GD/GD32F4xx/Source/ARM/startup_gd32f450_470.s","A4E9852BA47AAD025DE9645D067FAB33DDA87B8E82DEA6D77B3364F902345299","A4E9852BA47AAD025DE9645D067FAB33DDA87B8E82DEA6D77B3364F902345299","True"
"projects/03-interrupt-priority/course/01_FreeRTOS_interrupt/Firmware/CMSIS/GD/GD32F4xx/Source/IAR/startup_gd32f405_425.s","70E76C6AD0182A5682773261E308008BC1102C09839605A0E058851173026836","70E76C6AD0182A5682773261E308008BC1102C09839605A0E058851173026836","True"
"projects/03-interrupt-priority/course/01_FreeRTOS_interrupt/Firmware/CMSIS/GD/GD32F4xx/Source/IAR/startup_gd32f407_427.s","550D6CA54DE7F8FCB2791AAF9141666BA15978C55017FA6798BF0CA80A2864C6","550D6CA54DE7F8FCB2791AAF9141666BA15978C55017FA6798BF0CA80A2864C6","True"
"projects/03-interrupt-priority/course/01_FreeRTOS_interrupt/Firmware/CMSIS/GD/GD32F4xx/Source/IAR/startup_gd32f450_470.s","EE6654F1D551C6937D014FE943342B0395A32076E5AC8DD688C600EACB9BD343","EE6654F1D551C6937D014FE943342B0395A32076E5AC8DD688C600EACB9BD343","True"
"projects/03-interrupt-priority/course/01_FreeRTOS_interrupt/Firmware/CMSIS/GD/GD32F4xx/Source/system_gd32f4xx.c","8F66A123756716CF74297A7B54EEC616F230CBBC37DFB60F21BF05D1BC070836","8F66A123756716CF74297A7B54EEC616F230CBBC37DFB60F21BF05D1BC070836","True"
"projects/03-interrupt-priority/course/01_FreeRTOS_interrupt/Firmware/GD32F4xx_standard_peripheral/Include/gd32f4xx_adc.h","D6B41E007F1EE95E5FA1B495F94924F7E6166439FBF3E9234A26B5FA6C32F1DE","D6B41E007F1EE95E5FA1B495F94924F7E6166439FBF3E9234A26B5FA6C32F1DE","True"
"projects/03-interrupt-priority/course/01_FreeRTOS_interrupt/Firmware/GD32F4xx_standard_peripheral/Include/gd32f4xx_can.h","62A96066D7B8A1CEF45AB4092FCE5058B962050EB1C9E4B3585F0E19B9F30578","62A96066D7B8A1CEF45AB4092FCE5058B962050EB1C9E4B3585F0E19B9F30578","True"
"projects/03-interrupt-priority/course/01_FreeRTOS_interrupt/Firmware/GD32F4xx_standard_peripheral/Include/gd32f4xx_crc.h","4870F145AEEC968F3A7A0A5068105591E1ADEB9A37A5E47FDCC9D27D7D3AFBD6","4870F145AEEC968F3A7A0A5068105591E1ADEB9A37A5E47FDCC9D27D7D3AFBD6","True"
"projects/03-interrupt-priority/course/01_FreeRTOS_interrupt/Firmware/GD32F4xx_standard_peripheral/Include/gd32f4xx_ctc.h","900AB7D5F9C585834166A58966C8D523FF91D410066D00BBED3E6522C25782D7","900AB7D5F9C585834166A58966C8D523FF91D410066D00BBED3E6522C25782D7","True"
"projects/03-interrupt-priority/course/01_FreeRTOS_interrupt/Firmware/GD32F4xx_standard_peripheral/Include/gd32f4xx_dac.h","86057CC0C52A32F955A12F47ABA1E4997AC2DABA13B10A686D8777579F638AFB","86057CC0C52A32F955A12F47ABA1E4997AC2DABA13B10A686D8777579F638AFB","True"
"projects/03-interrupt-priority/course/01_FreeRTOS_interrupt/Firmware/GD32F4xx_standard_peripheral/Include/gd32f4xx_dbg.h","21A089B5880F1D101116BD37EAAC7A085A103901A40900E75941130D901B150E","21A089B5880F1D101116BD37EAAC7A085A103901A40900E75941130D901B150E","True"
"projects/03-interrupt-priority/course/01_FreeRTOS_interrupt/Firmware/GD32F4xx_standard_peripheral/Include/gd32f4xx_dci.h","787F449F0B2EBA5BBCC92B0D50899FA668CEA6ED9CCAB3960EBA0B2253CC7748","787F449F0B2EBA5BBCC92B0D50899FA668CEA6ED9CCAB3960EBA0B2253CC7748","True"
"projects/03-interrupt-priority/course/01_FreeRTOS_interrupt/Firmware/GD32F4xx_standard_peripheral/Include/gd32f4xx_dma.h","F358957EBF98C4C449480A088E349CDAC2716394C24FA4111DE08B06FCDC5094","F358957EBF98C4C449480A088E349CDAC2716394C24FA4111DE08B06FCDC5094","True"
"projects/03-interrupt-priority/course/01_FreeRTOS_interrupt/Firmware/GD32F4xx_standard_peripheral/Include/gd32f4xx_enet.h","2BDBC2BE9B0E3BA398DEEAB38021442A2CFEEDFF21FC353CF3B16C717A2CDF9B","2BDBC2BE9B0E3BA398DEEAB38021442A2CFEEDFF21FC353CF3B16C717A2CDF9B","True"
"projects/03-interrupt-priority/course/01_FreeRTOS_interrupt/Firmware/GD32F4xx_standard_peripheral/Include/gd32f4xx_exmc.h","68482B678DD868085A6BE6317EEC18873D43F895936E503487E843E561A0D55E","68482B678DD868085A6BE6317EEC18873D43F895936E503487E843E561A0D55E","True"
"projects/03-interrupt-priority/course/01_FreeRTOS_interrupt/Firmware/GD32F4xx_standard_peripheral/Include/gd32f4xx_exti.h","705948F029F63A5995D9849A60E417D6210ECE34C8E942C76A2D4E7A2B927426","705948F029F63A5995D9849A60E417D6210ECE34C8E942C76A2D4E7A2B927426","True"
"projects/03-interrupt-priority/course/01_FreeRTOS_interrupt/Firmware/GD32F4xx_standard_peripheral/Include/gd32f4xx_fmc.h","5A5D9F0B1CE1E7486206130F80048F81A6D3E9E6337BF0A4C69D4A1D5EDC9F7E","5A5D9F0B1CE1E7486206130F80048F81A6D3E9E6337BF0A4C69D4A1D5EDC9F7E","True"
"projects/03-interrupt-priority/course/01_FreeRTOS_interrupt/Firmware/GD32F4xx_standard_peripheral/Include/gd32f4xx_fwdgt.h","04CB4EE0D6526910CF9CA8BEFC437FC6DF3FDFE09FB0BC418AB7EA5C19611A50","04CB4EE0D6526910CF9CA8BEFC437FC6DF3FDFE09FB0BC418AB7EA5C19611A50","True"
"projects/03-interrupt-priority/course/01_FreeRTOS_interrupt/Firmware/GD32F4xx_standard_peripheral/Include/gd32f4xx_gpio.h","A20501A28644BF45B8E3C4AB2A7237466805C1480B06E7D6C8585296D7F08787","A20501A28644BF45B8E3C4AB2A7237466805C1480B06E7D6C8585296D7F08787","True"
"projects/03-interrupt-priority/course/01_FreeRTOS_interrupt/Firmware/GD32F4xx_standard_peripheral/Include/gd32f4xx_i2c.h","6CF4053E2452263CDFCB98DA0832CE1F2F1B0380C1BEA5D4284C1DF0D5CBBB05","6CF4053E2452263CDFCB98DA0832CE1F2F1B0380C1BEA5D4284C1DF0D5CBBB05","True"
"projects/03-interrupt-priority/course/01_FreeRTOS_interrupt/Firmware/GD32F4xx_standard_peripheral/Include/gd32f4xx_ipa.h","1AD22068402E09BAE4117E637ED972FCD7452751CCBE01C7829AEA7DF45AE8AE","1AD22068402E09BAE4117E637ED972FCD7452751CCBE01C7829AEA7DF45AE8AE","True"
"projects/03-interrupt-priority/course/01_FreeRTOS_interrupt/Firmware/GD32F4xx_standard_peripheral/Include/gd32f4xx_iref.h","D9D1E67FD4473F44B2F7E22BB78C3DFA9B5109D083AF1B0FDC63EC657B241C4A","D9D1E67FD4473F44B2F7E22BB78C3DFA9B5109D083AF1B0FDC63EC657B241C4A","True"
"projects/03-interrupt-priority/course/01_FreeRTOS_interrupt/Firmware/GD32F4xx_standard_peripheral/Include/gd32f4xx_misc.h","0A918F830F0200C0E806DFB50594259783E69D8ADBC27708705567F7193D35FB","0A918F830F0200C0E806DFB50594259783E69D8ADBC27708705567F7193D35FB","True"
"projects/03-interrupt-priority/course/01_FreeRTOS_interrupt/Firmware/GD32F4xx_standard_peripheral/Include/gd32f4xx_pmu.h","B9A72B6E42083EFD170C0C5FBE579C5D6417F9BBF674DB36041BE96FCBD84636","B9A72B6E42083EFD170C0C5FBE579C5D6417F9BBF674DB36041BE96FCBD84636","True"
"projects/03-interrupt-priority/course/01_FreeRTOS_interrupt/Firmware/GD32F4xx_standard_peripheral/Include/gd32f4xx_rcu.h","AC2B2AE653EDC89E674EDA24E1CFE8B511B73984AE0CABED3DF60BA61F8EEF08","AC2B2AE653EDC89E674EDA24E1CFE8B511B73984AE0CABED3DF60BA61F8EEF08","True"
"projects/03-interrupt-priority/course/01_FreeRTOS_interrupt/Firmware/GD32F4xx_standard_peripheral/Include/gd32f4xx_rtc.h","1798B1B495683096D4491CF0F854957D2AD60612F65A801ED0E7A4BEE49FA549","1798B1B495683096D4491CF0F854957D2AD60612F65A801ED0E7A4BEE49FA549","True"
"projects/03-interrupt-priority/course/01_FreeRTOS_interrupt/Firmware/GD32F4xx_standard_peripheral/Include/gd32f4xx_sdio.h","8D6813EFC565E3085611D767EA4E670E0C76A256C6F17FC93F313BCB11D0385A","8D6813EFC565E3085611D767EA4E670E0C76A256C6F17FC93F313BCB11D0385A","True"
"projects/03-interrupt-priority/course/01_FreeRTOS_interrupt/Firmware/GD32F4xx_standard_peripheral/Include/gd32f4xx_spi.h","4C6360C8FE58D4A38E4870BCBA17630857551D3EC7B4BD3DDEB5085C31240B1C","4C6360C8FE58D4A38E4870BCBA17630857551D3EC7B4BD3DDEB5085C31240B1C","True"
"projects/03-interrupt-priority/course/01_FreeRTOS_interrupt/Firmware/GD32F4xx_standard_peripheral/Include/gd32f4xx_syscfg.h","5060FEF0A07A3FC1396A31F09F95FE1D134F8A1FB1581E3DD98BB6078108C447","5060FEF0A07A3FC1396A31F09F95FE1D134F8A1FB1581E3DD98BB6078108C447","True"
"projects/03-interrupt-priority/course/01_FreeRTOS_interrupt/Firmware/GD32F4xx_standard_peripheral/Include/gd32f4xx_timer.h","7A79F81F1D862A1B49F23BFE05B1AC751A71E761B6E63C2DFFABE6C7BC69AC49","7A79F81F1D862A1B49F23BFE05B1AC751A71E761B6E63C2DFFABE6C7BC69AC49","True"
"projects/03-interrupt-priority/course/01_FreeRTOS_interrupt/Firmware/GD32F4xx_standard_peripheral/Include/gd32f4xx_tli.h","1B94EA157AC8CE2FED962B0C4FF95B6702C6194300AA51B04C3AAFE493768D2A","1B94EA157AC8CE2FED962B0C4FF95B6702C6194300AA51B04C3AAFE493768D2A","True"
"projects/03-interrupt-priority/course/01_FreeRTOS_interrupt/Firmware/GD32F4xx_standard_peripheral/Include/gd32f4xx_trng.h","91E2BB5AFFEFA65F90927FAD795FAA0F4204516284ECA38E461506F0CD9CA924","91E2BB5AFFEFA65F90927FAD795FAA0F4204516284ECA38E461506F0CD9CA924","True"
"projects/03-interrupt-priority/course/01_FreeRTOS_interrupt/Firmware/GD32F4xx_standard_peripheral/Include/gd32f4xx_usart.h","6CF40E957A1216C99E3663D667DE1944C42272897011834BF20ADCD97E791074","6CF40E957A1216C99E3663D667DE1944C42272897011834BF20ADCD97E791074","True"
"projects/03-interrupt-priority/course/01_FreeRTOS_interrupt/Firmware/GD32F4xx_standard_peripheral/Include/gd32f4xx_wwdgt.h","01EECFC98B4507AEB8F0AFBE7D994EA0A617A79E5D4EB2D1D4A85979BA014EFE","01EECFC98B4507AEB8F0AFBE7D994EA0A617A79E5D4EB2D1D4A85979BA014EFE","True"
"projects/03-interrupt-priority/course/01_FreeRTOS_interrupt/Firmware/GD32F4xx_standard_peripheral/Source/gd32f4xx_adc.c","8A5C91EC7A397B53EFD086646674D273ECE00F36C9610AB50715FE1521BA4112","8A5C91EC7A397B53EFD086646674D273ECE00F36C9610AB50715FE1521BA4112","True"
"projects/03-interrupt-priority/course/01_FreeRTOS_interrupt/Firmware/GD32F4xx_standard_peripheral/Source/gd32f4xx_can.c","CE0E343B00856972EABACCC1F4D88C051796A8D1E30C4596312FC29A533DB8BA","CE0E343B00856972EABACCC1F4D88C051796A8D1E30C4596312FC29A533DB8BA","True"
"projects/03-interrupt-priority/course/01_FreeRTOS_interrupt/Firmware/GD32F4xx_standard_peripheral/Source/gd32f4xx_crc.c","C14034159E72E082AA70E2A8CBA60FFCF950B63D75AE467706632F32EC00F315","C14034159E72E082AA70E2A8CBA60FFCF950B63D75AE467706632F32EC00F315","True"
"projects/03-interrupt-priority/course/01_FreeRTOS_interrupt/Firmware/GD32F4xx_standard_peripheral/Source/gd32f4xx_ctc.c","07F4A6385C6FFB2E18ECF95DAAE6A431FB91262FA988835A249A64F4002280A1","07F4A6385C6FFB2E18ECF95DAAE6A431FB91262FA988835A249A64F4002280A1","True"
"projects/03-interrupt-priority/course/01_FreeRTOS_interrupt/Firmware/GD32F4xx_standard_peripheral/Source/gd32f4xx_dac.c","ACE5C99F1E2774D955CA4E4D5D6E81B2D831F718098487EA3E8C2C34C960E160","ACE5C99F1E2774D955CA4E4D5D6E81B2D831F718098487EA3E8C2C34C960E160","True"
"projects/03-interrupt-priority/course/01_FreeRTOS_interrupt/Firmware/GD32F4xx_standard_peripheral/Source/gd32f4xx_dbg.c","6EEC659FD6B5C549226BAE8E9C9C78785B064D557434189BB221287D550FE291","6EEC659FD6B5C549226BAE8E9C9C78785B064D557434189BB221287D550FE291","True"
"projects/03-interrupt-priority/course/01_FreeRTOS_interrupt/Firmware/GD32F4xx_standard_peripheral/Source/gd32f4xx_dci.c","B99613D9A21A02DD39117F30B9A488B859209AB3489DCFDE7361D147CDF76516","B99613D9A21A02DD39117F30B9A488B859209AB3489DCFDE7361D147CDF76516","True"
"projects/03-interrupt-priority/course/01_FreeRTOS_interrupt/Firmware/GD32F4xx_standard_peripheral/Source/gd32f4xx_dma.c","2D943A169ABABCC22CBC6C41665F5CE375C30B63005954E1D34BB3218CB63FAF","2D943A169ABABCC22CBC6C41665F5CE375C30B63005954E1D34BB3218CB63FAF","True"
"projects/03-interrupt-priority/course/01_FreeRTOS_interrupt/Firmware/GD32F4xx_standard_peripheral/Source/gd32f4xx_enet.c","3051E8737C463D23D07B9C9AD937BC7C488BB573738B2313982870DAA670E87E","3051E8737C463D23D07B9C9AD937BC7C488BB573738B2313982870DAA670E87E","True"
"projects/03-interrupt-priority/course/01_FreeRTOS_interrupt/Firmware/GD32F4xx_standard_peripheral/Source/gd32f4xx_exmc.c","E4A79B377C89D9EB8BD5BE101E273AD5EFBA0C2A24FB4621AB7BC124BEEEAEBF","E4A79B377C89D9EB8BD5BE101E273AD5EFBA0C2A24FB4621AB7BC124BEEEAEBF","True"
"projects/03-interrupt-priority/course/01_FreeRTOS_interrupt/Firmware/GD32F4xx_standard_peripheral/Source/gd32f4xx_exti.c","FCE4A7ECA93486D71A9E5758642F2282AE7F8805DBB559312837A0B17577FE58","FCE4A7ECA93486D71A9E5758642F2282AE7F8805DBB559312837A0B17577FE58","True"
"projects/03-interrupt-priority/course/01_FreeRTOS_interrupt/Firmware/GD32F4xx_standard_peripheral/Source/gd32f4xx_fmc.c","15408829D2405432FC8ED73D5D8C6BBB1E6C74540F1B817983BABD62E22CAB16","15408829D2405432FC8ED73D5D8C6BBB1E6C74540F1B817983BABD62E22CAB16","True"
"projects/03-interrupt-priority/course/01_FreeRTOS_interrupt/Firmware/GD32F4xx_standard_peripheral/Source/gd32f4xx_fwdgt.c","05B67D15069CED6F0472E4115ECD16064402E0D6220561499000025A8CD189B7","05B67D15069CED6F0472E4115ECD16064402E0D6220561499000025A8CD189B7","True"
"projects/03-interrupt-priority/course/01_FreeRTOS_interrupt/Firmware/GD32F4xx_standard_peripheral/Source/gd32f4xx_gpio.c","262BEFE864D5DA3BADA64D0B3DAB29E5C2747E46B154EDE8BCAB0B788DB614E0","262BEFE864D5DA3BADA64D0B3DAB29E5C2747E46B154EDE8BCAB0B788DB614E0","True"
"projects/03-interrupt-priority/course/01_FreeRTOS_interrupt/Firmware/GD32F4xx_standard_peripheral/Source/gd32f4xx_i2c.c","8EDFAF1A8F0BF2833923D0072FE1B9D0467382B3EC1D243E918D0DE9711CCCD2","8EDFAF1A8F0BF2833923D0072FE1B9D0467382B3EC1D243E918D0DE9711CCCD2","True"
"projects/03-interrupt-priority/course/01_FreeRTOS_interrupt/Firmware/GD32F4xx_standard_peripheral/Source/gd32f4xx_ipa.c","38A8350304763C1C83B4D2341F6782B090CA09ABE541AC360089B5CB454BCF57","38A8350304763C1C83B4D2341F6782B090CA09ABE541AC360089B5CB454BCF57","True"
"projects/03-interrupt-priority/course/01_FreeRTOS_interrupt/Firmware/GD32F4xx_standard_peripheral/Source/gd32f4xx_iref.c","24F2FCFCD20882FD3E65773A281A827BF5391A0A8054324EEF7C98BB3F2B9B80","24F2FCFCD20882FD3E65773A281A827BF5391A0A8054324EEF7C98BB3F2B9B80","True"
"projects/03-interrupt-priority/course/01_FreeRTOS_interrupt/Firmware/GD32F4xx_standard_peripheral/Source/gd32f4xx_misc.c","1CD262F295155428C25DEDC69BFBAB99F7A99DE09E0B602ECA1F2C6017CFE2DA","1CD262F295155428C25DEDC69BFBAB99F7A99DE09E0B602ECA1F2C6017CFE2DA","True"
"projects/03-interrupt-priority/course/01_FreeRTOS_interrupt/Firmware/GD32F4xx_standard_peripheral/Source/gd32f4xx_pmu.c","DAFA94838A55132E3313234C5AC2BE6172116DC26574347363D554EFFB186D79","DAFA94838A55132E3313234C5AC2BE6172116DC26574347363D554EFFB186D79","True"
"projects/03-interrupt-priority/course/01_FreeRTOS_interrupt/Firmware/GD32F4xx_standard_peripheral/Source/gd32f4xx_rcu.c","6C1030EB58EC7CB9C41E2A1FF31DDEF87F70DD083222327978234004C4E95B98","6C1030EB58EC7CB9C41E2A1FF31DDEF87F70DD083222327978234004C4E95B98","True"
"projects/03-interrupt-priority/course/01_FreeRTOS_interrupt/Firmware/GD32F4xx_standard_peripheral/Source/gd32f4xx_rtc.c","EEA5BCB92C88A7BAB9F3740F8E9408236412A546B03A5467F21B0F94A01183E7","EEA5BCB92C88A7BAB9F3740F8E9408236412A546B03A5467F21B0F94A01183E7","True"
"projects/03-interrupt-priority/course/01_FreeRTOS_interrupt/Firmware/GD32F4xx_standard_peripheral/Source/gd32f4xx_sdio.c","9D8F3E488C74C44A30C4D0BBB9CD8D86555D898CA9C36F259CE57609959B9854","9D8F3E488C74C44A30C4D0BBB9CD8D86555D898CA9C36F259CE57609959B9854","True"
"projects/03-interrupt-priority/course/01_FreeRTOS_interrupt/Firmware/GD32F4xx_standard_peripheral/Source/gd32f4xx_spi.c","CE06438E9AD5882A0FCA88DFE658DD925ED3320BA574C2797E2F93ACF6142459","CE06438E9AD5882A0FCA88DFE658DD925ED3320BA574C2797E2F93ACF6142459","True"
"projects/03-interrupt-priority/course/01_FreeRTOS_interrupt/Firmware/GD32F4xx_standard_peripheral/Source/gd32f4xx_syscfg.c","51A7A5E70F3064424CC6E2F6A06942B47ADAAC8C36A6612EE08B1643557B3CA3","51A7A5E70F3064424CC6E2F6A06942B47ADAAC8C36A6612EE08B1643557B3CA3","True"
"projects/03-interrupt-priority/course/01_FreeRTOS_interrupt/Firmware/GD32F4xx_standard_peripheral/Source/gd32f4xx_timer.c","3961465CF6BA39554E34C02183C50676A4AB9B3991A6AAD32D271754B2506B14","3961465CF6BA39554E34C02183C50676A4AB9B3991A6AAD32D271754B2506B14","True"
"projects/03-interrupt-priority/course/01_FreeRTOS_interrupt/Firmware/GD32F4xx_standard_peripheral/Source/gd32f4xx_tli.c","881A02E692AFD4A0B6848A929B0B8C79148911AD7543CF611287C45E82372541","881A02E692AFD4A0B6848A929B0B8C79148911AD7543CF611287C45E82372541","True"
"projects/03-interrupt-priority/course/01_FreeRTOS_interrupt/Firmware/GD32F4xx_standard_peripheral/Source/gd32f4xx_trng.c","BA9093D046A01C997AA54D2DE9F663E8AF32FB9E53C950CFC640F1033FCD6C53","BA9093D046A01C997AA54D2DE9F663E8AF32FB9E53C950CFC640F1033FCD6C53","True"
"projects/03-interrupt-priority/course/01_FreeRTOS_interrupt/Firmware/GD32F4xx_standard_peripheral/Source/gd32f4xx_usart.c","F67FA54D9C9537317BE92D95FD880A394D9ABE98DF708E5AA821FBFA392AE9B0","F67FA54D9C9537317BE92D95FD880A394D9ABE98DF708E5AA821FBFA392AE9B0","True"
"projects/03-interrupt-priority/course/01_FreeRTOS_interrupt/Firmware/GD32F4xx_standard_peripheral/Source/gd32f4xx_wwdgt.c","0ED39DE6F0101E10DDCB476E6EF21C44D2282D4F689D0D0D70F9E04940E6F0FE","0ED39DE6F0101E10DDCB476E6EF21C44D2282D4F689D0D0D70F9E04940E6F0FE","True"
"projects/03-interrupt-priority/course/01_FreeRTOS_interrupt/Firmware/GD32F4xx_usb_library/device/class/audio/Include/audio_core.h","D4550583AD93FB3EED7D288FB84CA5E1B57269E088FB073E541A666B636FEC00","D4550583AD93FB3EED7D288FB84CA5E1B57269E088FB073E541A666B636FEC00","True"
"projects/03-interrupt-priority/course/01_FreeRTOS_interrupt/Firmware/GD32F4xx_usb_library/device/class/audio/Include/audio_out_itf.h","77FB54DEA6431AF26C1DE2B1CCFB8186FAC92519D817556FE6B31FDE7947310B","77FB54DEA6431AF26C1DE2B1CCFB8186FAC92519D817556FE6B31FDE7947310B","True"
"projects/03-interrupt-priority/course/01_FreeRTOS_interrupt/Firmware/GD32F4xx_usb_library/device/class/audio/Source/audio_core.c","E134ABAB42ADA7E2D9C6BAD56032F4358FBD37B82E3861496BFE8DC7B4263D32","E134ABAB42ADA7E2D9C6BAD56032F4358FBD37B82E3861496BFE8DC7B4263D32","True"
"projects/03-interrupt-priority/course/01_FreeRTOS_interrupt/Firmware/GD32F4xx_usb_library/device/class/audio/Source/audio_out_itf.c","33F0490E4B3CE2315D51257BB877A233BA7293BF83F1272113382989476B887B","33F0490E4B3CE2315D51257BB877A233BA7293BF83F1272113382989476B887B","True"
"projects/03-interrupt-priority/course/01_FreeRTOS_interrupt/Firmware/GD32F4xx_usb_library/device/class/cdc/Include/cdc_acm_core.h","58A53B46A222A4CA1B4F35901A48555A22FF6C8EF95DCB23E651A64512A0B8EC","58A53B46A222A4CA1B4F35901A48555A22FF6C8EF95DCB23E651A64512A0B8EC","True"
"projects/03-interrupt-priority/course/01_FreeRTOS_interrupt/Firmware/GD32F4xx_usb_library/device/class/cdc/Source/cdc_acm_core.c","92F6D272CB501A2E0E8020A5C7C3FDBF3F6267044A5F00C248A53BDC23867E71","92F6D272CB501A2E0E8020A5C7C3FDBF3F6267044A5F00C248A53BDC23867E71","True"
"projects/03-interrupt-priority/course/01_FreeRTOS_interrupt/Firmware/GD32F4xx_usb_library/device/class/dfu/Include/dfu_core.h","B074E46C11DFC3D6F057E7C91263A7894A8598F5AD27062A8F0C737739F0AC4B","B074E46C11DFC3D6F057E7C91263A7894A8598F5AD27062A8F0C737739F0AC4B","True"
"projects/03-interrupt-priority/course/01_FreeRTOS_interrupt/Firmware/GD32F4xx_usb_library/device/class/dfu/Include/dfu_mem.h","EE0FA900E1595041DB2524E57A7684A911AFEC27BD737544CB8ACC1A419B54F3","EE0FA900E1595041DB2524E57A7684A911AFEC27BD737544CB8ACC1A419B54F3","True"
"projects/03-interrupt-priority/course/01_FreeRTOS_interrupt/Firmware/GD32F4xx_usb_library/device/class/dfu/Source/dfu_core.c","EE0B61F48E523F816E1977AB5667701D4A30C9D7994809DAEC56A6C22B6B23F2","EE0B61F48E523F816E1977AB5667701D4A30C9D7994809DAEC56A6C22B6B23F2","True"
"projects/03-interrupt-priority/course/01_FreeRTOS_interrupt/Firmware/GD32F4xx_usb_library/device/class/dfu/Source/dfu_mem.c","1740852FD0411642AAD47BF10951D51DE5338CA02239C634C4A28211CC0B6BD5","1740852FD0411642AAD47BF10951D51DE5338CA02239C634C4A28211CC0B6BD5","True"
"projects/03-interrupt-priority/course/01_FreeRTOS_interrupt/Firmware/GD32F4xx_usb_library/device/class/hid/Include/custom_hid_core.h","3D8630539B539B75241B088BA5CB2BD6A6377EBE6A0C026E14E4D9F618149F3C","3D8630539B539B75241B088BA5CB2BD6A6377EBE6A0C026E14E4D9F618149F3C","True"
"projects/03-interrupt-priority/course/01_FreeRTOS_interrupt/Firmware/GD32F4xx_usb_library/device/class/hid/Include/standard_hid_core.h","B43958E8EF0BB4E5939D1B1279F2B4D25791ABD357C51504FB08C6BF5CDE5A55","B43958E8EF0BB4E5939D1B1279F2B4D25791ABD357C51504FB08C6BF5CDE5A55","True"
"projects/03-interrupt-priority/course/01_FreeRTOS_interrupt/Firmware/GD32F4xx_usb_library/device/class/hid/Source/custom_hid_core.c","E31D924422097B600884693E2CFB38C20E4215861DFC8BBDFF3058C9A9133668","E31D924422097B600884693E2CFB38C20E4215861DFC8BBDFF3058C9A9133668","True"
"projects/03-interrupt-priority/course/01_FreeRTOS_interrupt/Firmware/GD32F4xx_usb_library/device/class/hid/Source/standard_hid_core.c","976542C7FC8C038846C71E4C5E6755B3C9364C8C09425F671FA694F1F14889A1","976542C7FC8C038846C71E4C5E6755B3C9364C8C09425F671FA694F1F14889A1","True"
"projects/03-interrupt-priority/course/01_FreeRTOS_interrupt/Firmware/GD32F4xx_usb_library/device/class/iap/Include/usb_iap_core.h","0C5491567E7452BE4CDC0099BC8F6E5B6ACA7B9C273FDB95647264938337C163","0C5491567E7452BE4CDC0099BC8F6E5B6ACA7B9C273FDB95647264938337C163","True"
"projects/03-interrupt-priority/course/01_FreeRTOS_interrupt/Firmware/GD32F4xx_usb_library/device/class/iap/Source/usb_iap_core.c","B48D8EDB4882F57E2EE0B7CD17D94A4EA574BBFDB3EF72F35355FB7B8CBF374D","B48D8EDB4882F57E2EE0B7CD17D94A4EA574BBFDB3EF72F35355FB7B8CBF374D","True"
"projects/03-interrupt-priority/course/01_FreeRTOS_interrupt/Firmware/GD32F4xx_usb_library/device/class/msc/Include/usbd_msc_bbb.h","FCE4E4A9E17E3C7AD6EF23BF6284354B3C1E0BC79E2E3D8C51C00C7CBA88598F","FCE4E4A9E17E3C7AD6EF23BF6284354B3C1E0BC79E2E3D8C51C00C7CBA88598F","True"
"projects/03-interrupt-priority/course/01_FreeRTOS_interrupt/Firmware/GD32F4xx_usb_library/device/class/msc/Include/usbd_msc_core.h","1B56E50C7F78BD46CC86E131565DA5A3CA050901171A99D33526283996D0062C","1B56E50C7F78BD46CC86E131565DA5A3CA050901171A99D33526283996D0062C","True"
"projects/03-interrupt-priority/course/01_FreeRTOS_interrupt/Firmware/GD32F4xx_usb_library/device/class/msc/Include/usbd_msc_mem.h","4219910F0D5565CBF2CB7DE2191FFFAD41F01F9903EC160827C6F441FC9FE241","4219910F0D5565CBF2CB7DE2191FFFAD41F01F9903EC160827C6F441FC9FE241","True"
"projects/03-interrupt-priority/course/01_FreeRTOS_interrupt/Firmware/GD32F4xx_usb_library/device/class/msc/Include/usbd_msc_scsi.h","8A843A759A5D1013DB6524B1547453013DA00C202F03A7011B604C8E79F96A2D","8A843A759A5D1013DB6524B1547453013DA00C202F03A7011B604C8E79F96A2D","True"
"projects/03-interrupt-priority/course/01_FreeRTOS_interrupt/Firmware/GD32F4xx_usb_library/device/class/msc/Source/usbd_msc_bbb.c","D613ECDDAB72A03DE672E4669F2549F5CE93259C09819FCBD78DB49DBBEFA4A5","D613ECDDAB72A03DE672E4669F2549F5CE93259C09819FCBD78DB49DBBEFA4A5","True"
"projects/03-interrupt-priority/course/01_FreeRTOS_interrupt/Firmware/GD32F4xx_usb_library/device/class/msc/Source/usbd_msc_core.c","5C5983C2884B08AA4A480B29929E20A502741C56CEFD717E48A6FE5C807BBB5C","5C5983C2884B08AA4A480B29929E20A502741C56CEFD717E48A6FE5C807BBB5C","True"
"projects/03-interrupt-priority/course/01_FreeRTOS_interrupt/Firmware/GD32F4xx_usb_library/device/class/msc/Source/usbd_msc_scsi.c","062E1DF310C0FEED9372585E09D4A317F65B8E0E03BD70C14AA7418A99C5EFFD","062E1DF310C0FEED9372585E09D4A317F65B8E0E03BD70C14AA7418A99C5EFFD","True"
"projects/03-interrupt-priority/course/01_FreeRTOS_interrupt/Firmware/GD32F4xx_usb_library/device/class/printer/Include/printer_core.h","4231DAE7349CC3643150EC1E90A5CEFB4ADF23ADC0314E82EF001BDFCD7D7E8C","4231DAE7349CC3643150EC1E90A5CEFB4ADF23ADC0314E82EF001BDFCD7D7E8C","True"
"projects/03-interrupt-priority/course/01_FreeRTOS_interrupt/Firmware/GD32F4xx_usb_library/device/class/printer/Source/printer_core.c","93EB77FF7A45DA1424244E1FFA25755A259E43B815D00B14C319BEC17A079831","93EB77FF7A45DA1424244E1FFA25755A259E43B815D00B14C319BEC17A079831","True"
"projects/03-interrupt-priority/course/01_FreeRTOS_interrupt/Firmware/GD32F4xx_usb_library/device/core/Include/usbd_core.h","A205D78D7C4299519538D5057744916BCB5459EC963BFBD6AA42101197B15041","A205D78D7C4299519538D5057744916BCB5459EC963BFBD6AA42101197B15041","True"
"projects/03-interrupt-priority/course/01_FreeRTOS_interrupt/Firmware/GD32F4xx_usb_library/device/core/Include/usbd_enum.h","9DE97ED85BA71120379BF876FAF752FA7900784D1614C18D1E9ECEA6C7E2C897","9DE97ED85BA71120379BF876FAF752FA7900784D1614C18D1E9ECEA6C7E2C897","True"
"projects/03-interrupt-priority/course/01_FreeRTOS_interrupt/Firmware/GD32F4xx_usb_library/device/core/Include/usbd_transc.h","7598A18B6AA5696B7D15C3F8DA6F0F04C37BCA44D48C86FD5A7BD92850A17681","7598A18B6AA5696B7D15C3F8DA6F0F04C37BCA44D48C86FD5A7BD92850A17681","True"
"projects/03-interrupt-priority/course/01_FreeRTOS_interrupt/Firmware/GD32F4xx_usb_library/device/core/Source/usbd_core.c","74A04240E3912EF2D959396250678FF65E41A6D65E4C92CDDB7BABEBC646A12F","74A04240E3912EF2D959396250678FF65E41A6D65E4C92CDDB7BABEBC646A12F","True"
"projects/03-interrupt-priority/course/01_FreeRTOS_interrupt/Firmware/GD32F4xx_usb_library/device/core/Source/usbd_enum.c","07C9D4AF518D9659D3696A574638D2238413C849345915F347B1CE91C02A81EE","07C9D4AF518D9659D3696A574638D2238413C849345915F347B1CE91C02A81EE","True"
"projects/03-interrupt-priority/course/01_FreeRTOS_interrupt/Firmware/GD32F4xx_usb_library/device/core/Source/usbd_transc.c","CE5E569F4CBB0918250C03000276FD987E116E69F489EEC7B049B790A5A87F37","CE5E569F4CBB0918250C03000276FD987E116E69F489EEC7B049B790A5A87F37","True"
"projects/03-interrupt-priority/course/01_FreeRTOS_interrupt/Firmware/GD32F4xx_usb_library/driver/Include/drv_usb_core.h","D7957D291F199B35772CE89782B17558BCC73B935F66F80C5B7FBE16DDBA5875","D7957D291F199B35772CE89782B17558BCC73B935F66F80C5B7FBE16DDBA5875","True"
"projects/03-interrupt-priority/course/01_FreeRTOS_interrupt/Firmware/GD32F4xx_usb_library/driver/Include/drv_usb_dev.h","CAF5D56EBAFDBA9FC9F167418A1616E4291B112EDBF47A8654BD9A98F8C17B9A","CAF5D56EBAFDBA9FC9F167418A1616E4291B112EDBF47A8654BD9A98F8C17B9A","True"
"projects/03-interrupt-priority/course/01_FreeRTOS_interrupt/Firmware/GD32F4xx_usb_library/driver/Include/drv_usb_host.h","FB4056A260F60FDA977AB1139EBFCF00E53B5C3E697FDDA573B902A413BFFF14","FB4056A260F60FDA977AB1139EBFCF00E53B5C3E697FDDA573B902A413BFFF14","True"
"projects/03-interrupt-priority/course/01_FreeRTOS_interrupt/Firmware/GD32F4xx_usb_library/driver/Include/drv_usb_hw.h","81DBB2D76CD496106998EAA694DA78184988C9618E06CFE573E5D6B5FA1C1F20","81DBB2D76CD496106998EAA694DA78184988C9618E06CFE573E5D6B5FA1C1F20","True"
"projects/03-interrupt-priority/course/01_FreeRTOS_interrupt/Firmware/GD32F4xx_usb_library/driver/Include/drv_usb_regs.h","048A97F0FF66F557EE6A5E829F8AA0336D69E13E63151CF4D64092D0FF9606BA","048A97F0FF66F557EE6A5E829F8AA0336D69E13E63151CF4D64092D0FF9606BA","True"
"projects/03-interrupt-priority/course/01_FreeRTOS_interrupt/Firmware/GD32F4xx_usb_library/driver/Include/drv_usbd_int.h","3B71749A04450BBEC4838039BC3C6482EE1D7ECB509B97DA5151F362F918A8F4","3B71749A04450BBEC4838039BC3C6482EE1D7ECB509B97DA5151F362F918A8F4","True"
"projects/03-interrupt-priority/course/01_FreeRTOS_interrupt/Firmware/GD32F4xx_usb_library/driver/Include/drv_usbh_int.h","5268EE8F0ACCEE9C9E848AE421F3F1B83B8EFA72B8854F08A5756C16C3873997","5268EE8F0ACCEE9C9E848AE421F3F1B83B8EFA72B8854F08A5756C16C3873997","True"
"projects/03-interrupt-priority/course/01_FreeRTOS_interrupt/Firmware/GD32F4xx_usb_library/driver/Source/drv_usb_core.c","B90492A8404BCBDCBBA9D31D38AD75D2D85B6014CCACF6EEA77B23F69CF5F623","B90492A8404BCBDCBBA9D31D38AD75D2D85B6014CCACF6EEA77B23F69CF5F623","True"
"projects/03-interrupt-priority/course/01_FreeRTOS_interrupt/Firmware/GD32F4xx_usb_library/driver/Source/drv_usb_dev.c","93CA6CD491C5E0FEA197D5AC7F10BA23E6973543DA7AEED38BFC1AE3A0DC474B","93CA6CD491C5E0FEA197D5AC7F10BA23E6973543DA7AEED38BFC1AE3A0DC474B","True"
"projects/03-interrupt-priority/course/01_FreeRTOS_interrupt/Firmware/GD32F4xx_usb_library/driver/Source/drv_usb_host.c","D9F6DE1A16C13351C6947A1D8C735A2FA2EF6495159EF75E8C84A903003853EA","D9F6DE1A16C13351C6947A1D8C735A2FA2EF6495159EF75E8C84A903003853EA","True"
"projects/03-interrupt-priority/course/01_FreeRTOS_interrupt/Firmware/GD32F4xx_usb_library/driver/Source/drv_usbd_int.c","6D629C1B2EE8A05BD9C1B8E20F2664410AFC9608E9489CCAC5BE881D10D0A715","6D629C1B2EE8A05BD9C1B8E20F2664410AFC9608E9489CCAC5BE881D10D0A715","True"
"projects/03-interrupt-priority/course/01_FreeRTOS_interrupt/Firmware/GD32F4xx_usb_library/driver/Source/drv_usbh_int.c","4D390034615DF35FB792026BD76844C922F387580E291039F1BC5F6B6C982486","4D390034615DF35FB792026BD76844C922F387580E291039F1BC5F6B6C982486","True"
"projects/03-interrupt-priority/course/01_FreeRTOS_interrupt/Firmware/GD32F4xx_usb_library/host/class/hid/Include/usbh_hid_core.h","0DEC84719141C68389EC4F957111FB6DC21A5BE55159A808A9D4D20759E447AA","0DEC84719141C68389EC4F957111FB6DC21A5BE55159A808A9D4D20759E447AA","True"
"projects/03-interrupt-priority/course/01_FreeRTOS_interrupt/Firmware/GD32F4xx_usb_library/host/class/hid/Include/usbh_standard_hid.h","9DFF3D162D5690F986145FC6A50E8BE49EE6EA57B0DF5DE92708173ECE1231A8","9DFF3D162D5690F986145FC6A50E8BE49EE6EA57B0DF5DE92708173ECE1231A8","True"
"projects/03-interrupt-priority/course/01_FreeRTOS_interrupt/Firmware/GD32F4xx_usb_library/host/class/hid/Source/usbh_hid_core.c","2CDAFDF63EBB98A454A09ACC070B9C2E925C7EEC29AF318F1A8CE5F913C5D200","2CDAFDF63EBB98A454A09ACC070B9C2E925C7EEC29AF318F1A8CE5F913C5D200","True"
"projects/03-interrupt-priority/course/01_FreeRTOS_interrupt/Firmware/GD32F4xx_usb_library/host/class/hid/Source/usbh_standard_hid.c","324F535D3213364159EF30D0AB69CB69472D94EE6A25F07D1C624D1B4BB315C3","324F535D3213364159EF30D0AB69CB69472D94EE6A25F07D1C624D1B4BB315C3","True"
"projects/03-interrupt-priority/course/01_FreeRTOS_interrupt/Firmware/GD32F4xx_usb_library/host/class/msc/Include/usbh_msc_bbb.h","FE164E019DB850549FA0EDB8A4B2F0C38FF1C7540A834B935C91268D0E275FF8","FE164E019DB850549FA0EDB8A4B2F0C38FF1C7540A834B935C91268D0E275FF8","True"
"projects/03-interrupt-priority/course/01_FreeRTOS_interrupt/Firmware/GD32F4xx_usb_library/host/class/msc/Include/usbh_msc_core.h","34B4B4AED85F332B815096EE4C39FBA67C77FEF1F9EB79FC470603568CBE2DC9","34B4B4AED85F332B815096EE4C39FBA67C77FEF1F9EB79FC470603568CBE2DC9","True"
"projects/03-interrupt-priority/course/01_FreeRTOS_interrupt/Firmware/GD32F4xx_usb_library/host/class/msc/Include/usbh_msc_scsi.h","E6E8CA26D9A2ABFFE14A21AF356CB07C4058D9052DFD22B46205EC11884A867A","E6E8CA26D9A2ABFFE14A21AF356CB07C4058D9052DFD22B46205EC11884A867A","True"
"projects/03-interrupt-priority/course/01_FreeRTOS_interrupt/Firmware/GD32F4xx_usb_library/host/class/msc/Source/usbh_msc_bbb.c","2A82AD623D78CCC1802D851AB7FB124D6ABB5DBEA980AA8C6517E26FF906E049","2A82AD623D78CCC1802D851AB7FB124D6ABB5DBEA980AA8C6517E26FF906E049","True"
"projects/03-interrupt-priority/course/01_FreeRTOS_interrupt/Firmware/GD32F4xx_usb_library/host/class/msc/Source/usbh_msc_core.c","5DF338C15161E6C7A6424179245E0E373973B22E81DEA91111AD5613AE0C8690","5DF338C15161E6C7A6424179245E0E373973B22E81DEA91111AD5613AE0C8690","True"
"projects/03-interrupt-priority/course/01_FreeRTOS_interrupt/Firmware/GD32F4xx_usb_library/host/class/msc/Source/usbh_msc_fatfs.c","8FD0C5B44F9AC0E35427803F9761E40A5297CAA2ACC078CB9FDE3C25BA4036B1","8FD0C5B44F9AC0E35427803F9761E40A5297CAA2ACC078CB9FDE3C25BA4036B1","True"
"projects/03-interrupt-priority/course/01_FreeRTOS_interrupt/Firmware/GD32F4xx_usb_library/host/class/msc/Source/usbh_msc_scsi.c","45E6AD746800250C90834AC684D207DA486F3F0FDA8503284DEF2C537F952A85","45E6AD746800250C90834AC684D207DA486F3F0FDA8503284DEF2C537F952A85","True"
"projects/03-interrupt-priority/course/01_FreeRTOS_interrupt/Firmware/GD32F4xx_usb_library/host/core/Include/usbh_core.h","8919B0DA3BC89862AC89DA53BD34CC4F8AF2F7ECEBF23493D3BC0980570EC67D","8919B0DA3BC89862AC89DA53BD34CC4F8AF2F7ECEBF23493D3BC0980570EC67D","True"
"projects/03-interrupt-priority/course/01_FreeRTOS_interrupt/Firmware/GD32F4xx_usb_library/host/core/Include/usbh_enum.h","A08D6A471BE77A6BFDF916E166E4A95B49358F209E0708080E4A441D7D454897","A08D6A471BE77A6BFDF916E166E4A95B49358F209E0708080E4A441D7D454897","True"
"projects/03-interrupt-priority/course/01_FreeRTOS_interrupt/Firmware/GD32F4xx_usb_library/host/core/Include/usbh_pipe.h","D1AA31749DB419F147E34BF1608F3C79D8846FC9067B138CE90DCC6D68A724B2","D1AA31749DB419F147E34BF1608F3C79D8846FC9067B138CE90DCC6D68A724B2","True"
"projects/03-interrupt-priority/course/01_FreeRTOS_interrupt/Firmware/GD32F4xx_usb_library/host/core/Include/usbh_transc.h","B0A9300C836592E16782062A0D898645ADC64EFD21AD96F46B8EF6EBD876499C","B0A9300C836592E16782062A0D898645ADC64EFD21AD96F46B8EF6EBD876499C","True"
"projects/03-interrupt-priority/course/01_FreeRTOS_interrupt/Firmware/GD32F4xx_usb_library/host/core/Source/usbh_core.c","2E61C1493A0F04D944A9B1E01924A57908552C5C5920F357DF984F098988DF08","2E61C1493A0F04D944A9B1E01924A57908552C5C5920F357DF984F098988DF08","True"
"projects/03-interrupt-priority/course/01_FreeRTOS_interrupt/Firmware/GD32F4xx_usb_library/host/core/Source/usbh_enum.c","273217F6826C6D57A1D210D2A58974AE97A27E15951B98BE25BBCCDEA8133871","273217F6826C6D57A1D210D2A58974AE97A27E15951B98BE25BBCCDEA8133871","True"
"projects/03-interrupt-priority/course/01_FreeRTOS_interrupt/Firmware/GD32F4xx_usb_library/host/core/Source/usbh_pipe.c","E8A4253E2A4224333C4343EE0FFD5F280C9875EF57702F44C1973CBD42EDD2E0","E8A4253E2A4224333C4343EE0FFD5F280C9875EF57702F44C1973CBD42EDD2E0","True"
"projects/03-interrupt-priority/course/01_FreeRTOS_interrupt/Firmware/GD32F4xx_usb_library/host/core/Source/usbh_transc.c","CF1AE1FCF884275E82634538E997D8D24C31FBE959140909F5BB4E34BCA0BBEF","CF1AE1FCF884275E82634538E997D8D24C31FBE959140909F5BB4E34BCA0BBEF","True"
"projects/03-interrupt-priority/course/01_FreeRTOS_interrupt/Firmware/GD32F4xx_usb_library/ustd/class/cdc/usb_cdc.h","FCD43C4F51573D30F01573E2D2856E0BE969C8FFD02D415AADFB69A595DECF4E","FCD43C4F51573D30F01573E2D2856E0BE969C8FFD02D415AADFB69A595DECF4E","True"
"projects/03-interrupt-priority/course/01_FreeRTOS_interrupt/Firmware/GD32F4xx_usb_library/ustd/class/hid/usb_hid.h","F3C6A02D4FC46F9512465B6EB2951C8CDDB956AF73422AAB9D2A1BAFC69F2E7B","F3C6A02D4FC46F9512465B6EB2951C8CDDB956AF73422AAB9D2A1BAFC69F2E7B","True"
"projects/03-interrupt-priority/course/01_FreeRTOS_interrupt/Firmware/GD32F4xx_usb_library/ustd/class/msc/msc_bbb.h","B884B8F8F7CFAF22512EDE7AE709B5F3591E126D2919AECF4E2B4D7EFEA1F5D6","B884B8F8F7CFAF22512EDE7AE709B5F3591E126D2919AECF4E2B4D7EFEA1F5D6","True"
"projects/03-interrupt-priority/course/01_FreeRTOS_interrupt/Firmware/GD32F4xx_usb_library/ustd/class/msc/msc_scsi.h","8842CF305E996369687FA89568C9AEE3D46F745E1AEF6EB58B1A3F519F863631","8842CF305E996369687FA89568C9AEE3D46F745E1AEF6EB58B1A3F519F863631","True"
"projects/03-interrupt-priority/course/01_FreeRTOS_interrupt/Firmware/GD32F4xx_usb_library/ustd/class/msc/usb_msc.h","E3C2A096085131687F121DE426EF9154F23CCC26E877129243A648FB8C90B216","E3C2A096085131687F121DE426EF9154F23CCC26E877129243A648FB8C90B216","True"
"projects/03-interrupt-priority/course/01_FreeRTOS_interrupt/Firmware/GD32F4xx_usb_library/ustd/common/usb_ch9_std.h","B5249865F377709E456F76CA76CA5499ACE39BAD6A452832DBE535F1989C6D22","B5249865F377709E456F76CA76CA5499ACE39BAD6A452832DBE535F1989C6D22","True"
"projects/03-interrupt-priority/course/01_FreeRTOS_interrupt/FreeRTOS/CMakeLists.txt","277777817A51C3B8548C84A61CF5341C43DA40769C833A05AD46FDBD6F7CEED7","277777817A51C3B8548C84A61CF5341C43DA40769C833A05AD46FDBD6F7CEED7","True"
"projects/03-interrupt-priority/course/01_FreeRTOS_interrupt/FreeRTOS/croutine.c","EBF0CDCE261DC4A256C06C0D4AD2582E6026A6DA0E973D4CB92092E94CE8F370","EBF0CDCE261DC4A256C06C0D4AD2582E6026A6DA0E973D4CB92092E94CE8F370","True"
"projects/03-interrupt-priority/course/01_FreeRTOS_interrupt/FreeRTOS/event_groups.c","76E967B14D231E4F31F014F1564F359A7BFD36BFA263EE6F437AFA8C056DF657","76E967B14D231E4F31F014F1564F359A7BFD36BFA263EE6F437AFA8C056DF657","True"
"projects/03-interrupt-priority/course/01_FreeRTOS_interrupt/FreeRTOS/FreeRTOSConfig.h","39B67078D0BB8FD3849F2BB44091A07464B4877075443CB4F6D28AA464C8C05C","39B67078D0BB8FD3849F2BB44091A07464B4877075443CB4F6D28AA464C8C05C","True"
"projects/03-interrupt-priority/course/01_FreeRTOS_interrupt/FreeRTOS/include/atomic.h","E6EB26727C6CD0A87E4DEC91CC55B2B1313CC3829E06662A0C73E62CAFD1E751","E6EB26727C6CD0A87E4DEC91CC55B2B1313CC3829E06662A0C73E62CAFD1E751","True"
"projects/03-interrupt-priority/course/01_FreeRTOS_interrupt/FreeRTOS/include/croutine.h","CF52C15FA26A8D4F82B55909B75EBFE2AAB25468BA7780748912DDEAD9812B4E","CF52C15FA26A8D4F82B55909B75EBFE2AAB25468BA7780748912DDEAD9812B4E","True"
"projects/03-interrupt-priority/course/01_FreeRTOS_interrupt/FreeRTOS/include/deprecated_definitions.h","35000A143464BBBD8DF7C9A6F066A64598A24DA5174A7BE33972E62BFBD75F4D","35000A143464BBBD8DF7C9A6F066A64598A24DA5174A7BE33972E62BFBD75F4D","True"
"projects/03-interrupt-priority/course/01_FreeRTOS_interrupt/FreeRTOS/include/event_groups.h","7A38D7A3CE24BD2FF6C6003C94EEA7AA7972179B1F17C1A91374334C6069F027","7A38D7A3CE24BD2FF6C6003C94EEA7AA7972179B1F17C1A91374334C6069F027","True"
"projects/03-interrupt-priority/course/01_FreeRTOS_interrupt/FreeRTOS/include/FreeRTOS.h","03E9C94ABA57E3CF7F4F73BC2D3EB4A96AE38F3425EEDB5450622CA286475A0B","03E9C94ABA57E3CF7F4F73BC2D3EB4A96AE38F3425EEDB5450622CA286475A0B","True"
"projects/03-interrupt-priority/course/01_FreeRTOS_interrupt/FreeRTOS/include/list.h","DC572F54391C0407FC25DB360D912FCA9118CDDAE7BD2E3099EB13F18804E5A9","DC572F54391C0407FC25DB360D912FCA9118CDDAE7BD2E3099EB13F18804E5A9","True"
"projects/03-interrupt-priority/course/01_FreeRTOS_interrupt/FreeRTOS/include/message_buffer.h","9A8141D3D6C8044A57D7E448180C9BD2ED32E45DED32BE288D095A39DCED91AB","9A8141D3D6C8044A57D7E448180C9BD2ED32E45DED32BE288D095A39DCED91AB","True"
"projects/03-interrupt-priority/course/01_FreeRTOS_interrupt/FreeRTOS/include/mpu_prototypes.h","2B46A2511CE5D23A56BC83079333D8D0A2E33763E5829C9383252806887A3DC0","2B46A2511CE5D23A56BC83079333D8D0A2E33763E5829C9383252806887A3DC0","True"
"projects/03-interrupt-priority/course/01_FreeRTOS_interrupt/FreeRTOS/include/mpu_wrappers.h","5014408CC33F0F616215F2B48C67B0D47CCC35BFD5F0044AC653B5BBC6CF5778","5014408CC33F0F616215F2B48C67B0D47CCC35BFD5F0044AC653B5BBC6CF5778","True"
"projects/03-interrupt-priority/course/01_FreeRTOS_interrupt/FreeRTOS/include/portable.h","7ADE8F368002778C723B3C4E14084910B7225CD36363ED0C948E9EA36C6F251F","7ADE8F368002778C723B3C4E14084910B7225CD36363ED0C948E9EA36C6F251F","True"
"projects/03-interrupt-priority/course/01_FreeRTOS_interrupt/FreeRTOS/include/projdefs.h","F1FA9FAA0D14851DFF86AACA00559F4B474E5F6D68772D0072842E25351D98B3","F1FA9FAA0D14851DFF86AACA00559F4B474E5F6D68772D0072842E25351D98B3","True"
"projects/03-interrupt-priority/course/01_FreeRTOS_interrupt/FreeRTOS/include/queue.h","A3763E24A5A3A38413996FC8392EFD6ADD1D1EE3EF507FBA22DAF75682241FEB","A3763E24A5A3A38413996FC8392EFD6ADD1D1EE3EF507FBA22DAF75682241FEB","True"
"projects/03-interrupt-priority/course/01_FreeRTOS_interrupt/FreeRTOS/include/semphr.h","C624E8CDFC07844D4CF35382F3CC908C872375C7A3048482BDC110BDA88CC4F2","C624E8CDFC07844D4CF35382F3CC908C872375C7A3048482BDC110BDA88CC4F2","True"
"projects/03-interrupt-priority/course/01_FreeRTOS_interrupt/FreeRTOS/include/stack_macros.h","3CDDF2B3D47AE387E376AC75EB468F9D8FFB575D68C143E08D54AF4087474CCE","3CDDF2B3D47AE387E376AC75EB468F9D8FFB575D68C143E08D54AF4087474CCE","True"
"projects/03-interrupt-priority/course/01_FreeRTOS_interrupt/FreeRTOS/include/StackMacros.h","6460E81C910496D51BC39011E35D17F5B5437B5DEB03F9E91222F796D8C8BF79","6460E81C910496D51BC39011E35D17F5B5437B5DEB03F9E91222F796D8C8BF79","True"
"projects/03-interrupt-priority/course/01_FreeRTOS_interrupt/FreeRTOS/include/stream_buffer.h","B876D839460197D94D0F95FB93C6AEB457F6FC572D32258480FED7D4DE686B6B","B876D839460197D94D0F95FB93C6AEB457F6FC572D32258480FED7D4DE686B6B","True"
"projects/03-interrupt-priority/course/01_FreeRTOS_interrupt/FreeRTOS/include/task.h","CB1B0BBCDC66E39BA3B5A09B3E2829A5D376B8990735980613514903A3C5F493","CB1B0BBCDC66E39BA3B5A09B3E2829A5D376B8990735980613514903A3C5F493","True"
"projects/03-interrupt-priority/course/01_FreeRTOS_interrupt/FreeRTOS/include/timers.h","08D73A99380A1BA61376258C52F4FDDF5DF5B6DCBE0F86B0EA03F11A5CA58459","08D73A99380A1BA61376258C52F4FDDF5DF5B6DCBE0F86B0EA03F11A5CA58459","True"
"projects/03-interrupt-priority/course/01_FreeRTOS_interrupt/FreeRTOS/list.c","DB5C169CF3EFD68DA1C6A923AC84EEBC724D602C940BDE0B9B5F01F05028FDE4","DB5C169CF3EFD68DA1C6A923AC84EEBC724D602C940BDE0B9B5F01F05028FDE4","True"
"projects/03-interrupt-priority/course/01_FreeRTOS_interrupt/FreeRTOS/manifest.yml","F71AEBB742E00AD33F877B3B679B4C24CDB709D7980C3E7836438758DBAA0139","F71AEBB742E00AD33F877B3B679B4C24CDB709D7980C3E7836438758DBAA0139","True"
"projects/03-interrupt-priority/course/01_FreeRTOS_interrupt/FreeRTOS/portable/GCC/ARM_CM4F/port.c","11F2202099ED9A73F5AE5EF9DAC414F6D9B257D6480BD9C9A1E38A71B3EE8D41","11F2202099ED9A73F5AE5EF9DAC414F6D9B257D6480BD9C9A1E38A71B3EE8D41","True"
"projects/03-interrupt-priority/course/01_FreeRTOS_interrupt/FreeRTOS/portable/GCC/ARM_CM4F/portmacro.h","D569E2A29AF1C742B69CB16E15D256611FA7979BDA2B355E03426D3C40369E42","D569E2A29AF1C742B69CB16E15D256611FA7979BDA2B355E03426D3C40369E42","True"
"projects/03-interrupt-priority/course/01_FreeRTOS_interrupt/FreeRTOS/portable/MemMang/heap_1.c","286E3FEE81C9107FC6DEC40405F500CABDCA56836D29747C182F0899BB8997FD","286E3FEE81C9107FC6DEC40405F500CABDCA56836D29747C182F0899BB8997FD","True"
"projects/03-interrupt-priority/course/01_FreeRTOS_interrupt/FreeRTOS/portable/MemMang/heap_2.c","A7B035B9ED786593143C8317ACFB49DE21B6450F246036A72331593577E5408B","A7B035B9ED786593143C8317ACFB49DE21B6450F246036A72331593577E5408B","True"
"projects/03-interrupt-priority/course/01_FreeRTOS_interrupt/FreeRTOS/portable/MemMang/heap_3.c","E2D5DBB3F3CCBADD8E7AE778F30C18D28B0532EBFE81B03AA6A20E3F75242853","E2D5DBB3F3CCBADD8E7AE778F30C18D28B0532EBFE81B03AA6A20E3F75242853","True"
"projects/03-interrupt-priority/course/01_FreeRTOS_interrupt/FreeRTOS/portable/MemMang/heap_4.c","D48A51E34CAED771E6650D95F6C2527E52FDE2A6EBC6F83B49D003AEF0135E05","D48A51E34CAED771E6650D95F6C2527E52FDE2A6EBC6F83B49D003AEF0135E05","True"
"projects/03-interrupt-priority/course/01_FreeRTOS_interrupt/FreeRTOS/portable/MemMang/heap_5.c","71B7988059E801A962DC76B956666AAB5564788D5AE437F590080DCB3FDF1881","71B7988059E801A962DC76B956666AAB5564788D5AE437F590080DCB3FDF1881","True"
"projects/03-interrupt-priority/course/01_FreeRTOS_interrupt/FreeRTOS/portable/RVDS/ARM_CA9/port.c","484F1EF17F58F3DF0B06026E1BFC8E44471DF51B33CB36D196A2D61369085A9B","484F1EF17F58F3DF0B06026E1BFC8E44471DF51B33CB36D196A2D61369085A9B","True"
"projects/03-interrupt-priority/course/01_FreeRTOS_interrupt/FreeRTOS/portable/RVDS/ARM_CA9/portASM.s","CECD728B929B81E8484C603CA00A0F95754C8EC3FF5F6D51728A3563C2E1187C","CECD728B929B81E8484C603CA00A0F95754C8EC3FF5F6D51728A3563C2E1187C","True"
"projects/03-interrupt-priority/course/01_FreeRTOS_interrupt/FreeRTOS/portable/RVDS/ARM_CA9/portmacro.h","AF5E80736D03E02590745B6781BB03809D68721BFAB0213C02B3697A4C4F8814","AF5E80736D03E02590745B6781BB03809D68721BFAB0213C02B3697A4C4F8814","True"
"projects/03-interrupt-priority/course/01_FreeRTOS_interrupt/FreeRTOS/portable/RVDS/ARM_CM0/port.c","76BE44D607E9E2CB32743386F1A97FF98E7463744DAF687773A0967B00B7F20F","76BE44D607E9E2CB32743386F1A97FF98E7463744DAF687773A0967B00B7F20F","True"
"projects/03-interrupt-priority/course/01_FreeRTOS_interrupt/FreeRTOS/portable/RVDS/ARM_CM0/portmacro.h","8E89F1A754EFF06CDCC206A4BDC13F41211D31A432981759FA25B184941078DE","8E89F1A754EFF06CDCC206A4BDC13F41211D31A432981759FA25B184941078DE","True"
"projects/03-interrupt-priority/course/01_FreeRTOS_interrupt/FreeRTOS/portable/RVDS/ARM_CM3/port.c","0F5A2323E1BDC135D37FA40DAFAC766095C46FE623F9A20CBF2F0D92405B4067","0F5A2323E1BDC135D37FA40DAFAC766095C46FE623F9A20CBF2F0D92405B4067","True"
"projects/03-interrupt-priority/course/01_FreeRTOS_interrupt/FreeRTOS/portable/RVDS/ARM_CM3/portmacro.h","7B6EEFBBA5194658CF11B14F97DD540B1CEEDCB40178F0C97244A063AC53F4E2","7B6EEFBBA5194658CF11B14F97DD540B1CEEDCB40178F0C97244A063AC53F4E2","True"
"projects/03-interrupt-priority/course/01_FreeRTOS_interrupt/FreeRTOS/portable/RVDS/ARM_CM4_MPU/port.c","1EBEB0A72801D79FAB99F4D1C43B5D2F34DC75C34E9D39A25F057B304E40685C","1EBEB0A72801D79FAB99F4D1C43B5D2F34DC75C34E9D39A25F057B304E40685C","True"
"projects/03-interrupt-priority/course/01_FreeRTOS_interrupt/FreeRTOS/portable/RVDS/ARM_CM4_MPU/portmacro.h","4149E8C08E5AE89F05E1E1E8C5B3BD87143321FDF4510F5693885624B8148DDE","4149E8C08E5AE89F05E1E1E8C5B3BD87143321FDF4510F5693885624B8148DDE","True"
"projects/03-interrupt-priority/course/01_FreeRTOS_interrupt/FreeRTOS/portable/RVDS/ARM_CM4F/port.c","6493BDBCD8AC57B5739EDB5CECC8E55EF9C82A8F978FC2F05BE19B2FAF46CEDF","6493BDBCD8AC57B5739EDB5CECC8E55EF9C82A8F978FC2F05BE19B2FAF46CEDF","True"
"projects/03-interrupt-priority/course/01_FreeRTOS_interrupt/FreeRTOS/portable/RVDS/ARM_CM4F/portmacro.h","9AA2265C543E086FD40A1B22C3BAFE0E4C2950E1E1F6DE05C803E13D621F9438","9AA2265C543E086FD40A1B22C3BAFE0E4C2950E1E1F6DE05C803E13D621F9438","True"
"projects/03-interrupt-priority/course/01_FreeRTOS_interrupt/FreeRTOS/portable/RVDS/ARM_CM7/r0p1/port.c","0B428C045198D97CBF2C7B4BECB063FB067EE8F765F263A37EF3286839B4FE12","0B428C045198D97CBF2C7B4BECB063FB067EE8F765F263A37EF3286839B4FE12","True"
"projects/03-interrupt-priority/course/01_FreeRTOS_interrupt/FreeRTOS/portable/RVDS/ARM_CM7/r0p1/portmacro.h","641CCD46A7EBA0E476DEFE30B350847FEE8044DFBF503B6E1ECB9CE3CDACF9F9","641CCD46A7EBA0E476DEFE30B350847FEE8044DFBF503B6E1ECB9CE3CDACF9F9","True"
"projects/03-interrupt-priority/course/01_FreeRTOS_interrupt/FreeRTOS/portable/RVDS/ARM_CM7/ReadMe.txt","710C88C6D9BFCC4645C414F151EE23F4C28FB8B4932308B5EB7109EF07B1D1C6","710C88C6D9BFCC4645C414F151EE23F4C28FB8B4932308B5EB7109EF07B1D1C6","True"
"projects/03-interrupt-priority/course/01_FreeRTOS_interrupt/FreeRTOS/portable/RVDS/ARM7_LPC21xx/port.c","4F79AF04C94548F73D9DEEA4A81CC841FF172B8D1E27C5E544FB243BD3F147B3","4F79AF04C94548F73D9DEEA4A81CC841FF172B8D1E27C5E544FB243BD3F147B3","True"
"projects/03-interrupt-priority/course/01_FreeRTOS_interrupt/FreeRTOS/portable/RVDS/ARM7_LPC21xx/portASM.s","EEC6FD2E493EE97E8592C715AEC32C12EF8E5CEC861DEFCCCC6E30AE584FAFD6","EEC6FD2E493EE97E8592C715AEC32C12EF8E5CEC861DEFCCCC6E30AE584FAFD6","True"
"projects/03-interrupt-priority/course/01_FreeRTOS_interrupt/FreeRTOS/portable/RVDS/ARM7_LPC21xx/portmacro.h","7B796FC47E27A4AC381510536369605571DB0ECDD36BA9DBDB7AB4C02FC81C92","7B796FC47E27A4AC381510536369605571DB0ECDD36BA9DBDB7AB4C02FC81C92","True"
"projects/03-interrupt-priority/course/01_FreeRTOS_interrupt/FreeRTOS/queue.c","5CDF4FA35FE059446EFFFF5BF20DEAF83DDFFB08921BC198FDA106B1D17DD894","5CDF4FA35FE059446EFFFF5BF20DEAF83DDFFB08921BC198FDA106B1D17DD894","True"
"projects/03-interrupt-priority/course/01_FreeRTOS_interrupt/FreeRTOS/stream_buffer.c","86D948694C723B814C9606A6C804EA7C1BD30B3DA518D1D6A83B81F972E3A152","86D948694C723B814C9606A6C804EA7C1BD30B3DA518D1D6A83B81F972E3A152","True"
"projects/03-interrupt-priority/course/01_FreeRTOS_interrupt/FreeRTOS/tasks.c","14020D617B96DD2814E1211F6E3B645BCF5E2BD3179C23FE7DD16BC666FE9463","14020D617B96DD2814E1211F6E3B645BCF5E2BD3179C23FE7DD16BC666FE9463","True"
"projects/03-interrupt-priority/course/01_FreeRTOS_interrupt/FreeRTOS/timers.c","24962EF361F396AAA5E6E33776EEEDDAF2FB251C87B6FE50602ACC56C537B093","24962EF361F396AAA5E6E33776EEEDDAF2FB251C87B6FE50602ACC56C537B093","True"
"projects/03-interrupt-priority/course/01_FreeRTOS_interrupt/Hardware/bsp_buzzer.c","DB132610BB9FD25BB3606FEE7C189AD01FB3F68FEF38D105A74C0609C66B5CEE","DB132610BB9FD25BB3606FEE7C189AD01FB3F68FEF38D105A74C0609C66B5CEE","True"
"projects/03-interrupt-priority/course/01_FreeRTOS_interrupt/Hardware/bsp_buzzer.h","A849E5A19D17A5DED0E7438846AFA0D5E3636544ABFC356B361024CA882EC6C5","A849E5A19D17A5DED0E7438846AFA0D5E3636544ABFC356B361024CA882EC6C5","True"
"projects/03-interrupt-priority/course/01_FreeRTOS_interrupt/Hardware/bsp_buzzer2.c","D4F400CA00C8ACE082181E1D587A2B1CE7CC29C870BCA80C8A920BF78710B2C1","D4F400CA00C8ACE082181E1D587A2B1CE7CC29C870BCA80C8A920BF78710B2C1","True"
"projects/03-interrupt-priority/course/01_FreeRTOS_interrupt/Hardware/bsp_buzzer2.h","A849E5A19D17A5DED0E7438846AFA0D5E3636544ABFC356B361024CA882EC6C5","A849E5A19D17A5DED0E7438846AFA0D5E3636544ABFC356B361024CA882EC6C5","True"
"projects/03-interrupt-priority/course/01_FreeRTOS_interrupt/Hardware/bsp_keys.c","F9CE7CA7732415114E7154146B0D490E39AAE7E2C05E7344F24461B46FA985EC","F9CE7CA7732415114E7154146B0D490E39AAE7E2C05E7344F24461B46FA985EC","True"
"projects/03-interrupt-priority/course/01_FreeRTOS_interrupt/Hardware/bsp_keys.h","F64D5E4FADDC660DB8D181B7C63C92E9D3E84B21940BE4B1B930D9F2088E95CC","F64D5E4FADDC660DB8D181B7C63C92E9D3E84B21940BE4B1B930D9F2088E95CC","True"
"projects/03-interrupt-priority/course/01_FreeRTOS_interrupt/Library/EXTI_config.h","3FC4D72800A241220830F878A4A41597CFA7754FF9D907C88BCFE6B5DC2F95A4","3FC4D72800A241220830F878A4A41597CFA7754FF9D907C88BCFE6B5DC2F95A4","True"
"projects/03-interrupt-priority/course/01_FreeRTOS_interrupt/Library/EXTI.c","FB93261F829F40640F1A433BC5AAB1BBFA435DE2091BD64B2D1AFF65CDA4F2A6","FB93261F829F40640F1A433BC5AAB1BBFA435DE2091BD64B2D1AFF65CDA4F2A6","True"
"projects/03-interrupt-priority/course/01_FreeRTOS_interrupt/Library/EXTI.h","4F9D3299CE5AC87CA0A74350C61AA1E7BB6D6CA2151C36A683A2334CAC926B84","4F9D3299CE5AC87CA0A74350C61AA1E7BB6D6CA2151C36A683A2334CAC926B84","True"
"projects/03-interrupt-priority/course/01_FreeRTOS_interrupt/Library/I2C0.c","1902450E399F26AB11BABACB640C9C56389B2188FF852E3E6A58D60E16AF528E","1902450E399F26AB11BABACB640C9C56389B2188FF852E3E6A58D60E16AF528E","True"
"projects/03-interrupt-priority/course/01_FreeRTOS_interrupt/Library/I2C0.h","E30F8BA27DF76E3682B8D0325EB2B9DAAF13A20CFF0E1FC59A4625625996AF42","E30F8BA27DF76E3682B8D0325EB2B9DAAF13A20CFF0E1FC59A4625625996AF42","True"
"projects/03-interrupt-priority/course/01_FreeRTOS_interrupt/Library/TIMER_config.h","0F71149D9C614C36E340E830A0AD8003015C8C656A3DB89ABA39760C24389263","0F71149D9C614C36E340E830A0AD8003015C8C656A3DB89ABA39760C24389263","True"
"projects/03-interrupt-priority/course/01_FreeRTOS_interrupt/Library/TIMER.c","68A9D9BBDB446C51E0C577B7E7969E8F3513AF7E4736C10BC6D579FBF5661435","68A9D9BBDB446C51E0C577B7E7969E8F3513AF7E4736C10BC6D579FBF5661435","True"
"projects/03-interrupt-priority/course/01_FreeRTOS_interrupt/Library/TIMER.h","51A72D9863C245195AD3CD40ADDB0D573930D5AB540B30D3D971AD2AF6B2E80E","51A72D9863C245195AD3CD40ADDB0D573930D5AB540B30D3D971AD2AF6B2E80E","True"
"projects/03-interrupt-priority/course/01_FreeRTOS_interrupt/Library/USART_config.h","73E72408B41955E419784B2A24B0FBD8AD81A334AA38EB9DB60A7DDAE97AD633","73E72408B41955E419784B2A24B0FBD8AD81A334AA38EB9DB60A7DDAE97AD633","True"
"projects/03-interrupt-priority/course/01_FreeRTOS_interrupt/Library/USART0.c","090832CB28525FC58A2B62D32A0CBFABA134C47E9A79E47573855CF78EEB67E9","090832CB28525FC58A2B62D32A0CBFABA134C47E9A79E47573855CF78EEB67E9","True"
"projects/03-interrupt-priority/course/01_FreeRTOS_interrupt/Library/USART0.h","6016FD90E22446BB90BE0996EA5EE6493AB9CDF6E7F71024ED583F05C4860399","6016FD90E22446BB90BE0996EA5EE6493AB9CDF6E7F71024ED583F05C4860399","True"
"projects/03-interrupt-priority/course/01_FreeRTOS_interrupt/Project/GD32F407.uvprojx","DFA735BB80FB328EACB866BAD99B5B65EAB8BB5B336B19E663010896F5E83D17","DFA735BB80FB328EACB866BAD99B5B65EAB8BB5B336B19E663010896F5E83D17","True"
"projects/03-interrupt-priority/course/01_FreeRTOS_interrupt/Project/Target 1_alog.txt","FD42A7E9C27F0559869C409E88654AF5DCB351E765879EABCAE4AB2CB89F6663","FD42A7E9C27F0559869C409E88654AF5DCB351E765879EABCAE4AB2CB89F6663","True"
"projects/03-interrupt-priority/course/01_FreeRTOS_interrupt/Project/Target 1_analysis.xlsx","BEE385A9BD31DCB6A9BB528A59F286811F19E1CF8D2467069C629952031F18B1","BEE385A9BD31DCB6A9BB528A59F286811F19E1CF8D2467069C629952031F18B1","True"
"projects/03-interrupt-priority/course/01_FreeRTOS_interrupt/Project/Target 1_sort_by_flash.csv","EC9BDEEA875444ECC62A50EAF2DC3BFF7E901AF106365783193B6FA3C62F64A3","EC9BDEEA875444ECC62A50EAF2DC3BFF7E901AF106365783193B6FA3C62F64A3","True"
"projects/03-interrupt-priority/course/01_FreeRTOS_interrupt/Project/Target 1_sort_by_ram.csv","F730E991626C9E42B87A02CF59C502508AAA3D3A7EFD0DB94A2E58DA2922546D","F730E991626C9E42B87A02CF59C502508AAA3D3A7EFD0DB94A2E58DA2922546D","True"
"projects/03-interrupt-priority/course/01_FreeRTOS_interrupt/README.md","E3B0C44298FC1C149AFBF4C8996FB92427AE41E4649B934CA495991B7852B855","E3B0C44298FC1C149AFBF4C8996FB92427AE41E4649B934CA495991B7852B855","True"
"projects/03-interrupt-priority/course/01_FreeRTOS_interrupt/User/gd32f4xx_it.c","4AF8D0E30992B84018E763B4465FAF58DB22B108F3E64F997CE229AE1243FBFC","4AF8D0E30992B84018E763B4465FAF58DB22B108F3E64F997CE229AE1243FBFC","True"
"projects/03-interrupt-priority/course/01_FreeRTOS_interrupt/User/gd32f4xx_it.h","B4995762AE5CEB7125CC9720CEA7E2BAD8640C23B87ED1856D9B8A380A5FC8C3","B4995762AE5CEB7125CC9720CEA7E2BAD8640C23B87ED1856D9B8A380A5FC8C3","True"
"projects/03-interrupt-priority/course/01_FreeRTOS_interrupt/User/gd32f4xx_libopt.h","702C6D85987BCDDDD363A8412C5806255F6C746065DA984EB21896C5DDD6BF09","702C6D85987BCDDDD363A8412C5806255F6C746065DA984EB21896C5DDD6BF09","True"
"projects/03-interrupt-priority/course/01_FreeRTOS_interrupt/User/main.c","FC74E12CC996C25C8652E2D12D60F43C3E98CF9F543A96F889F7BB4CDB39F973","FC74E12CC996C25C8652E2D12D60F43C3E98CF9F543A96F889F7BB4CDB39F973","True"
"projects/03-interrupt-priority/course/01_FreeRTOS_interrupt/User/main.h","32C273B119ABF22DA51E2782C09853A1545B1DF1364A13EFFA2B465379E1A53C","32C273B119ABF22DA51E2782C09853A1545B1DF1364A13EFFA2B465379E1A53C","True"
"projects/03-interrupt-priority/course/01_FreeRTOS_interrupt/User/readme.txt","A45BD1E14D470B46BE2D57C9D35147E41204556CC4BB4E25EA3C7B6B424A0B7C","A45BD1E14D470B46BE2D57C9D35147E41204556CC4BB4E25EA3C7B6B424A0B7C","True"
"projects/03-interrupt-priority/course/01_FreeRTOS_interrupt/User/systick.c","8D524363D38E222D3E8A2281F06972493AE62F379A138637B65419C59E06CBD2","8D524363D38E222D3E8A2281F06972493AE62F379A138637B65419C59E06CBD2","True"
"projects/03-interrupt-priority/course/01_FreeRTOS_interrupt/User/systick.h","E74F1981340E6162CCE52F39F73009B1570EFB7F024410652F494E77997DA025","E74F1981340E6162CCE52F39F73009B1570EFB7F024410652F494E77997DA025","True"
"projects/04-software-timers/course/02_FreeRTOS_timer/Doc/readme.txt","E3B0C44298FC1C149AFBF4C8996FB92427AE41E4649B934CA495991B7852B855","E3B0C44298FC1C149AFBF4C8996FB92427AE41E4649B934CA495991B7852B855","True"
"projects/04-software-timers/course/02_FreeRTOS_timer/Firmware/CMSIS/core_cm4_simd.h","0C2A0C2D66C7791B82CA19D10336C96518830EF359F6BFD9DA7477BC2CBCCBBB","0C2A0C2D66C7791B82CA19D10336C96518830EF359F6BFD9DA7477BC2CBCCBBB","True"
"projects/04-software-timers/course/02_FreeRTOS_timer/Firmware/CMSIS/core_cm4.h","4756546E1449D17B1A7DEE2F3307F2C92C9F1D669C3F5DFC3EE1DEC8AEE9A8F7","4756546E1449D17B1A7DEE2F3307F2C92C9F1D669C3F5DFC3EE1DEC8AEE9A8F7","True"
"projects/04-software-timers/course/02_FreeRTOS_timer/Firmware/CMSIS/core_cmFunc.h","5075FF67C8E264B83D9B391C07C6512E26ABBC189E321DE0D8B4375476980E5E","5075FF67C8E264B83D9B391C07C6512E26ABBC189E321DE0D8B4375476980E5E","True"
"projects/04-software-timers/course/02_FreeRTOS_timer/Firmware/CMSIS/core_cmInstr.h","C35DDCA16CA04646DC70ACF2D592AD9EAEAAECD8125A32ABB710069648266EB5","C35DDCA16CA04646DC70ACF2D592AD9EAEAAECD8125A32ABB710069648266EB5","True"
"projects/04-software-timers/course/02_FreeRTOS_timer/Firmware/CMSIS/GD/GD32F4xx/Include/gd32f4xx.h","96F1F6884C9885D32DF760A385CA0B5E8E9B20C066F71B946771A00503623A62","96F1F6884C9885D32DF760A385CA0B5E8E9B20C066F71B946771A00503623A62","True"
"projects/04-software-timers/course/02_FreeRTOS_timer/Firmware/CMSIS/GD/GD32F4xx/Include/system_gd32f4xx.h","98EF2DD6DD7F6D2542C4D5CA83E9869BE3630B43300CB9AB453703E4277913BD","98EF2DD6DD7F6D2542C4D5CA83E9869BE3630B43300CB9AB453703E4277913BD","True"
"projects/04-software-timers/course/02_FreeRTOS_timer/Firmware/CMSIS/GD/GD32F4xx/Source/ARM/startup_gd32f405_425.s","AEF6290F6950C0B7FB922FD12B91B3FC34ADA707A6846AA5D7A1277FDD50FBD9","AEF6290F6950C0B7FB922FD12B91B3FC34ADA707A6846AA5D7A1277FDD50FBD9","True"
"projects/04-software-timers/course/02_FreeRTOS_timer/Firmware/CMSIS/GD/GD32F4xx/Source/ARM/startup_gd32f407_427.s","65127CC1FFC7BB0C6E3AB3E1EF32C8F935D09EF4A83AC4914E089D40C39B8B5B","65127CC1FFC7BB0C6E3AB3E1EF32C8F935D09EF4A83AC4914E089D40C39B8B5B","True"
"projects/04-software-timers/course/02_FreeRTOS_timer/Firmware/CMSIS/GD/GD32F4xx/Source/ARM/startup_gd32f450_470.s","A4E9852BA47AAD025DE9645D067FAB33DDA87B8E82DEA6D77B3364F902345299","A4E9852BA47AAD025DE9645D067FAB33DDA87B8E82DEA6D77B3364F902345299","True"
"projects/04-software-timers/course/02_FreeRTOS_timer/Firmware/CMSIS/GD/GD32F4xx/Source/IAR/startup_gd32f405_425.s","70E76C6AD0182A5682773261E308008BC1102C09839605A0E058851173026836","70E76C6AD0182A5682773261E308008BC1102C09839605A0E058851173026836","True"
"projects/04-software-timers/course/02_FreeRTOS_timer/Firmware/CMSIS/GD/GD32F4xx/Source/IAR/startup_gd32f407_427.s","550D6CA54DE7F8FCB2791AAF9141666BA15978C55017FA6798BF0CA80A2864C6","550D6CA54DE7F8FCB2791AAF9141666BA15978C55017FA6798BF0CA80A2864C6","True"
"projects/04-software-timers/course/02_FreeRTOS_timer/Firmware/CMSIS/GD/GD32F4xx/Source/IAR/startup_gd32f450_470.s","EE6654F1D551C6937D014FE943342B0395A32076E5AC8DD688C600EACB9BD343","EE6654F1D551C6937D014FE943342B0395A32076E5AC8DD688C600EACB9BD343","True"
"projects/04-software-timers/course/02_FreeRTOS_timer/Firmware/CMSIS/GD/GD32F4xx/Source/system_gd32f4xx.c","8F66A123756716CF74297A7B54EEC616F230CBBC37DFB60F21BF05D1BC070836","8F66A123756716CF74297A7B54EEC616F230CBBC37DFB60F21BF05D1BC070836","True"
"projects/04-software-timers/course/02_FreeRTOS_timer/Firmware/GD32F4xx_standard_peripheral/Include/gd32f4xx_adc.h","D6B41E007F1EE95E5FA1B495F94924F7E6166439FBF3E9234A26B5FA6C32F1DE","D6B41E007F1EE95E5FA1B495F94924F7E6166439FBF3E9234A26B5FA6C32F1DE","True"
"projects/04-software-timers/course/02_FreeRTOS_timer/Firmware/GD32F4xx_standard_peripheral/Include/gd32f4xx_can.h","62A96066D7B8A1CEF45AB4092FCE5058B962050EB1C9E4B3585F0E19B9F30578","62A96066D7B8A1CEF45AB4092FCE5058B962050EB1C9E4B3585F0E19B9F30578","True"
"projects/04-software-timers/course/02_FreeRTOS_timer/Firmware/GD32F4xx_standard_peripheral/Include/gd32f4xx_crc.h","4870F145AEEC968F3A7A0A5068105591E1ADEB9A37A5E47FDCC9D27D7D3AFBD6","4870F145AEEC968F3A7A0A5068105591E1ADEB9A37A5E47FDCC9D27D7D3AFBD6","True"
"projects/04-software-timers/course/02_FreeRTOS_timer/Firmware/GD32F4xx_standard_peripheral/Include/gd32f4xx_ctc.h","900AB7D5F9C585834166A58966C8D523FF91D410066D00BBED3E6522C25782D7","900AB7D5F9C585834166A58966C8D523FF91D410066D00BBED3E6522C25782D7","True"
"projects/04-software-timers/course/02_FreeRTOS_timer/Firmware/GD32F4xx_standard_peripheral/Include/gd32f4xx_dac.h","86057CC0C52A32F955A12F47ABA1E4997AC2DABA13B10A686D8777579F638AFB","86057CC0C52A32F955A12F47ABA1E4997AC2DABA13B10A686D8777579F638AFB","True"
"projects/04-software-timers/course/02_FreeRTOS_timer/Firmware/GD32F4xx_standard_peripheral/Include/gd32f4xx_dbg.h","21A089B5880F1D101116BD37EAAC7A085A103901A40900E75941130D901B150E","21A089B5880F1D101116BD37EAAC7A085A103901A40900E75941130D901B150E","True"
"projects/04-software-timers/course/02_FreeRTOS_timer/Firmware/GD32F4xx_standard_peripheral/Include/gd32f4xx_dci.h","787F449F0B2EBA5BBCC92B0D50899FA668CEA6ED9CCAB3960EBA0B2253CC7748","787F449F0B2EBA5BBCC92B0D50899FA668CEA6ED9CCAB3960EBA0B2253CC7748","True"
"projects/04-software-timers/course/02_FreeRTOS_timer/Firmware/GD32F4xx_standard_peripheral/Include/gd32f4xx_dma.h","F358957EBF98C4C449480A088E349CDAC2716394C24FA4111DE08B06FCDC5094","F358957EBF98C4C449480A088E349CDAC2716394C24FA4111DE08B06FCDC5094","True"
"projects/04-software-timers/course/02_FreeRTOS_timer/Firmware/GD32F4xx_standard_peripheral/Include/gd32f4xx_enet.h","2BDBC2BE9B0E3BA398DEEAB38021442A2CFEEDFF21FC353CF3B16C717A2CDF9B","2BDBC2BE9B0E3BA398DEEAB38021442A2CFEEDFF21FC353CF3B16C717A2CDF9B","True"
"projects/04-software-timers/course/02_FreeRTOS_timer/Firmware/GD32F4xx_standard_peripheral/Include/gd32f4xx_exmc.h","68482B678DD868085A6BE6317EEC18873D43F895936E503487E843E561A0D55E","68482B678DD868085A6BE6317EEC18873D43F895936E503487E843E561A0D55E","True"
"projects/04-software-timers/course/02_FreeRTOS_timer/Firmware/GD32F4xx_standard_peripheral/Include/gd32f4xx_exti.h","705948F029F63A5995D9849A60E417D6210ECE34C8E942C76A2D4E7A2B927426","705948F029F63A5995D9849A60E417D6210ECE34C8E942C76A2D4E7A2B927426","True"
"projects/04-software-timers/course/02_FreeRTOS_timer/Firmware/GD32F4xx_standard_peripheral/Include/gd32f4xx_fmc.h","5A5D9F0B1CE1E7486206130F80048F81A6D3E9E6337BF0A4C69D4A1D5EDC9F7E","5A5D9F0B1CE1E7486206130F80048F81A6D3E9E6337BF0A4C69D4A1D5EDC9F7E","True"
"projects/04-software-timers/course/02_FreeRTOS_timer/Firmware/GD32F4xx_standard_peripheral/Include/gd32f4xx_fwdgt.h","04CB4EE0D6526910CF9CA8BEFC437FC6DF3FDFE09FB0BC418AB7EA5C19611A50","04CB4EE0D6526910CF9CA8BEFC437FC6DF3FDFE09FB0BC418AB7EA5C19611A50","True"
"projects/04-software-timers/course/02_FreeRTOS_timer/Firmware/GD32F4xx_standard_peripheral/Include/gd32f4xx_gpio.h","A20501A28644BF45B8E3C4AB2A7237466805C1480B06E7D6C8585296D7F08787","A20501A28644BF45B8E3C4AB2A7237466805C1480B06E7D6C8585296D7F08787","True"
"projects/04-software-timers/course/02_FreeRTOS_timer/Firmware/GD32F4xx_standard_peripheral/Include/gd32f4xx_i2c.h","6CF4053E2452263CDFCB98DA0832CE1F2F1B0380C1BEA5D4284C1DF0D5CBBB05","6CF4053E2452263CDFCB98DA0832CE1F2F1B0380C1BEA5D4284C1DF0D5CBBB05","True"
"projects/04-software-timers/course/02_FreeRTOS_timer/Firmware/GD32F4xx_standard_peripheral/Include/gd32f4xx_ipa.h","1AD22068402E09BAE4117E637ED972FCD7452751CCBE01C7829AEA7DF45AE8AE","1AD22068402E09BAE4117E637ED972FCD7452751CCBE01C7829AEA7DF45AE8AE","True"
"projects/04-software-timers/course/02_FreeRTOS_timer/Firmware/GD32F4xx_standard_peripheral/Include/gd32f4xx_iref.h","D9D1E67FD4473F44B2F7E22BB78C3DFA9B5109D083AF1B0FDC63EC657B241C4A","D9D1E67FD4473F44B2F7E22BB78C3DFA9B5109D083AF1B0FDC63EC657B241C4A","True"
"projects/04-software-timers/course/02_FreeRTOS_timer/Firmware/GD32F4xx_standard_peripheral/Include/gd32f4xx_misc.h","0A918F830F0200C0E806DFB50594259783E69D8ADBC27708705567F7193D35FB","0A918F830F0200C0E806DFB50594259783E69D8ADBC27708705567F7193D35FB","True"
"projects/04-software-timers/course/02_FreeRTOS_timer/Firmware/GD32F4xx_standard_peripheral/Include/gd32f4xx_pmu.h","B9A72B6E42083EFD170C0C5FBE579C5D6417F9BBF674DB36041BE96FCBD84636","B9A72B6E42083EFD170C0C5FBE579C5D6417F9BBF674DB36041BE96FCBD84636","True"
"projects/04-software-timers/course/02_FreeRTOS_timer/Firmware/GD32F4xx_standard_peripheral/Include/gd32f4xx_rcu.h","AC2B2AE653EDC89E674EDA24E1CFE8B511B73984AE0CABED3DF60BA61F8EEF08","AC2B2AE653EDC89E674EDA24E1CFE8B511B73984AE0CABED3DF60BA61F8EEF08","True"
"projects/04-software-timers/course/02_FreeRTOS_timer/Firmware/GD32F4xx_standard_peripheral/Include/gd32f4xx_rtc.h","1798B1B495683096D4491CF0F854957D2AD60612F65A801ED0E7A4BEE49FA549","1798B1B495683096D4491CF0F854957D2AD60612F65A801ED0E7A4BEE49FA549","True"
"projects/04-software-timers/course/02_FreeRTOS_timer/Firmware/GD32F4xx_standard_peripheral/Include/gd32f4xx_sdio.h","8D6813EFC565E3085611D767EA4E670E0C76A256C6F17FC93F313BCB11D0385A","8D6813EFC565E3085611D767EA4E670E0C76A256C6F17FC93F313BCB11D0385A","True"
"projects/04-software-timers/course/02_FreeRTOS_timer/Firmware/GD32F4xx_standard_peripheral/Include/gd32f4xx_spi.h","4C6360C8FE58D4A38E4870BCBA17630857551D3EC7B4BD3DDEB5085C31240B1C","4C6360C8FE58D4A38E4870BCBA17630857551D3EC7B4BD3DDEB5085C31240B1C","True"
"projects/04-software-timers/course/02_FreeRTOS_timer/Firmware/GD32F4xx_standard_peripheral/Include/gd32f4xx_syscfg.h","5060FEF0A07A3FC1396A31F09F95FE1D134F8A1FB1581E3DD98BB6078108C447","5060FEF0A07A3FC1396A31F09F95FE1D134F8A1FB1581E3DD98BB6078108C447","True"
"projects/04-software-timers/course/02_FreeRTOS_timer/Firmware/GD32F4xx_standard_peripheral/Include/gd32f4xx_timer.h","7A79F81F1D862A1B49F23BFE05B1AC751A71E761B6E63C2DFFABE6C7BC69AC49","7A79F81F1D862A1B49F23BFE05B1AC751A71E761B6E63C2DFFABE6C7BC69AC49","True"
"projects/04-software-timers/course/02_FreeRTOS_timer/Firmware/GD32F4xx_standard_peripheral/Include/gd32f4xx_tli.h","1B94EA157AC8CE2FED962B0C4FF95B6702C6194300AA51B04C3AAFE493768D2A","1B94EA157AC8CE2FED962B0C4FF95B6702C6194300AA51B04C3AAFE493768D2A","True"
"projects/04-software-timers/course/02_FreeRTOS_timer/Firmware/GD32F4xx_standard_peripheral/Include/gd32f4xx_trng.h","91E2BB5AFFEFA65F90927FAD795FAA0F4204516284ECA38E461506F0CD9CA924","91E2BB5AFFEFA65F90927FAD795FAA0F4204516284ECA38E461506F0CD9CA924","True"
"projects/04-software-timers/course/02_FreeRTOS_timer/Firmware/GD32F4xx_standard_peripheral/Include/gd32f4xx_usart.h","6CF40E957A1216C99E3663D667DE1944C42272897011834BF20ADCD97E791074","6CF40E957A1216C99E3663D667DE1944C42272897011834BF20ADCD97E791074","True"
"projects/04-software-timers/course/02_FreeRTOS_timer/Firmware/GD32F4xx_standard_peripheral/Include/gd32f4xx_wwdgt.h","01EECFC98B4507AEB8F0AFBE7D994EA0A617A79E5D4EB2D1D4A85979BA014EFE","01EECFC98B4507AEB8F0AFBE7D994EA0A617A79E5D4EB2D1D4A85979BA014EFE","True"
"projects/04-software-timers/course/02_FreeRTOS_timer/Firmware/GD32F4xx_standard_peripheral/Source/gd32f4xx_adc.c","8A5C91EC7A397B53EFD086646674D273ECE00F36C9610AB50715FE1521BA4112","8A5C91EC7A397B53EFD086646674D273ECE00F36C9610AB50715FE1521BA4112","True"
"projects/04-software-timers/course/02_FreeRTOS_timer/Firmware/GD32F4xx_standard_peripheral/Source/gd32f4xx_can.c","CE0E343B00856972EABACCC1F4D88C051796A8D1E30C4596312FC29A533DB8BA","CE0E343B00856972EABACCC1F4D88C051796A8D1E30C4596312FC29A533DB8BA","True"
"projects/04-software-timers/course/02_FreeRTOS_timer/Firmware/GD32F4xx_standard_peripheral/Source/gd32f4xx_crc.c","C14034159E72E082AA70E2A8CBA60FFCF950B63D75AE467706632F32EC00F315","C14034159E72E082AA70E2A8CBA60FFCF950B63D75AE467706632F32EC00F315","True"
"projects/04-software-timers/course/02_FreeRTOS_timer/Firmware/GD32F4xx_standard_peripheral/Source/gd32f4xx_ctc.c","07F4A6385C6FFB2E18ECF95DAAE6A431FB91262FA988835A249A64F4002280A1","07F4A6385C6FFB2E18ECF95DAAE6A431FB91262FA988835A249A64F4002280A1","True"
"projects/04-software-timers/course/02_FreeRTOS_timer/Firmware/GD32F4xx_standard_peripheral/Source/gd32f4xx_dac.c","ACE5C99F1E2774D955CA4E4D5D6E81B2D831F718098487EA3E8C2C34C960E160","ACE5C99F1E2774D955CA4E4D5D6E81B2D831F718098487EA3E8C2C34C960E160","True"
"projects/04-software-timers/course/02_FreeRTOS_timer/Firmware/GD32F4xx_standard_peripheral/Source/gd32f4xx_dbg.c","6EEC659FD6B5C549226BAE8E9C9C78785B064D557434189BB221287D550FE291","6EEC659FD6B5C549226BAE8E9C9C78785B064D557434189BB221287D550FE291","True"
"projects/04-software-timers/course/02_FreeRTOS_timer/Firmware/GD32F4xx_standard_peripheral/Source/gd32f4xx_dci.c","B99613D9A21A02DD39117F30B9A488B859209AB3489DCFDE7361D147CDF76516","B99613D9A21A02DD39117F30B9A488B859209AB3489DCFDE7361D147CDF76516","True"
"projects/04-software-timers/course/02_FreeRTOS_timer/Firmware/GD32F4xx_standard_peripheral/Source/gd32f4xx_dma.c","2D943A169ABABCC22CBC6C41665F5CE375C30B63005954E1D34BB3218CB63FAF","2D943A169ABABCC22CBC6C41665F5CE375C30B63005954E1D34BB3218CB63FAF","True"
"projects/04-software-timers/course/02_FreeRTOS_timer/Firmware/GD32F4xx_standard_peripheral/Source/gd32f4xx_enet.c","3051E8737C463D23D07B9C9AD937BC7C488BB573738B2313982870DAA670E87E","3051E8737C463D23D07B9C9AD937BC7C488BB573738B2313982870DAA670E87E","True"
"projects/04-software-timers/course/02_FreeRTOS_timer/Firmware/GD32F4xx_standard_peripheral/Source/gd32f4xx_exmc.c","E4A79B377C89D9EB8BD5BE101E273AD5EFBA0C2A24FB4621AB7BC124BEEEAEBF","E4A79B377C89D9EB8BD5BE101E273AD5EFBA0C2A24FB4621AB7BC124BEEEAEBF","True"
"projects/04-software-timers/course/02_FreeRTOS_timer/Firmware/GD32F4xx_standard_peripheral/Source/gd32f4xx_exti.c","FCE4A7ECA93486D71A9E5758642F2282AE7F8805DBB559312837A0B17577FE58","FCE4A7ECA93486D71A9E5758642F2282AE7F8805DBB559312837A0B17577FE58","True"
"projects/04-software-timers/course/02_FreeRTOS_timer/Firmware/GD32F4xx_standard_peripheral/Source/gd32f4xx_fmc.c","15408829D2405432FC8ED73D5D8C6BBB1E6C74540F1B817983BABD62E22CAB16","15408829D2405432FC8ED73D5D8C6BBB1E6C74540F1B817983BABD62E22CAB16","True"
"projects/04-software-timers/course/02_FreeRTOS_timer/Firmware/GD32F4xx_standard_peripheral/Source/gd32f4xx_fwdgt.c","05B67D15069CED6F0472E4115ECD16064402E0D6220561499000025A8CD189B7","05B67D15069CED6F0472E4115ECD16064402E0D6220561499000025A8CD189B7","True"
"projects/04-software-timers/course/02_FreeRTOS_timer/Firmware/GD32F4xx_standard_peripheral/Source/gd32f4xx_gpio.c","262BEFE864D5DA3BADA64D0B3DAB29E5C2747E46B154EDE8BCAB0B788DB614E0","262BEFE864D5DA3BADA64D0B3DAB29E5C2747E46B154EDE8BCAB0B788DB614E0","True"
"projects/04-software-timers/course/02_FreeRTOS_timer/Firmware/GD32F4xx_standard_peripheral/Source/gd32f4xx_i2c.c","8EDFAF1A8F0BF2833923D0072FE1B9D0467382B3EC1D243E918D0DE9711CCCD2","8EDFAF1A8F0BF2833923D0072FE1B9D0467382B3EC1D243E918D0DE9711CCCD2","True"
"projects/04-software-timers/course/02_FreeRTOS_timer/Firmware/GD32F4xx_standard_peripheral/Source/gd32f4xx_ipa.c","38A8350304763C1C83B4D2341F6782B090CA09ABE541AC360089B5CB454BCF57","38A8350304763C1C83B4D2341F6782B090CA09ABE541AC360089B5CB454BCF57","True"
"projects/04-software-timers/course/02_FreeRTOS_timer/Firmware/GD32F4xx_standard_peripheral/Source/gd32f4xx_iref.c","24F2FCFCD20882FD3E65773A281A827BF5391A0A8054324EEF7C98BB3F2B9B80","24F2FCFCD20882FD3E65773A281A827BF5391A0A8054324EEF7C98BB3F2B9B80","True"
"projects/04-software-timers/course/02_FreeRTOS_timer/Firmware/GD32F4xx_standard_peripheral/Source/gd32f4xx_misc.c","1CD262F295155428C25DEDC69BFBAB99F7A99DE09E0B602ECA1F2C6017CFE2DA","1CD262F295155428C25DEDC69BFBAB99F7A99DE09E0B602ECA1F2C6017CFE2DA","True"
"projects/04-software-timers/course/02_FreeRTOS_timer/Firmware/GD32F4xx_standard_peripheral/Source/gd32f4xx_pmu.c","DAFA94838A55132E3313234C5AC2BE6172116DC26574347363D554EFFB186D79","DAFA94838A55132E3313234C5AC2BE6172116DC26574347363D554EFFB186D79","True"
"projects/04-software-timers/course/02_FreeRTOS_timer/Firmware/GD32F4xx_standard_peripheral/Source/gd32f4xx_rcu.c","6C1030EB58EC7CB9C41E2A1FF31DDEF87F70DD083222327978234004C4E95B98","6C1030EB58EC7CB9C41E2A1FF31DDEF87F70DD083222327978234004C4E95B98","True"
"projects/04-software-timers/course/02_FreeRTOS_timer/Firmware/GD32F4xx_standard_peripheral/Source/gd32f4xx_rtc.c","EEA5BCB92C88A7BAB9F3740F8E9408236412A546B03A5467F21B0F94A01183E7","EEA5BCB92C88A7BAB9F3740F8E9408236412A546B03A5467F21B0F94A01183E7","True"
"projects/04-software-timers/course/02_FreeRTOS_timer/Firmware/GD32F4xx_standard_peripheral/Source/gd32f4xx_sdio.c","9D8F3E488C74C44A30C4D0BBB9CD8D86555D898CA9C36F259CE57609959B9854","9D8F3E488C74C44A30C4D0BBB9CD8D86555D898CA9C36F259CE57609959B9854","True"
"projects/04-software-timers/course/02_FreeRTOS_timer/Firmware/GD32F4xx_standard_peripheral/Source/gd32f4xx_spi.c","CE06438E9AD5882A0FCA88DFE658DD925ED3320BA574C2797E2F93ACF6142459","CE06438E9AD5882A0FCA88DFE658DD925ED3320BA574C2797E2F93ACF6142459","True"
"projects/04-software-timers/course/02_FreeRTOS_timer/Firmware/GD32F4xx_standard_peripheral/Source/gd32f4xx_syscfg.c","51A7A5E70F3064424CC6E2F6A06942B47ADAAC8C36A6612EE08B1643557B3CA3","51A7A5E70F3064424CC6E2F6A06942B47ADAAC8C36A6612EE08B1643557B3CA3","True"
"projects/04-software-timers/course/02_FreeRTOS_timer/Firmware/GD32F4xx_standard_peripheral/Source/gd32f4xx_timer.c","3961465CF6BA39554E34C02183C50676A4AB9B3991A6AAD32D271754B2506B14","3961465CF6BA39554E34C02183C50676A4AB9B3991A6AAD32D271754B2506B14","True"
"projects/04-software-timers/course/02_FreeRTOS_timer/Firmware/GD32F4xx_standard_peripheral/Source/gd32f4xx_tli.c","881A02E692AFD4A0B6848A929B0B8C79148911AD7543CF611287C45E82372541","881A02E692AFD4A0B6848A929B0B8C79148911AD7543CF611287C45E82372541","True"
"projects/04-software-timers/course/02_FreeRTOS_timer/Firmware/GD32F4xx_standard_peripheral/Source/gd32f4xx_trng.c","BA9093D046A01C997AA54D2DE9F663E8AF32FB9E53C950CFC640F1033FCD6C53","BA9093D046A01C997AA54D2DE9F663E8AF32FB9E53C950CFC640F1033FCD6C53","True"
"projects/04-software-timers/course/02_FreeRTOS_timer/Firmware/GD32F4xx_standard_peripheral/Source/gd32f4xx_usart.c","F67FA54D9C9537317BE92D95FD880A394D9ABE98DF708E5AA821FBFA392AE9B0","F67FA54D9C9537317BE92D95FD880A394D9ABE98DF708E5AA821FBFA392AE9B0","True"
"projects/04-software-timers/course/02_FreeRTOS_timer/Firmware/GD32F4xx_standard_peripheral/Source/gd32f4xx_wwdgt.c","0ED39DE6F0101E10DDCB476E6EF21C44D2282D4F689D0D0D70F9E04940E6F0FE","0ED39DE6F0101E10DDCB476E6EF21C44D2282D4F689D0D0D70F9E04940E6F0FE","True"
"projects/04-software-timers/course/02_FreeRTOS_timer/Firmware/GD32F4xx_usb_library/device/class/audio/Include/audio_core.h","D4550583AD93FB3EED7D288FB84CA5E1B57269E088FB073E541A666B636FEC00","D4550583AD93FB3EED7D288FB84CA5E1B57269E088FB073E541A666B636FEC00","True"
"projects/04-software-timers/course/02_FreeRTOS_timer/Firmware/GD32F4xx_usb_library/device/class/audio/Include/audio_out_itf.h","77FB54DEA6431AF26C1DE2B1CCFB8186FAC92519D817556FE6B31FDE7947310B","77FB54DEA6431AF26C1DE2B1CCFB8186FAC92519D817556FE6B31FDE7947310B","True"
"projects/04-software-timers/course/02_FreeRTOS_timer/Firmware/GD32F4xx_usb_library/device/class/audio/Source/audio_core.c","E134ABAB42ADA7E2D9C6BAD56032F4358FBD37B82E3861496BFE8DC7B4263D32","E134ABAB42ADA7E2D9C6BAD56032F4358FBD37B82E3861496BFE8DC7B4263D32","True"
"projects/04-software-timers/course/02_FreeRTOS_timer/Firmware/GD32F4xx_usb_library/device/class/audio/Source/audio_out_itf.c","33F0490E4B3CE2315D51257BB877A233BA7293BF83F1272113382989476B887B","33F0490E4B3CE2315D51257BB877A233BA7293BF83F1272113382989476B887B","True"
"projects/04-software-timers/course/02_FreeRTOS_timer/Firmware/GD32F4xx_usb_library/device/class/cdc/Include/cdc_acm_core.h","58A53B46A222A4CA1B4F35901A48555A22FF6C8EF95DCB23E651A64512A0B8EC","58A53B46A222A4CA1B4F35901A48555A22FF6C8EF95DCB23E651A64512A0B8EC","True"
"projects/04-software-timers/course/02_FreeRTOS_timer/Firmware/GD32F4xx_usb_library/device/class/cdc/Source/cdc_acm_core.c","92F6D272CB501A2E0E8020A5C7C3FDBF3F6267044A5F00C248A53BDC23867E71","92F6D272CB501A2E0E8020A5C7C3FDBF3F6267044A5F00C248A53BDC23867E71","True"
"projects/04-software-timers/course/02_FreeRTOS_timer/Firmware/GD32F4xx_usb_library/device/class/dfu/Include/dfu_core.h","B074E46C11DFC3D6F057E7C91263A7894A8598F5AD27062A8F0C737739F0AC4B","B074E46C11DFC3D6F057E7C91263A7894A8598F5AD27062A8F0C737739F0AC4B","True"
"projects/04-software-timers/course/02_FreeRTOS_timer/Firmware/GD32F4xx_usb_library/device/class/dfu/Include/dfu_mem.h","EE0FA900E1595041DB2524E57A7684A911AFEC27BD737544CB8ACC1A419B54F3","EE0FA900E1595041DB2524E57A7684A911AFEC27BD737544CB8ACC1A419B54F3","True"
"projects/04-software-timers/course/02_FreeRTOS_timer/Firmware/GD32F4xx_usb_library/device/class/dfu/Source/dfu_core.c","EE0B61F48E523F816E1977AB5667701D4A30C9D7994809DAEC56A6C22B6B23F2","EE0B61F48E523F816E1977AB5667701D4A30C9D7994809DAEC56A6C22B6B23F2","True"
"projects/04-software-timers/course/02_FreeRTOS_timer/Firmware/GD32F4xx_usb_library/device/class/dfu/Source/dfu_mem.c","1740852FD0411642AAD47BF10951D51DE5338CA02239C634C4A28211CC0B6BD5","1740852FD0411642AAD47BF10951D51DE5338CA02239C634C4A28211CC0B6BD5","True"
"projects/04-software-timers/course/02_FreeRTOS_timer/Firmware/GD32F4xx_usb_library/device/class/hid/Include/custom_hid_core.h","3D8630539B539B75241B088BA5CB2BD6A6377EBE6A0C026E14E4D9F618149F3C","3D8630539B539B75241B088BA5CB2BD6A6377EBE6A0C026E14E4D9F618149F3C","True"
"projects/04-software-timers/course/02_FreeRTOS_timer/Firmware/GD32F4xx_usb_library/device/class/hid/Include/standard_hid_core.h","B43958E8EF0BB4E5939D1B1279F2B4D25791ABD357C51504FB08C6BF5CDE5A55","B43958E8EF0BB4E5939D1B1279F2B4D25791ABD357C51504FB08C6BF5CDE5A55","True"
"projects/04-software-timers/course/02_FreeRTOS_timer/Firmware/GD32F4xx_usb_library/device/class/hid/Source/custom_hid_core.c","E31D924422097B600884693E2CFB38C20E4215861DFC8BBDFF3058C9A9133668","E31D924422097B600884693E2CFB38C20E4215861DFC8BBDFF3058C9A9133668","True"
"projects/04-software-timers/course/02_FreeRTOS_timer/Firmware/GD32F4xx_usb_library/device/class/hid/Source/standard_hid_core.c","976542C7FC8C038846C71E4C5E6755B3C9364C8C09425F671FA694F1F14889A1","976542C7FC8C038846C71E4C5E6755B3C9364C8C09425F671FA694F1F14889A1","True"
"projects/04-software-timers/course/02_FreeRTOS_timer/Firmware/GD32F4xx_usb_library/device/class/iap/Include/usb_iap_core.h","0C5491567E7452BE4CDC0099BC8F6E5B6ACA7B9C273FDB95647264938337C163","0C5491567E7452BE4CDC0099BC8F6E5B6ACA7B9C273FDB95647264938337C163","True"
"projects/04-software-timers/course/02_FreeRTOS_timer/Firmware/GD32F4xx_usb_library/device/class/iap/Source/usb_iap_core.c","B48D8EDB4882F57E2EE0B7CD17D94A4EA574BBFDB3EF72F35355FB7B8CBF374D","B48D8EDB4882F57E2EE0B7CD17D94A4EA574BBFDB3EF72F35355FB7B8CBF374D","True"
"projects/04-software-timers/course/02_FreeRTOS_timer/Firmware/GD32F4xx_usb_library/device/class/msc/Include/usbd_msc_bbb.h","FCE4E4A9E17E3C7AD6EF23BF6284354B3C1E0BC79E2E3D8C51C00C7CBA88598F","FCE4E4A9E17E3C7AD6EF23BF6284354B3C1E0BC79E2E3D8C51C00C7CBA88598F","True"
"projects/04-software-timers/course/02_FreeRTOS_timer/Firmware/GD32F4xx_usb_library/device/class/msc/Include/usbd_msc_core.h","1B56E50C7F78BD46CC86E131565DA5A3CA050901171A99D33526283996D0062C","1B56E50C7F78BD46CC86E131565DA5A3CA050901171A99D33526283996D0062C","True"
"projects/04-software-timers/course/02_FreeRTOS_timer/Firmware/GD32F4xx_usb_library/device/class/msc/Include/usbd_msc_mem.h","4219910F0D5565CBF2CB7DE2191FFFAD41F01F9903EC160827C6F441FC9FE241","4219910F0D5565CBF2CB7DE2191FFFAD41F01F9903EC160827C6F441FC9FE241","True"
"projects/04-software-timers/course/02_FreeRTOS_timer/Firmware/GD32F4xx_usb_library/device/class/msc/Include/usbd_msc_scsi.h","8A843A759A5D1013DB6524B1547453013DA00C202F03A7011B604C8E79F96A2D","8A843A759A5D1013DB6524B1547453013DA00C202F03A7011B604C8E79F96A2D","True"
"projects/04-software-timers/course/02_FreeRTOS_timer/Firmware/GD32F4xx_usb_library/device/class/msc/Source/usbd_msc_bbb.c","D613ECDDAB72A03DE672E4669F2549F5CE93259C09819FCBD78DB49DBBEFA4A5","D613ECDDAB72A03DE672E4669F2549F5CE93259C09819FCBD78DB49DBBEFA4A5","True"
"projects/04-software-timers/course/02_FreeRTOS_timer/Firmware/GD32F4xx_usb_library/device/class/msc/Source/usbd_msc_core.c","5C5983C2884B08AA4A480B29929E20A502741C56CEFD717E48A6FE5C807BBB5C","5C5983C2884B08AA4A480B29929E20A502741C56CEFD717E48A6FE5C807BBB5C","True"
"projects/04-software-timers/course/02_FreeRTOS_timer/Firmware/GD32F4xx_usb_library/device/class/msc/Source/usbd_msc_scsi.c","062E1DF310C0FEED9372585E09D4A317F65B8E0E03BD70C14AA7418A99C5EFFD","062E1DF310C0FEED9372585E09D4A317F65B8E0E03BD70C14AA7418A99C5EFFD","True"
"projects/04-software-timers/course/02_FreeRTOS_timer/Firmware/GD32F4xx_usb_library/device/class/printer/Include/printer_core.h","4231DAE7349CC3643150EC1E90A5CEFB4ADF23ADC0314E82EF001BDFCD7D7E8C","4231DAE7349CC3643150EC1E90A5CEFB4ADF23ADC0314E82EF001BDFCD7D7E8C","True"
"projects/04-software-timers/course/02_FreeRTOS_timer/Firmware/GD32F4xx_usb_library/device/class/printer/Source/printer_core.c","93EB77FF7A45DA1424244E1FFA25755A259E43B815D00B14C319BEC17A079831","93EB77FF7A45DA1424244E1FFA25755A259E43B815D00B14C319BEC17A079831","True"
"projects/04-software-timers/course/02_FreeRTOS_timer/Firmware/GD32F4xx_usb_library/device/core/Include/usbd_core.h","A205D78D7C4299519538D5057744916BCB5459EC963BFBD6AA42101197B15041","A205D78D7C4299519538D5057744916BCB5459EC963BFBD6AA42101197B15041","True"
"projects/04-software-timers/course/02_FreeRTOS_timer/Firmware/GD32F4xx_usb_library/device/core/Include/usbd_enum.h","9DE97ED85BA71120379BF876FAF752FA7900784D1614C18D1E9ECEA6C7E2C897","9DE97ED85BA71120379BF876FAF752FA7900784D1614C18D1E9ECEA6C7E2C897","True"
"projects/04-software-timers/course/02_FreeRTOS_timer/Firmware/GD32F4xx_usb_library/device/core/Include/usbd_transc.h","7598A18B6AA5696B7D15C3F8DA6F0F04C37BCA44D48C86FD5A7BD92850A17681","7598A18B6AA5696B7D15C3F8DA6F0F04C37BCA44D48C86FD5A7BD92850A17681","True"
"projects/04-software-timers/course/02_FreeRTOS_timer/Firmware/GD32F4xx_usb_library/device/core/Source/usbd_core.c","74A04240E3912EF2D959396250678FF65E41A6D65E4C92CDDB7BABEBC646A12F","74A04240E3912EF2D959396250678FF65E41A6D65E4C92CDDB7BABEBC646A12F","True"
"projects/04-software-timers/course/02_FreeRTOS_timer/Firmware/GD32F4xx_usb_library/device/core/Source/usbd_enum.c","07C9D4AF518D9659D3696A574638D2238413C849345915F347B1CE91C02A81EE","07C9D4AF518D9659D3696A574638D2238413C849345915F347B1CE91C02A81EE","True"
"projects/04-software-timers/course/02_FreeRTOS_timer/Firmware/GD32F4xx_usb_library/device/core/Source/usbd_transc.c","CE5E569F4CBB0918250C03000276FD987E116E69F489EEC7B049B790A5A87F37","CE5E569F4CBB0918250C03000276FD987E116E69F489EEC7B049B790A5A87F37","True"
"projects/04-software-timers/course/02_FreeRTOS_timer/Firmware/GD32F4xx_usb_library/driver/Include/drv_usb_core.h","D7957D291F199B35772CE89782B17558BCC73B935F66F80C5B7FBE16DDBA5875","D7957D291F199B35772CE89782B17558BCC73B935F66F80C5B7FBE16DDBA5875","True"
"projects/04-software-timers/course/02_FreeRTOS_timer/Firmware/GD32F4xx_usb_library/driver/Include/drv_usb_dev.h","CAF5D56EBAFDBA9FC9F167418A1616E4291B112EDBF47A8654BD9A98F8C17B9A","CAF5D56EBAFDBA9FC9F167418A1616E4291B112EDBF47A8654BD9A98F8C17B9A","True"
"projects/04-software-timers/course/02_FreeRTOS_timer/Firmware/GD32F4xx_usb_library/driver/Include/drv_usb_host.h","FB4056A260F60FDA977AB1139EBFCF00E53B5C3E697FDDA573B902A413BFFF14","FB4056A260F60FDA977AB1139EBFCF00E53B5C3E697FDDA573B902A413BFFF14","True"
"projects/04-software-timers/course/02_FreeRTOS_timer/Firmware/GD32F4xx_usb_library/driver/Include/drv_usb_hw.h","81DBB2D76CD496106998EAA694DA78184988C9618E06CFE573E5D6B5FA1C1F20","81DBB2D76CD496106998EAA694DA78184988C9618E06CFE573E5D6B5FA1C1F20","True"
"projects/04-software-timers/course/02_FreeRTOS_timer/Firmware/GD32F4xx_usb_library/driver/Include/drv_usb_regs.h","048A97F0FF66F557EE6A5E829F8AA0336D69E13E63151CF4D64092D0FF9606BA","048A97F0FF66F557EE6A5E829F8AA0336D69E13E63151CF4D64092D0FF9606BA","True"
"projects/04-software-timers/course/02_FreeRTOS_timer/Firmware/GD32F4xx_usb_library/driver/Include/drv_usbd_int.h","3B71749A04450BBEC4838039BC3C6482EE1D7ECB509B97DA5151F362F918A8F4","3B71749A04450BBEC4838039BC3C6482EE1D7ECB509B97DA5151F362F918A8F4","True"
"projects/04-software-timers/course/02_FreeRTOS_timer/Firmware/GD32F4xx_usb_library/driver/Include/drv_usbh_int.h","5268EE8F0ACCEE9C9E848AE421F3F1B83B8EFA72B8854F08A5756C16C3873997","5268EE8F0ACCEE9C9E848AE421F3F1B83B8EFA72B8854F08A5756C16C3873997","True"
"projects/04-software-timers/course/02_FreeRTOS_timer/Firmware/GD32F4xx_usb_library/driver/Source/drv_usb_core.c","B90492A8404BCBDCBBA9D31D38AD75D2D85B6014CCACF6EEA77B23F69CF5F623","B90492A8404BCBDCBBA9D31D38AD75D2D85B6014CCACF6EEA77B23F69CF5F623","True"
"projects/04-software-timers/course/02_FreeRTOS_timer/Firmware/GD32F4xx_usb_library/driver/Source/drv_usb_dev.c","93CA6CD491C5E0FEA197D5AC7F10BA23E6973543DA7AEED38BFC1AE3A0DC474B","93CA6CD491C5E0FEA197D5AC7F10BA23E6973543DA7AEED38BFC1AE3A0DC474B","True"
"projects/04-software-timers/course/02_FreeRTOS_timer/Firmware/GD32F4xx_usb_library/driver/Source/drv_usb_host.c","D9F6DE1A16C13351C6947A1D8C735A2FA2EF6495159EF75E8C84A903003853EA","D9F6DE1A16C13351C6947A1D8C735A2FA2EF6495159EF75E8C84A903003853EA","True"
"projects/04-software-timers/course/02_FreeRTOS_timer/Firmware/GD32F4xx_usb_library/driver/Source/drv_usbd_int.c","6D629C1B2EE8A05BD9C1B8E20F2664410AFC9608E9489CCAC5BE881D10D0A715","6D629C1B2EE8A05BD9C1B8E20F2664410AFC9608E9489CCAC5BE881D10D0A715","True"
"projects/04-software-timers/course/02_FreeRTOS_timer/Firmware/GD32F4xx_usb_library/driver/Source/drv_usbh_int.c","4D390034615DF35FB792026BD76844C922F387580E291039F1BC5F6B6C982486","4D390034615DF35FB792026BD76844C922F387580E291039F1BC5F6B6C982486","True"
"projects/04-software-timers/course/02_FreeRTOS_timer/Firmware/GD32F4xx_usb_library/host/class/hid/Include/usbh_hid_core.h","0DEC84719141C68389EC4F957111FB6DC21A5BE55159A808A9D4D20759E447AA","0DEC84719141C68389EC4F957111FB6DC21A5BE55159A808A9D4D20759E447AA","True"
"projects/04-software-timers/course/02_FreeRTOS_timer/Firmware/GD32F4xx_usb_library/host/class/hid/Include/usbh_standard_hid.h","9DFF3D162D5690F986145FC6A50E8BE49EE6EA57B0DF5DE92708173ECE1231A8","9DFF3D162D5690F986145FC6A50E8BE49EE6EA57B0DF5DE92708173ECE1231A8","True"
"projects/04-software-timers/course/02_FreeRTOS_timer/Firmware/GD32F4xx_usb_library/host/class/hid/Source/usbh_hid_core.c","2CDAFDF63EBB98A454A09ACC070B9C2E925C7EEC29AF318F1A8CE5F913C5D200","2CDAFDF63EBB98A454A09ACC070B9C2E925C7EEC29AF318F1A8CE5F913C5D200","True"
"projects/04-software-timers/course/02_FreeRTOS_timer/Firmware/GD32F4xx_usb_library/host/class/hid/Source/usbh_standard_hid.c","324F535D3213364159EF30D0AB69CB69472D94EE6A25F07D1C624D1B4BB315C3","324F535D3213364159EF30D0AB69CB69472D94EE6A25F07D1C624D1B4BB315C3","True"
"projects/04-software-timers/course/02_FreeRTOS_timer/Firmware/GD32F4xx_usb_library/host/class/msc/Include/usbh_msc_bbb.h","FE164E019DB850549FA0EDB8A4B2F0C38FF1C7540A834B935C91268D0E275FF8","FE164E019DB850549FA0EDB8A4B2F0C38FF1C7540A834B935C91268D0E275FF8","True"
"projects/04-software-timers/course/02_FreeRTOS_timer/Firmware/GD32F4xx_usb_library/host/class/msc/Include/usbh_msc_core.h","34B4B4AED85F332B815096EE4C39FBA67C77FEF1F9EB79FC470603568CBE2DC9","34B4B4AED85F332B815096EE4C39FBA67C77FEF1F9EB79FC470603568CBE2DC9","True"
"projects/04-software-timers/course/02_FreeRTOS_timer/Firmware/GD32F4xx_usb_library/host/class/msc/Include/usbh_msc_scsi.h","E6E8CA26D9A2ABFFE14A21AF356CB07C4058D9052DFD22B46205EC11884A867A","E6E8CA26D9A2ABFFE14A21AF356CB07C4058D9052DFD22B46205EC11884A867A","True"
"projects/04-software-timers/course/02_FreeRTOS_timer/Firmware/GD32F4xx_usb_library/host/class/msc/Source/usbh_msc_bbb.c","2A82AD623D78CCC1802D851AB7FB124D6ABB5DBEA980AA8C6517E26FF906E049","2A82AD623D78CCC1802D851AB7FB124D6ABB5DBEA980AA8C6517E26FF906E049","True"
"projects/04-software-timers/course/02_FreeRTOS_timer/Firmware/GD32F4xx_usb_library/host/class/msc/Source/usbh_msc_core.c","5DF338C15161E6C7A6424179245E0E373973B22E81DEA91111AD5613AE0C8690","5DF338C15161E6C7A6424179245E0E373973B22E81DEA91111AD5613AE0C8690","True"
"projects/04-software-timers/course/02_FreeRTOS_timer/Firmware/GD32F4xx_usb_library/host/class/msc/Source/usbh_msc_fatfs.c","8FD0C5B44F9AC0E35427803F9761E40A5297CAA2ACC078CB9FDE3C25BA4036B1","8FD0C5B44F9AC0E35427803F9761E40A5297CAA2ACC078CB9FDE3C25BA4036B1","True"
"projects/04-software-timers/course/02_FreeRTOS_timer/Firmware/GD32F4xx_usb_library/host/class/msc/Source/usbh_msc_scsi.c","45E6AD746800250C90834AC684D207DA486F3F0FDA8503284DEF2C537F952A85","45E6AD746800250C90834AC684D207DA486F3F0FDA8503284DEF2C537F952A85","True"
"projects/04-software-timers/course/02_FreeRTOS_timer/Firmware/GD32F4xx_usb_library/host/core/Include/usbh_core.h","8919B0DA3BC89862AC89DA53BD34CC4F8AF2F7ECEBF23493D3BC0980570EC67D","8919B0DA3BC89862AC89DA53BD34CC4F8AF2F7ECEBF23493D3BC0980570EC67D","True"
"projects/04-software-timers/course/02_FreeRTOS_timer/Firmware/GD32F4xx_usb_library/host/core/Include/usbh_enum.h","A08D6A471BE77A6BFDF916E166E4A95B49358F209E0708080E4A441D7D454897","A08D6A471BE77A6BFDF916E166E4A95B49358F209E0708080E4A441D7D454897","True"
"projects/04-software-timers/course/02_FreeRTOS_timer/Firmware/GD32F4xx_usb_library/host/core/Include/usbh_pipe.h","D1AA31749DB419F147E34BF1608F3C79D8846FC9067B138CE90DCC6D68A724B2","D1AA31749DB419F147E34BF1608F3C79D8846FC9067B138CE90DCC6D68A724B2","True"
"projects/04-software-timers/course/02_FreeRTOS_timer/Firmware/GD32F4xx_usb_library/host/core/Include/usbh_transc.h","B0A9300C836592E16782062A0D898645ADC64EFD21AD96F46B8EF6EBD876499C","B0A9300C836592E16782062A0D898645ADC64EFD21AD96F46B8EF6EBD876499C","True"
"projects/04-software-timers/course/02_FreeRTOS_timer/Firmware/GD32F4xx_usb_library/host/core/Source/usbh_core.c","2E61C1493A0F04D944A9B1E01924A57908552C5C5920F357DF984F098988DF08","2E61C1493A0F04D944A9B1E01924A57908552C5C5920F357DF984F098988DF08","True"
"projects/04-software-timers/course/02_FreeRTOS_timer/Firmware/GD32F4xx_usb_library/host/core/Source/usbh_enum.c","273217F6826C6D57A1D210D2A58974AE97A27E15951B98BE25BBCCDEA8133871","273217F6826C6D57A1D210D2A58974AE97A27E15951B98BE25BBCCDEA8133871","True"
"projects/04-software-timers/course/02_FreeRTOS_timer/Firmware/GD32F4xx_usb_library/host/core/Source/usbh_pipe.c","E8A4253E2A4224333C4343EE0FFD5F280C9875EF57702F44C1973CBD42EDD2E0","E8A4253E2A4224333C4343EE0FFD5F280C9875EF57702F44C1973CBD42EDD2E0","True"
"projects/04-software-timers/course/02_FreeRTOS_timer/Firmware/GD32F4xx_usb_library/host/core/Source/usbh_transc.c","CF1AE1FCF884275E82634538E997D8D24C31FBE959140909F5BB4E34BCA0BBEF","CF1AE1FCF884275E82634538E997D8D24C31FBE959140909F5BB4E34BCA0BBEF","True"
"projects/04-software-timers/course/02_FreeRTOS_timer/Firmware/GD32F4xx_usb_library/ustd/class/cdc/usb_cdc.h","FCD43C4F51573D30F01573E2D2856E0BE969C8FFD02D415AADFB69A595DECF4E","FCD43C4F51573D30F01573E2D2856E0BE969C8FFD02D415AADFB69A595DECF4E","True"
"projects/04-software-timers/course/02_FreeRTOS_timer/Firmware/GD32F4xx_usb_library/ustd/class/hid/usb_hid.h","F3C6A02D4FC46F9512465B6EB2951C8CDDB956AF73422AAB9D2A1BAFC69F2E7B","F3C6A02D4FC46F9512465B6EB2951C8CDDB956AF73422AAB9D2A1BAFC69F2E7B","True"
"projects/04-software-timers/course/02_FreeRTOS_timer/Firmware/GD32F4xx_usb_library/ustd/class/msc/msc_bbb.h","B884B8F8F7CFAF22512EDE7AE709B5F3591E126D2919AECF4E2B4D7EFEA1F5D6","B884B8F8F7CFAF22512EDE7AE709B5F3591E126D2919AECF4E2B4D7EFEA1F5D6","True"
"projects/04-software-timers/course/02_FreeRTOS_timer/Firmware/GD32F4xx_usb_library/ustd/class/msc/msc_scsi.h","8842CF305E996369687FA89568C9AEE3D46F745E1AEF6EB58B1A3F519F863631","8842CF305E996369687FA89568C9AEE3D46F745E1AEF6EB58B1A3F519F863631","True"
"projects/04-software-timers/course/02_FreeRTOS_timer/Firmware/GD32F4xx_usb_library/ustd/class/msc/usb_msc.h","E3C2A096085131687F121DE426EF9154F23CCC26E877129243A648FB8C90B216","E3C2A096085131687F121DE426EF9154F23CCC26E877129243A648FB8C90B216","True"
"projects/04-software-timers/course/02_FreeRTOS_timer/Firmware/GD32F4xx_usb_library/ustd/common/usb_ch9_std.h","B5249865F377709E456F76CA76CA5499ACE39BAD6A452832DBE535F1989C6D22","B5249865F377709E456F76CA76CA5499ACE39BAD6A452832DBE535F1989C6D22","True"
"projects/04-software-timers/course/02_FreeRTOS_timer/FreeRTOS/CMakeLists.txt","277777817A51C3B8548C84A61CF5341C43DA40769C833A05AD46FDBD6F7CEED7","277777817A51C3B8548C84A61CF5341C43DA40769C833A05AD46FDBD6F7CEED7","True"
"projects/04-software-timers/course/02_FreeRTOS_timer/FreeRTOS/croutine.c","EBF0CDCE261DC4A256C06C0D4AD2582E6026A6DA0E973D4CB92092E94CE8F370","EBF0CDCE261DC4A256C06C0D4AD2582E6026A6DA0E973D4CB92092E94CE8F370","True"
"projects/04-software-timers/course/02_FreeRTOS_timer/FreeRTOS/event_groups.c","76E967B14D231E4F31F014F1564F359A7BFD36BFA263EE6F437AFA8C056DF657","76E967B14D231E4F31F014F1564F359A7BFD36BFA263EE6F437AFA8C056DF657","True"
"projects/04-software-timers/course/02_FreeRTOS_timer/FreeRTOS/FreeRTOSConfig.h","39B67078D0BB8FD3849F2BB44091A07464B4877075443CB4F6D28AA464C8C05C","39B67078D0BB8FD3849F2BB44091A07464B4877075443CB4F6D28AA464C8C05C","True"
"projects/04-software-timers/course/02_FreeRTOS_timer/FreeRTOS/include/atomic.h","E6EB26727C6CD0A87E4DEC91CC55B2B1313CC3829E06662A0C73E62CAFD1E751","E6EB26727C6CD0A87E4DEC91CC55B2B1313CC3829E06662A0C73E62CAFD1E751","True"
"projects/04-software-timers/course/02_FreeRTOS_timer/FreeRTOS/include/croutine.h","CF52C15FA26A8D4F82B55909B75EBFE2AAB25468BA7780748912DDEAD9812B4E","CF52C15FA26A8D4F82B55909B75EBFE2AAB25468BA7780748912DDEAD9812B4E","True"
"projects/04-software-timers/course/02_FreeRTOS_timer/FreeRTOS/include/deprecated_definitions.h","35000A143464BBBD8DF7C9A6F066A64598A24DA5174A7BE33972E62BFBD75F4D","35000A143464BBBD8DF7C9A6F066A64598A24DA5174A7BE33972E62BFBD75F4D","True"
"projects/04-software-timers/course/02_FreeRTOS_timer/FreeRTOS/include/event_groups.h","7A38D7A3CE24BD2FF6C6003C94EEA7AA7972179B1F17C1A91374334C6069F027","7A38D7A3CE24BD2FF6C6003C94EEA7AA7972179B1F17C1A91374334C6069F027","True"
"projects/04-software-timers/course/02_FreeRTOS_timer/FreeRTOS/include/FreeRTOS.h","03E9C94ABA57E3CF7F4F73BC2D3EB4A96AE38F3425EEDB5450622CA286475A0B","03E9C94ABA57E3CF7F4F73BC2D3EB4A96AE38F3425EEDB5450622CA286475A0B","True"
"projects/04-software-timers/course/02_FreeRTOS_timer/FreeRTOS/include/list.h","DC572F54391C0407FC25DB360D912FCA9118CDDAE7BD2E3099EB13F18804E5A9","DC572F54391C0407FC25DB360D912FCA9118CDDAE7BD2E3099EB13F18804E5A9","True"
"projects/04-software-timers/course/02_FreeRTOS_timer/FreeRTOS/include/message_buffer.h","9A8141D3D6C8044A57D7E448180C9BD2ED32E45DED32BE288D095A39DCED91AB","9A8141D3D6C8044A57D7E448180C9BD2ED32E45DED32BE288D095A39DCED91AB","True"
"projects/04-software-timers/course/02_FreeRTOS_timer/FreeRTOS/include/mpu_prototypes.h","2B46A2511CE5D23A56BC83079333D8D0A2E33763E5829C9383252806887A3DC0","2B46A2511CE5D23A56BC83079333D8D0A2E33763E5829C9383252806887A3DC0","True"
"projects/04-software-timers/course/02_FreeRTOS_timer/FreeRTOS/include/mpu_wrappers.h","5014408CC33F0F616215F2B48C67B0D47CCC35BFD5F0044AC653B5BBC6CF5778","5014408CC33F0F616215F2B48C67B0D47CCC35BFD5F0044AC653B5BBC6CF5778","True"
"projects/04-software-timers/course/02_FreeRTOS_timer/FreeRTOS/include/portable.h","7ADE8F368002778C723B3C4E14084910B7225CD36363ED0C948E9EA36C6F251F","7ADE8F368002778C723B3C4E14084910B7225CD36363ED0C948E9EA36C6F251F","True"
"projects/04-software-timers/course/02_FreeRTOS_timer/FreeRTOS/include/projdefs.h","F1FA9FAA0D14851DFF86AACA00559F4B474E5F6D68772D0072842E25351D98B3","F1FA9FAA0D14851DFF86AACA00559F4B474E5F6D68772D0072842E25351D98B3","True"
"projects/04-software-timers/course/02_FreeRTOS_timer/FreeRTOS/include/queue.h","A3763E24A5A3A38413996FC8392EFD6ADD1D1EE3EF507FBA22DAF75682241FEB","A3763E24A5A3A38413996FC8392EFD6ADD1D1EE3EF507FBA22DAF75682241FEB","True"
"projects/04-software-timers/course/02_FreeRTOS_timer/FreeRTOS/include/semphr.h","C624E8CDFC07844D4CF35382F3CC908C872375C7A3048482BDC110BDA88CC4F2","C624E8CDFC07844D4CF35382F3CC908C872375C7A3048482BDC110BDA88CC4F2","True"
"projects/04-software-timers/course/02_FreeRTOS_timer/FreeRTOS/include/stack_macros.h","3CDDF2B3D47AE387E376AC75EB468F9D8FFB575D68C143E08D54AF4087474CCE","3CDDF2B3D47AE387E376AC75EB468F9D8FFB575D68C143E08D54AF4087474CCE","True"
"projects/04-software-timers/course/02_FreeRTOS_timer/FreeRTOS/include/StackMacros.h","6460E81C910496D51BC39011E35D17F5B5437B5DEB03F9E91222F796D8C8BF79","6460E81C910496D51BC39011E35D17F5B5437B5DEB03F9E91222F796D8C8BF79","True"
"projects/04-software-timers/course/02_FreeRTOS_timer/FreeRTOS/include/stream_buffer.h","B876D839460197D94D0F95FB93C6AEB457F6FC572D32258480FED7D4DE686B6B","B876D839460197D94D0F95FB93C6AEB457F6FC572D32258480FED7D4DE686B6B","True"
"projects/04-software-timers/course/02_FreeRTOS_timer/FreeRTOS/include/task.h","CB1B0BBCDC66E39BA3B5A09B3E2829A5D376B8990735980613514903A3C5F493","CB1B0BBCDC66E39BA3B5A09B3E2829A5D376B8990735980613514903A3C5F493","True"
"projects/04-software-timers/course/02_FreeRTOS_timer/FreeRTOS/include/timers.h","08D73A99380A1BA61376258C52F4FDDF5DF5B6DCBE0F86B0EA03F11A5CA58459","08D73A99380A1BA61376258C52F4FDDF5DF5B6DCBE0F86B0EA03F11A5CA58459","True"
"projects/04-software-timers/course/02_FreeRTOS_timer/FreeRTOS/list.c","DB5C169CF3EFD68DA1C6A923AC84EEBC724D602C940BDE0B9B5F01F05028FDE4","DB5C169CF3EFD68DA1C6A923AC84EEBC724D602C940BDE0B9B5F01F05028FDE4","True"
"projects/04-software-timers/course/02_FreeRTOS_timer/FreeRTOS/manifest.yml","F71AEBB742E00AD33F877B3B679B4C24CDB709D7980C3E7836438758DBAA0139","F71AEBB742E00AD33F877B3B679B4C24CDB709D7980C3E7836438758DBAA0139","True"
"projects/04-software-timers/course/02_FreeRTOS_timer/FreeRTOS/portable/GCC/ARM_CM4F/port.c","11F2202099ED9A73F5AE5EF9DAC414F6D9B257D6480BD9C9A1E38A71B3EE8D41","11F2202099ED9A73F5AE5EF9DAC414F6D9B257D6480BD9C9A1E38A71B3EE8D41","True"
"projects/04-software-timers/course/02_FreeRTOS_timer/FreeRTOS/portable/GCC/ARM_CM4F/portmacro.h","D569E2A29AF1C742B69CB16E15D256611FA7979BDA2B355E03426D3C40369E42","D569E2A29AF1C742B69CB16E15D256611FA7979BDA2B355E03426D3C40369E42","True"
"projects/04-software-timers/course/02_FreeRTOS_timer/FreeRTOS/portable/MemMang/heap_1.c","286E3FEE81C9107FC6DEC40405F500CABDCA56836D29747C182F0899BB8997FD","286E3FEE81C9107FC6DEC40405F500CABDCA56836D29747C182F0899BB8997FD","True"
"projects/04-software-timers/course/02_FreeRTOS_timer/FreeRTOS/portable/MemMang/heap_2.c","A7B035B9ED786593143C8317ACFB49DE21B6450F246036A72331593577E5408B","A7B035B9ED786593143C8317ACFB49DE21B6450F246036A72331593577E5408B","True"
"projects/04-software-timers/course/02_FreeRTOS_timer/FreeRTOS/portable/MemMang/heap_3.c","E2D5DBB3F3CCBADD8E7AE778F30C18D28B0532EBFE81B03AA6A20E3F75242853","E2D5DBB3F3CCBADD8E7AE778F30C18D28B0532EBFE81B03AA6A20E3F75242853","True"
"projects/04-software-timers/course/02_FreeRTOS_timer/FreeRTOS/portable/MemMang/heap_4.c","D48A51E34CAED771E6650D95F6C2527E52FDE2A6EBC6F83B49D003AEF0135E05","D48A51E34CAED771E6650D95F6C2527E52FDE2A6EBC6F83B49D003AEF0135E05","True"
"projects/04-software-timers/course/02_FreeRTOS_timer/FreeRTOS/portable/MemMang/heap_5.c","71B7988059E801A962DC76B956666AAB5564788D5AE437F590080DCB3FDF1881","71B7988059E801A962DC76B956666AAB5564788D5AE437F590080DCB3FDF1881","True"
"projects/04-software-timers/course/02_FreeRTOS_timer/FreeRTOS/portable/RVDS/ARM_CA9/port.c","484F1EF17F58F3DF0B06026E1BFC8E44471DF51B33CB36D196A2D61369085A9B","484F1EF17F58F3DF0B06026E1BFC8E44471DF51B33CB36D196A2D61369085A9B","True"
"projects/04-software-timers/course/02_FreeRTOS_timer/FreeRTOS/portable/RVDS/ARM_CA9/portASM.s","CECD728B929B81E8484C603CA00A0F95754C8EC3FF5F6D51728A3563C2E1187C","CECD728B929B81E8484C603CA00A0F95754C8EC3FF5F6D51728A3563C2E1187C","True"
"projects/04-software-timers/course/02_FreeRTOS_timer/FreeRTOS/portable/RVDS/ARM_CA9/portmacro.h","AF5E80736D03E02590745B6781BB03809D68721BFAB0213C02B3697A4C4F8814","AF5E80736D03E02590745B6781BB03809D68721BFAB0213C02B3697A4C4F8814","True"
"projects/04-software-timers/course/02_FreeRTOS_timer/FreeRTOS/portable/RVDS/ARM_CM0/port.c","76BE44D607E9E2CB32743386F1A97FF98E7463744DAF687773A0967B00B7F20F","76BE44D607E9E2CB32743386F1A97FF98E7463744DAF687773A0967B00B7F20F","True"
"projects/04-software-timers/course/02_FreeRTOS_timer/FreeRTOS/portable/RVDS/ARM_CM0/portmacro.h","8E89F1A754EFF06CDCC206A4BDC13F41211D31A432981759FA25B184941078DE","8E89F1A754EFF06CDCC206A4BDC13F41211D31A432981759FA25B184941078DE","True"
"projects/04-software-timers/course/02_FreeRTOS_timer/FreeRTOS/portable/RVDS/ARM_CM3/port.c","0F5A2323E1BDC135D37FA40DAFAC766095C46FE623F9A20CBF2F0D92405B4067","0F5A2323E1BDC135D37FA40DAFAC766095C46FE623F9A20CBF2F0D92405B4067","True"
"projects/04-software-timers/course/02_FreeRTOS_timer/FreeRTOS/portable/RVDS/ARM_CM3/portmacro.h","7B6EEFBBA5194658CF11B14F97DD540B1CEEDCB40178F0C97244A063AC53F4E2","7B6EEFBBA5194658CF11B14F97DD540B1CEEDCB40178F0C97244A063AC53F4E2","True"
"projects/04-software-timers/course/02_FreeRTOS_timer/FreeRTOS/portable/RVDS/ARM_CM4_MPU/port.c","1EBEB0A72801D79FAB99F4D1C43B5D2F34DC75C34E9D39A25F057B304E40685C","1EBEB0A72801D79FAB99F4D1C43B5D2F34DC75C34E9D39A25F057B304E40685C","True"
"projects/04-software-timers/course/02_FreeRTOS_timer/FreeRTOS/portable/RVDS/ARM_CM4_MPU/portmacro.h","4149E8C08E5AE89F05E1E1E8C5B3BD87143321FDF4510F5693885624B8148DDE","4149E8C08E5AE89F05E1E1E8C5B3BD87143321FDF4510F5693885624B8148DDE","True"
"projects/04-software-timers/course/02_FreeRTOS_timer/FreeRTOS/portable/RVDS/ARM_CM4F/port.c","6493BDBCD8AC57B5739EDB5CECC8E55EF9C82A8F978FC2F05BE19B2FAF46CEDF","6493BDBCD8AC57B5739EDB5CECC8E55EF9C82A8F978FC2F05BE19B2FAF46CEDF","True"
"projects/04-software-timers/course/02_FreeRTOS_timer/FreeRTOS/portable/RVDS/ARM_CM4F/portmacro.h","9AA2265C543E086FD40A1B22C3BAFE0E4C2950E1E1F6DE05C803E13D621F9438","9AA2265C543E086FD40A1B22C3BAFE0E4C2950E1E1F6DE05C803E13D621F9438","True"
"projects/04-software-timers/course/02_FreeRTOS_timer/FreeRTOS/portable/RVDS/ARM_CM7/r0p1/port.c","0B428C045198D97CBF2C7B4BECB063FB067EE8F765F263A37EF3286839B4FE12","0B428C045198D97CBF2C7B4BECB063FB067EE8F765F263A37EF3286839B4FE12","True"
"projects/04-software-timers/course/02_FreeRTOS_timer/FreeRTOS/portable/RVDS/ARM_CM7/r0p1/portmacro.h","641CCD46A7EBA0E476DEFE30B350847FEE8044DFBF503B6E1ECB9CE3CDACF9F9","641CCD46A7EBA0E476DEFE30B350847FEE8044DFBF503B6E1ECB9CE3CDACF9F9","True"
"projects/04-software-timers/course/02_FreeRTOS_timer/FreeRTOS/portable/RVDS/ARM_CM7/ReadMe.txt","710C88C6D9BFCC4645C414F151EE23F4C28FB8B4932308B5EB7109EF07B1D1C6","710C88C6D9BFCC4645C414F151EE23F4C28FB8B4932308B5EB7109EF07B1D1C6","True"
"projects/04-software-timers/course/02_FreeRTOS_timer/FreeRTOS/portable/RVDS/ARM7_LPC21xx/port.c","4F79AF04C94548F73D9DEEA4A81CC841FF172B8D1E27C5E544FB243BD3F147B3","4F79AF04C94548F73D9DEEA4A81CC841FF172B8D1E27C5E544FB243BD3F147B3","True"
"projects/04-software-timers/course/02_FreeRTOS_timer/FreeRTOS/portable/RVDS/ARM7_LPC21xx/portASM.s","EEC6FD2E493EE97E8592C715AEC32C12EF8E5CEC861DEFCCCC6E30AE584FAFD6","EEC6FD2E493EE97E8592C715AEC32C12EF8E5CEC861DEFCCCC6E30AE584FAFD6","True"
"projects/04-software-timers/course/02_FreeRTOS_timer/FreeRTOS/portable/RVDS/ARM7_LPC21xx/portmacro.h","7B796FC47E27A4AC381510536369605571DB0ECDD36BA9DBDB7AB4C02FC81C92","7B796FC47E27A4AC381510536369605571DB0ECDD36BA9DBDB7AB4C02FC81C92","True"
"projects/04-software-timers/course/02_FreeRTOS_timer/FreeRTOS/queue.c","5CDF4FA35FE059446EFFFF5BF20DEAF83DDFFB08921BC198FDA106B1D17DD894","5CDF4FA35FE059446EFFFF5BF20DEAF83DDFFB08921BC198FDA106B1D17DD894","True"
"projects/04-software-timers/course/02_FreeRTOS_timer/FreeRTOS/stream_buffer.c","86D948694C723B814C9606A6C804EA7C1BD30B3DA518D1D6A83B81F972E3A152","86D948694C723B814C9606A6C804EA7C1BD30B3DA518D1D6A83B81F972E3A152","True"
"projects/04-software-timers/course/02_FreeRTOS_timer/FreeRTOS/tasks.c","14020D617B96DD2814E1211F6E3B645BCF5E2BD3179C23FE7DD16BC666FE9463","14020D617B96DD2814E1211F6E3B645BCF5E2BD3179C23FE7DD16BC666FE9463","True"
"projects/04-software-timers/course/02_FreeRTOS_timer/FreeRTOS/timers.c","24962EF361F396AAA5E6E33776EEEDDAF2FB251C87B6FE50602ACC56C537B093","24962EF361F396AAA5E6E33776EEEDDAF2FB251C87B6FE50602ACC56C537B093","True"
"projects/04-software-timers/course/02_FreeRTOS_timer/Hardware/bsp_buzzer.c","DB132610BB9FD25BB3606FEE7C189AD01FB3F68FEF38D105A74C0609C66B5CEE","DB132610BB9FD25BB3606FEE7C189AD01FB3F68FEF38D105A74C0609C66B5CEE","True"
"projects/04-software-timers/course/02_FreeRTOS_timer/Hardware/bsp_buzzer.h","A849E5A19D17A5DED0E7438846AFA0D5E3636544ABFC356B361024CA882EC6C5","A849E5A19D17A5DED0E7438846AFA0D5E3636544ABFC356B361024CA882EC6C5","True"
"projects/04-software-timers/course/02_FreeRTOS_timer/Hardware/bsp_buzzer2.c","D4F400CA00C8ACE082181E1D587A2B1CE7CC29C870BCA80C8A920BF78710B2C1","D4F400CA00C8ACE082181E1D587A2B1CE7CC29C870BCA80C8A920BF78710B2C1","True"
"projects/04-software-timers/course/02_FreeRTOS_timer/Hardware/bsp_buzzer2.h","A849E5A19D17A5DED0E7438846AFA0D5E3636544ABFC356B361024CA882EC6C5","A849E5A19D17A5DED0E7438846AFA0D5E3636544ABFC356B361024CA882EC6C5","True"
"projects/04-software-timers/course/02_FreeRTOS_timer/Hardware/bsp_keys.c","F9CE7CA7732415114E7154146B0D490E39AAE7E2C05E7344F24461B46FA985EC","F9CE7CA7732415114E7154146B0D490E39AAE7E2C05E7344F24461B46FA985EC","True"
"projects/04-software-timers/course/02_FreeRTOS_timer/Hardware/bsp_keys.h","F64D5E4FADDC660DB8D181B7C63C92E9D3E84B21940BE4B1B930D9F2088E95CC","F64D5E4FADDC660DB8D181B7C63C92E9D3E84B21940BE4B1B930D9F2088E95CC","True"
"projects/04-software-timers/course/02_FreeRTOS_timer/Library/EXTI_config.h","3FC4D72800A241220830F878A4A41597CFA7754FF9D907C88BCFE6B5DC2F95A4","3FC4D72800A241220830F878A4A41597CFA7754FF9D907C88BCFE6B5DC2F95A4","True"
"projects/04-software-timers/course/02_FreeRTOS_timer/Library/EXTI.c","FB93261F829F40640F1A433BC5AAB1BBFA435DE2091BD64B2D1AFF65CDA4F2A6","FB93261F829F40640F1A433BC5AAB1BBFA435DE2091BD64B2D1AFF65CDA4F2A6","True"
"projects/04-software-timers/course/02_FreeRTOS_timer/Library/EXTI.h","4F9D3299CE5AC87CA0A74350C61AA1E7BB6D6CA2151C36A683A2334CAC926B84","4F9D3299CE5AC87CA0A74350C61AA1E7BB6D6CA2151C36A683A2334CAC926B84","True"
"projects/04-software-timers/course/02_FreeRTOS_timer/Library/I2C0.c","1902450E399F26AB11BABACB640C9C56389B2188FF852E3E6A58D60E16AF528E","1902450E399F26AB11BABACB640C9C56389B2188FF852E3E6A58D60E16AF528E","True"
"projects/04-software-timers/course/02_FreeRTOS_timer/Library/I2C0.h","E30F8BA27DF76E3682B8D0325EB2B9DAAF13A20CFF0E1FC59A4625625996AF42","E30F8BA27DF76E3682B8D0325EB2B9DAAF13A20CFF0E1FC59A4625625996AF42","True"
"projects/04-software-timers/course/02_FreeRTOS_timer/Library/TIMER_config.h","BD74AB72F9068615F9AB44169B11F6EF25CD9BC3D4CD0E27A95BE4AE24608766","BD74AB72F9068615F9AB44169B11F6EF25CD9BC3D4CD0E27A95BE4AE24608766","True"
"projects/04-software-timers/course/02_FreeRTOS_timer/Library/TIMER.c","68A9D9BBDB446C51E0C577B7E7969E8F3513AF7E4736C10BC6D579FBF5661435","68A9D9BBDB446C51E0C577B7E7969E8F3513AF7E4736C10BC6D579FBF5661435","True"
"projects/04-software-timers/course/02_FreeRTOS_timer/Library/TIMER.h","51A72D9863C245195AD3CD40ADDB0D573930D5AB540B30D3D971AD2AF6B2E80E","51A72D9863C245195AD3CD40ADDB0D573930D5AB540B30D3D971AD2AF6B2E80E","True"
"projects/04-software-timers/course/02_FreeRTOS_timer/Library/USART_config.h","73E72408B41955E419784B2A24B0FBD8AD81A334AA38EB9DB60A7DDAE97AD633","73E72408B41955E419784B2A24B0FBD8AD81A334AA38EB9DB60A7DDAE97AD633","True"
"projects/04-software-timers/course/02_FreeRTOS_timer/Library/USART0.c","CC2B65D391402D08716A1897F77288ED43EA658EF43A9B0691D0FDC0A6267D27","CC2B65D391402D08716A1897F77288ED43EA658EF43A9B0691D0FDC0A6267D27","True"
"projects/04-software-timers/course/02_FreeRTOS_timer/Library/USART0.h","6016FD90E22446BB90BE0996EA5EE6493AB9CDF6E7F71024ED583F05C4860399","6016FD90E22446BB90BE0996EA5EE6493AB9CDF6E7F71024ED583F05C4860399","True"
"projects/04-software-timers/course/02_FreeRTOS_timer/Project/GD32F407.uvprojx","DEC28CD3A36FCF3C09318958F5E39DC51A67C28BA3726199C24BCF0079A20DC5","DEC28CD3A36FCF3C09318958F5E39DC51A67C28BA3726199C24BCF0079A20DC5","True"
"projects/04-software-timers/course/02_FreeRTOS_timer/Project/Target 1_alog.txt","99130136E23EF87D1F6A89A74A7907E46D2EBEE3B7E17BC7A4332E71F8489285","99130136E23EF87D1F6A89A74A7907E46D2EBEE3B7E17BC7A4332E71F8489285","True"
"projects/04-software-timers/course/02_FreeRTOS_timer/Project/Target 1_analysis.xlsx","7731473B950664A803749E2D91C857DB72C85378DBE3472BD066C516B7423A3E","7731473B950664A803749E2D91C857DB72C85378DBE3472BD066C516B7423A3E","True"
"projects/04-software-timers/course/02_FreeRTOS_timer/Project/Target 1_sort_by_flash.csv","37A5E828C2CBD93EB6D57ED5736E390A0F9C42F1B5755FC4CC6016159C151500","37A5E828C2CBD93EB6D57ED5736E390A0F9C42F1B5755FC4CC6016159C151500","True"
"projects/04-software-timers/course/02_FreeRTOS_timer/Project/Target 1_sort_by_ram.csv","18C86936D073BD79253424C9303AD52BDA5235729D14467D709286B8CC212CA4","18C86936D073BD79253424C9303AD52BDA5235729D14467D709286B8CC212CA4","True"
"projects/04-software-timers/course/02_FreeRTOS_timer/README.md","E3B0C44298FC1C149AFBF4C8996FB92427AE41E4649B934CA495991B7852B855","E3B0C44298FC1C149AFBF4C8996FB92427AE41E4649B934CA495991B7852B855","True"
"projects/04-software-timers/course/02_FreeRTOS_timer/User/gd32f4xx_it.c","4AF8D0E30992B84018E763B4465FAF58DB22B108F3E64F997CE229AE1243FBFC","4AF8D0E30992B84018E763B4465FAF58DB22B108F3E64F997CE229AE1243FBFC","True"
"projects/04-software-timers/course/02_FreeRTOS_timer/User/gd32f4xx_it.h","B4995762AE5CEB7125CC9720CEA7E2BAD8640C23B87ED1856D9B8A380A5FC8C3","B4995762AE5CEB7125CC9720CEA7E2BAD8640C23B87ED1856D9B8A380A5FC8C3","True"
"projects/04-software-timers/course/02_FreeRTOS_timer/User/gd32f4xx_libopt.h","702C6D85987BCDDDD363A8412C5806255F6C746065DA984EB21896C5DDD6BF09","702C6D85987BCDDDD363A8412C5806255F6C746065DA984EB21896C5DDD6BF09","True"
"projects/04-software-timers/course/02_FreeRTOS_timer/User/main.c","C2DBB31738D02D313BA78C9EDB0295BA052C855771F6D5FAA11D357ED61EF7C3","C2DBB31738D02D313BA78C9EDB0295BA052C855771F6D5FAA11D357ED61EF7C3","True"
"projects/04-software-timers/course/02_FreeRTOS_timer/User/main.h","32C273B119ABF22DA51E2782C09853A1545B1DF1364A13EFFA2B465379E1A53C","32C273B119ABF22DA51E2782C09853A1545B1DF1364A13EFFA2B465379E1A53C","True"
"projects/04-software-timers/course/02_FreeRTOS_timer/User/readme.txt","A45BD1E14D470B46BE2D57C9D35147E41204556CC4BB4E25EA3C7B6B424A0B7C","A45BD1E14D470B46BE2D57C9D35147E41204556CC4BB4E25EA3C7B6B424A0B7C","True"
"projects/04-software-timers/course/02_FreeRTOS_timer/User/systick.c","8D524363D38E222D3E8A2281F06972493AE62F379A138637B65419C59E06CBD2","8D524363D38E222D3E8A2281F06972493AE62F379A138637B65419C59E06CBD2","True"
"projects/04-software-timers/course/02_FreeRTOS_timer/User/systick.h","E74F1981340E6162CCE52F39F73009B1570EFB7F024410652F494E77997DA025","E74F1981340E6162CCE52F39F73009B1570EFB7F024410652F494E77997DA025","True"
"projects/05-semaphores/course/03_FreeRTOS_Binary_Semaphore/Doc/readme.txt","E3B0C44298FC1C149AFBF4C8996FB92427AE41E4649B934CA495991B7852B855","E3B0C44298FC1C149AFBF4C8996FB92427AE41E4649B934CA495991B7852B855","True"
"projects/05-semaphores/course/03_FreeRTOS_Binary_Semaphore/Firmware/CMSIS/core_cm4_simd.h","0C2A0C2D66C7791B82CA19D10336C96518830EF359F6BFD9DA7477BC2CBCCBBB","0C2A0C2D66C7791B82CA19D10336C96518830EF359F6BFD9DA7477BC2CBCCBBB","True"
"projects/05-semaphores/course/03_FreeRTOS_Binary_Semaphore/Firmware/CMSIS/core_cm4.h","4756546E1449D17B1A7DEE2F3307F2C92C9F1D669C3F5DFC3EE1DEC8AEE9A8F7","4756546E1449D17B1A7DEE2F3307F2C92C9F1D669C3F5DFC3EE1DEC8AEE9A8F7","True"
"projects/05-semaphores/course/03_FreeRTOS_Binary_Semaphore/Firmware/CMSIS/core_cmFunc.h","5075FF67C8E264B83D9B391C07C6512E26ABBC189E321DE0D8B4375476980E5E","5075FF67C8E264B83D9B391C07C6512E26ABBC189E321DE0D8B4375476980E5E","True"
"projects/05-semaphores/course/03_FreeRTOS_Binary_Semaphore/Firmware/CMSIS/core_cmInstr.h","C35DDCA16CA04646DC70ACF2D592AD9EAEAAECD8125A32ABB710069648266EB5","C35DDCA16CA04646DC70ACF2D592AD9EAEAAECD8125A32ABB710069648266EB5","True"
"projects/05-semaphores/course/03_FreeRTOS_Binary_Semaphore/Firmware/CMSIS/GD/GD32F4xx/Include/gd32f4xx.h","96F1F6884C9885D32DF760A385CA0B5E8E9B20C066F71B946771A00503623A62","96F1F6884C9885D32DF760A385CA0B5E8E9B20C066F71B946771A00503623A62","True"
"projects/05-semaphores/course/03_FreeRTOS_Binary_Semaphore/Firmware/CMSIS/GD/GD32F4xx/Include/system_gd32f4xx.h","98EF2DD6DD7F6D2542C4D5CA83E9869BE3630B43300CB9AB453703E4277913BD","98EF2DD6DD7F6D2542C4D5CA83E9869BE3630B43300CB9AB453703E4277913BD","True"
"projects/05-semaphores/course/03_FreeRTOS_Binary_Semaphore/Firmware/CMSIS/GD/GD32F4xx/Source/ARM/startup_gd32f405_425.s","AEF6290F6950C0B7FB922FD12B91B3FC34ADA707A6846AA5D7A1277FDD50FBD9","AEF6290F6950C0B7FB922FD12B91B3FC34ADA707A6846AA5D7A1277FDD50FBD9","True"
"projects/05-semaphores/course/03_FreeRTOS_Binary_Semaphore/Firmware/CMSIS/GD/GD32F4xx/Source/ARM/startup_gd32f407_427.s","65127CC1FFC7BB0C6E3AB3E1EF32C8F935D09EF4A83AC4914E089D40C39B8B5B","65127CC1FFC7BB0C6E3AB3E1EF32C8F935D09EF4A83AC4914E089D40C39B8B5B","True"
"projects/05-semaphores/course/03_FreeRTOS_Binary_Semaphore/Firmware/CMSIS/GD/GD32F4xx/Source/ARM/startup_gd32f450_470.s","A4E9852BA47AAD025DE9645D067FAB33DDA87B8E82DEA6D77B3364F902345299","A4E9852BA47AAD025DE9645D067FAB33DDA87B8E82DEA6D77B3364F902345299","True"
"projects/05-semaphores/course/03_FreeRTOS_Binary_Semaphore/Firmware/CMSIS/GD/GD32F4xx/Source/IAR/startup_gd32f405_425.s","70E76C6AD0182A5682773261E308008BC1102C09839605A0E058851173026836","70E76C6AD0182A5682773261E308008BC1102C09839605A0E058851173026836","True"
"projects/05-semaphores/course/03_FreeRTOS_Binary_Semaphore/Firmware/CMSIS/GD/GD32F4xx/Source/IAR/startup_gd32f407_427.s","550D6CA54DE7F8FCB2791AAF9141666BA15978C55017FA6798BF0CA80A2864C6","550D6CA54DE7F8FCB2791AAF9141666BA15978C55017FA6798BF0CA80A2864C6","True"
"projects/05-semaphores/course/03_FreeRTOS_Binary_Semaphore/Firmware/CMSIS/GD/GD32F4xx/Source/IAR/startup_gd32f450_470.s","EE6654F1D551C6937D014FE943342B0395A32076E5AC8DD688C600EACB9BD343","EE6654F1D551C6937D014FE943342B0395A32076E5AC8DD688C600EACB9BD343","True"
"projects/05-semaphores/course/03_FreeRTOS_Binary_Semaphore/Firmware/CMSIS/GD/GD32F4xx/Source/system_gd32f4xx.c","8F66A123756716CF74297A7B54EEC616F230CBBC37DFB60F21BF05D1BC070836","8F66A123756716CF74297A7B54EEC616F230CBBC37DFB60F21BF05D1BC070836","True"
"projects/05-semaphores/course/03_FreeRTOS_Binary_Semaphore/Firmware/GD32F4xx_standard_peripheral/Include/gd32f4xx_adc.h","D6B41E007F1EE95E5FA1B495F94924F7E6166439FBF3E9234A26B5FA6C32F1DE","D6B41E007F1EE95E5FA1B495F94924F7E6166439FBF3E9234A26B5FA6C32F1DE","True"
"projects/05-semaphores/course/03_FreeRTOS_Binary_Semaphore/Firmware/GD32F4xx_standard_peripheral/Include/gd32f4xx_can.h","62A96066D7B8A1CEF45AB4092FCE5058B962050EB1C9E4B3585F0E19B9F30578","62A96066D7B8A1CEF45AB4092FCE5058B962050EB1C9E4B3585F0E19B9F30578","True"
"projects/05-semaphores/course/03_FreeRTOS_Binary_Semaphore/Firmware/GD32F4xx_standard_peripheral/Include/gd32f4xx_crc.h","4870F145AEEC968F3A7A0A5068105591E1ADEB9A37A5E47FDCC9D27D7D3AFBD6","4870F145AEEC968F3A7A0A5068105591E1ADEB9A37A5E47FDCC9D27D7D3AFBD6","True"
"projects/05-semaphores/course/03_FreeRTOS_Binary_Semaphore/Firmware/GD32F4xx_standard_peripheral/Include/gd32f4xx_ctc.h","900AB7D5F9C585834166A58966C8D523FF91D410066D00BBED3E6522C25782D7","900AB7D5F9C585834166A58966C8D523FF91D410066D00BBED3E6522C25782D7","True"
"projects/05-semaphores/course/03_FreeRTOS_Binary_Semaphore/Firmware/GD32F4xx_standard_peripheral/Include/gd32f4xx_dac.h","86057CC0C52A32F955A12F47ABA1E4997AC2DABA13B10A686D8777579F638AFB","86057CC0C52A32F955A12F47ABA1E4997AC2DABA13B10A686D8777579F638AFB","True"
"projects/05-semaphores/course/03_FreeRTOS_Binary_Semaphore/Firmware/GD32F4xx_standard_peripheral/Include/gd32f4xx_dbg.h","21A089B5880F1D101116BD37EAAC7A085A103901A40900E75941130D901B150E","21A089B5880F1D101116BD37EAAC7A085A103901A40900E75941130D901B150E","True"
"projects/05-semaphores/course/03_FreeRTOS_Binary_Semaphore/Firmware/GD32F4xx_standard_peripheral/Include/gd32f4xx_dci.h","787F449F0B2EBA5BBCC92B0D50899FA668CEA6ED9CCAB3960EBA0B2253CC7748","787F449F0B2EBA5BBCC92B0D50899FA668CEA6ED9CCAB3960EBA0B2253CC7748","True"
"projects/05-semaphores/course/03_FreeRTOS_Binary_Semaphore/Firmware/GD32F4xx_standard_peripheral/Include/gd32f4xx_dma.h","F358957EBF98C4C449480A088E349CDAC2716394C24FA4111DE08B06FCDC5094","F358957EBF98C4C449480A088E349CDAC2716394C24FA4111DE08B06FCDC5094","True"
"projects/05-semaphores/course/03_FreeRTOS_Binary_Semaphore/Firmware/GD32F4xx_standard_peripheral/Include/gd32f4xx_enet.h","2BDBC2BE9B0E3BA398DEEAB38021442A2CFEEDFF21FC353CF3B16C717A2CDF9B","2BDBC2BE9B0E3BA398DEEAB38021442A2CFEEDFF21FC353CF3B16C717A2CDF9B","True"
"projects/05-semaphores/course/03_FreeRTOS_Binary_Semaphore/Firmware/GD32F4xx_standard_peripheral/Include/gd32f4xx_exmc.h","68482B678DD868085A6BE6317EEC18873D43F895936E503487E843E561A0D55E","68482B678DD868085A6BE6317EEC18873D43F895936E503487E843E561A0D55E","True"
"projects/05-semaphores/course/03_FreeRTOS_Binary_Semaphore/Firmware/GD32F4xx_standard_peripheral/Include/gd32f4xx_exti.h","705948F029F63A5995D9849A60E417D6210ECE34C8E942C76A2D4E7A2B927426","705948F029F63A5995D9849A60E417D6210ECE34C8E942C76A2D4E7A2B927426","True"
"projects/05-semaphores/course/03_FreeRTOS_Binary_Semaphore/Firmware/GD32F4xx_standard_peripheral/Include/gd32f4xx_fmc.h","5A5D9F0B1CE1E7486206130F80048F81A6D3E9E6337BF0A4C69D4A1D5EDC9F7E","5A5D9F0B1CE1E7486206130F80048F81A6D3E9E6337BF0A4C69D4A1D5EDC9F7E","True"
"projects/05-semaphores/course/03_FreeRTOS_Binary_Semaphore/Firmware/GD32F4xx_standard_peripheral/Include/gd32f4xx_fwdgt.h","04CB4EE0D6526910CF9CA8BEFC437FC6DF3FDFE09FB0BC418AB7EA5C19611A50","04CB4EE0D6526910CF9CA8BEFC437FC6DF3FDFE09FB0BC418AB7EA5C19611A50","True"
"projects/05-semaphores/course/03_FreeRTOS_Binary_Semaphore/Firmware/GD32F4xx_standard_peripheral/Include/gd32f4xx_gpio.h","A20501A28644BF45B8E3C4AB2A7237466805C1480B06E7D6C8585296D7F08787","A20501A28644BF45B8E3C4AB2A7237466805C1480B06E7D6C8585296D7F08787","True"
"projects/05-semaphores/course/03_FreeRTOS_Binary_Semaphore/Firmware/GD32F4xx_standard_peripheral/Include/gd32f4xx_i2c.h","6CF4053E2452263CDFCB98DA0832CE1F2F1B0380C1BEA5D4284C1DF0D5CBBB05","6CF4053E2452263CDFCB98DA0832CE1F2F1B0380C1BEA5D4284C1DF0D5CBBB05","True"
"projects/05-semaphores/course/03_FreeRTOS_Binary_Semaphore/Firmware/GD32F4xx_standard_peripheral/Include/gd32f4xx_ipa.h","1AD22068402E09BAE4117E637ED972FCD7452751CCBE01C7829AEA7DF45AE8AE","1AD22068402E09BAE4117E637ED972FCD7452751CCBE01C7829AEA7DF45AE8AE","True"
"projects/05-semaphores/course/03_FreeRTOS_Binary_Semaphore/Firmware/GD32F4xx_standard_peripheral/Include/gd32f4xx_iref.h","D9D1E67FD4473F44B2F7E22BB78C3DFA9B5109D083AF1B0FDC63EC657B241C4A","D9D1E67FD4473F44B2F7E22BB78C3DFA9B5109D083AF1B0FDC63EC657B241C4A","True"
"projects/05-semaphores/course/03_FreeRTOS_Binary_Semaphore/Firmware/GD32F4xx_standard_peripheral/Include/gd32f4xx_misc.h","0A918F830F0200C0E806DFB50594259783E69D8ADBC27708705567F7193D35FB","0A918F830F0200C0E806DFB50594259783E69D8ADBC27708705567F7193D35FB","True"
"projects/05-semaphores/course/03_FreeRTOS_Binary_Semaphore/Firmware/GD32F4xx_standard_peripheral/Include/gd32f4xx_pmu.h","B9A72B6E42083EFD170C0C5FBE579C5D6417F9BBF674DB36041BE96FCBD84636","B9A72B6E42083EFD170C0C5FBE579C5D6417F9BBF674DB36041BE96FCBD84636","True"
"projects/05-semaphores/course/03_FreeRTOS_Binary_Semaphore/Firmware/GD32F4xx_standard_peripheral/Include/gd32f4xx_rcu.h","AC2B2AE653EDC89E674EDA24E1CFE8B511B73984AE0CABED3DF60BA61F8EEF08","AC2B2AE653EDC89E674EDA24E1CFE8B511B73984AE0CABED3DF60BA61F8EEF08","True"
"projects/05-semaphores/course/03_FreeRTOS_Binary_Semaphore/Firmware/GD32F4xx_standard_peripheral/Include/gd32f4xx_rtc.h","1798B1B495683096D4491CF0F854957D2AD60612F65A801ED0E7A4BEE49FA549","1798B1B495683096D4491CF0F854957D2AD60612F65A801ED0E7A4BEE49FA549","True"
"projects/05-semaphores/course/03_FreeRTOS_Binary_Semaphore/Firmware/GD32F4xx_standard_peripheral/Include/gd32f4xx_sdio.h","8D6813EFC565E3085611D767EA4E670E0C76A256C6F17FC93F313BCB11D0385A","8D6813EFC565E3085611D767EA4E670E0C76A256C6F17FC93F313BCB11D0385A","True"
"projects/05-semaphores/course/03_FreeRTOS_Binary_Semaphore/Firmware/GD32F4xx_standard_peripheral/Include/gd32f4xx_spi.h","4C6360C8FE58D4A38E4870BCBA17630857551D3EC7B4BD3DDEB5085C31240B1C","4C6360C8FE58D4A38E4870BCBA17630857551D3EC7B4BD3DDEB5085C31240B1C","True"
"projects/05-semaphores/course/03_FreeRTOS_Binary_Semaphore/Firmware/GD32F4xx_standard_peripheral/Include/gd32f4xx_syscfg.h","5060FEF0A07A3FC1396A31F09F95FE1D134F8A1FB1581E3DD98BB6078108C447","5060FEF0A07A3FC1396A31F09F95FE1D134F8A1FB1581E3DD98BB6078108C447","True"
"projects/05-semaphores/course/03_FreeRTOS_Binary_Semaphore/Firmware/GD32F4xx_standard_peripheral/Include/gd32f4xx_timer.h","7A79F81F1D862A1B49F23BFE05B1AC751A71E761B6E63C2DFFABE6C7BC69AC49","7A79F81F1D862A1B49F23BFE05B1AC751A71E761B6E63C2DFFABE6C7BC69AC49","True"
"projects/05-semaphores/course/03_FreeRTOS_Binary_Semaphore/Firmware/GD32F4xx_standard_peripheral/Include/gd32f4xx_tli.h","1B94EA157AC8CE2FED962B0C4FF95B6702C6194300AA51B04C3AAFE493768D2A","1B94EA157AC8CE2FED962B0C4FF95B6702C6194300AA51B04C3AAFE493768D2A","True"
"projects/05-semaphores/course/03_FreeRTOS_Binary_Semaphore/Firmware/GD32F4xx_standard_peripheral/Include/gd32f4xx_trng.h","91E2BB5AFFEFA65F90927FAD795FAA0F4204516284ECA38E461506F0CD9CA924","91E2BB5AFFEFA65F90927FAD795FAA0F4204516284ECA38E461506F0CD9CA924","True"
"projects/05-semaphores/course/03_FreeRTOS_Binary_Semaphore/Firmware/GD32F4xx_standard_peripheral/Include/gd32f4xx_usart.h","6CF40E957A1216C99E3663D667DE1944C42272897011834BF20ADCD97E791074","6CF40E957A1216C99E3663D667DE1944C42272897011834BF20ADCD97E791074","True"
"projects/05-semaphores/course/03_FreeRTOS_Binary_Semaphore/Firmware/GD32F4xx_standard_peripheral/Include/gd32f4xx_wwdgt.h","01EECFC98B4507AEB8F0AFBE7D994EA0A617A79E5D4EB2D1D4A85979BA014EFE","01EECFC98B4507AEB8F0AFBE7D994EA0A617A79E5D4EB2D1D4A85979BA014EFE","True"
"projects/05-semaphores/course/03_FreeRTOS_Binary_Semaphore/Firmware/GD32F4xx_standard_peripheral/Source/gd32f4xx_adc.c","8A5C91EC7A397B53EFD086646674D273ECE00F36C9610AB50715FE1521BA4112","8A5C91EC7A397B53EFD086646674D273ECE00F36C9610AB50715FE1521BA4112","True"
"projects/05-semaphores/course/03_FreeRTOS_Binary_Semaphore/Firmware/GD32F4xx_standard_peripheral/Source/gd32f4xx_can.c","CE0E343B00856972EABACCC1F4D88C051796A8D1E30C4596312FC29A533DB8BA","CE0E343B00856972EABACCC1F4D88C051796A8D1E30C4596312FC29A533DB8BA","True"
"projects/05-semaphores/course/03_FreeRTOS_Binary_Semaphore/Firmware/GD32F4xx_standard_peripheral/Source/gd32f4xx_crc.c","C14034159E72E082AA70E2A8CBA60FFCF950B63D75AE467706632F32EC00F315","C14034159E72E082AA70E2A8CBA60FFCF950B63D75AE467706632F32EC00F315","True"
"projects/05-semaphores/course/03_FreeRTOS_Binary_Semaphore/Firmware/GD32F4xx_standard_peripheral/Source/gd32f4xx_ctc.c","07F4A6385C6FFB2E18ECF95DAAE6A431FB91262FA988835A249A64F4002280A1","07F4A6385C6FFB2E18ECF95DAAE6A431FB91262FA988835A249A64F4002280A1","True"
"projects/05-semaphores/course/03_FreeRTOS_Binary_Semaphore/Firmware/GD32F4xx_standard_peripheral/Source/gd32f4xx_dac.c","ACE5C99F1E2774D955CA4E4D5D6E81B2D831F718098487EA3E8C2C34C960E160","ACE5C99F1E2774D955CA4E4D5D6E81B2D831F718098487EA3E8C2C34C960E160","True"
"projects/05-semaphores/course/03_FreeRTOS_Binary_Semaphore/Firmware/GD32F4xx_standard_peripheral/Source/gd32f4xx_dbg.c","6EEC659FD6B5C549226BAE8E9C9C78785B064D557434189BB221287D550FE291","6EEC659FD6B5C549226BAE8E9C9C78785B064D557434189BB221287D550FE291","True"
"projects/05-semaphores/course/03_FreeRTOS_Binary_Semaphore/Firmware/GD32F4xx_standard_peripheral/Source/gd32f4xx_dci.c","B99613D9A21A02DD39117F30B9A488B859209AB3489DCFDE7361D147CDF76516","B99613D9A21A02DD39117F30B9A488B859209AB3489DCFDE7361D147CDF76516","True"
"projects/05-semaphores/course/03_FreeRTOS_Binary_Semaphore/Firmware/GD32F4xx_standard_peripheral/Source/gd32f4xx_dma.c","2D943A169ABABCC22CBC6C41665F5CE375C30B63005954E1D34BB3218CB63FAF","2D943A169ABABCC22CBC6C41665F5CE375C30B63005954E1D34BB3218CB63FAF","True"
"projects/05-semaphores/course/03_FreeRTOS_Binary_Semaphore/Firmware/GD32F4xx_standard_peripheral/Source/gd32f4xx_enet.c","3051E8737C463D23D07B9C9AD937BC7C488BB573738B2313982870DAA670E87E","3051E8737C463D23D07B9C9AD937BC7C488BB573738B2313982870DAA670E87E","True"
"projects/05-semaphores/course/03_FreeRTOS_Binary_Semaphore/Firmware/GD32F4xx_standard_peripheral/Source/gd32f4xx_exmc.c","E4A79B377C89D9EB8BD5BE101E273AD5EFBA0C2A24FB4621AB7BC124BEEEAEBF","E4A79B377C89D9EB8BD5BE101E273AD5EFBA0C2A24FB4621AB7BC124BEEEAEBF","True"
"projects/05-semaphores/course/03_FreeRTOS_Binary_Semaphore/Firmware/GD32F4xx_standard_peripheral/Source/gd32f4xx_exti.c","FCE4A7ECA93486D71A9E5758642F2282AE7F8805DBB559312837A0B17577FE58","FCE4A7ECA93486D71A9E5758642F2282AE7F8805DBB559312837A0B17577FE58","True"
"projects/05-semaphores/course/03_FreeRTOS_Binary_Semaphore/Firmware/GD32F4xx_standard_peripheral/Source/gd32f4xx_fmc.c","15408829D2405432FC8ED73D5D8C6BBB1E6C74540F1B817983BABD62E22CAB16","15408829D2405432FC8ED73D5D8C6BBB1E6C74540F1B817983BABD62E22CAB16","True"
"projects/05-semaphores/course/03_FreeRTOS_Binary_Semaphore/Firmware/GD32F4xx_standard_peripheral/Source/gd32f4xx_fwdgt.c","05B67D15069CED6F0472E4115ECD16064402E0D6220561499000025A8CD189B7","05B67D15069CED6F0472E4115ECD16064402E0D6220561499000025A8CD189B7","True"
"projects/05-semaphores/course/03_FreeRTOS_Binary_Semaphore/Firmware/GD32F4xx_standard_peripheral/Source/gd32f4xx_gpio.c","262BEFE864D5DA3BADA64D0B3DAB29E5C2747E46B154EDE8BCAB0B788DB614E0","262BEFE864D5DA3BADA64D0B3DAB29E5C2747E46B154EDE8BCAB0B788DB614E0","True"
"projects/05-semaphores/course/03_FreeRTOS_Binary_Semaphore/Firmware/GD32F4xx_standard_peripheral/Source/gd32f4xx_i2c.c","8EDFAF1A8F0BF2833923D0072FE1B9D0467382B3EC1D243E918D0DE9711CCCD2","8EDFAF1A8F0BF2833923D0072FE1B9D0467382B3EC1D243E918D0DE9711CCCD2","True"
"projects/05-semaphores/course/03_FreeRTOS_Binary_Semaphore/Firmware/GD32F4xx_standard_peripheral/Source/gd32f4xx_ipa.c","38A8350304763C1C83B4D2341F6782B090CA09ABE541AC360089B5CB454BCF57","38A8350304763C1C83B4D2341F6782B090CA09ABE541AC360089B5CB454BCF57","True"
"projects/05-semaphores/course/03_FreeRTOS_Binary_Semaphore/Firmware/GD32F4xx_standard_peripheral/Source/gd32f4xx_iref.c","24F2FCFCD20882FD3E65773A281A827BF5391A0A8054324EEF7C98BB3F2B9B80","24F2FCFCD20882FD3E65773A281A827BF5391A0A8054324EEF7C98BB3F2B9B80","True"
"projects/05-semaphores/course/03_FreeRTOS_Binary_Semaphore/Firmware/GD32F4xx_standard_peripheral/Source/gd32f4xx_misc.c","1CD262F295155428C25DEDC69BFBAB99F7A99DE09E0B602ECA1F2C6017CFE2DA","1CD262F295155428C25DEDC69BFBAB99F7A99DE09E0B602ECA1F2C6017CFE2DA","True"
"projects/05-semaphores/course/03_FreeRTOS_Binary_Semaphore/Firmware/GD32F4xx_standard_peripheral/Source/gd32f4xx_pmu.c","DAFA94838A55132E3313234C5AC2BE6172116DC26574347363D554EFFB186D79","DAFA94838A55132E3313234C5AC2BE6172116DC26574347363D554EFFB186D79","True"
"projects/05-semaphores/course/03_FreeRTOS_Binary_Semaphore/Firmware/GD32F4xx_standard_peripheral/Source/gd32f4xx_rcu.c","6C1030EB58EC7CB9C41E2A1FF31DDEF87F70DD083222327978234004C4E95B98","6C1030EB58EC7CB9C41E2A1FF31DDEF87F70DD083222327978234004C4E95B98","True"
"projects/05-semaphores/course/03_FreeRTOS_Binary_Semaphore/Firmware/GD32F4xx_standard_peripheral/Source/gd32f4xx_rtc.c","EEA5BCB92C88A7BAB9F3740F8E9408236412A546B03A5467F21B0F94A01183E7","EEA5BCB92C88A7BAB9F3740F8E9408236412A546B03A5467F21B0F94A01183E7","True"
"projects/05-semaphores/course/03_FreeRTOS_Binary_Semaphore/Firmware/GD32F4xx_standard_peripheral/Source/gd32f4xx_sdio.c","9D8F3E488C74C44A30C4D0BBB9CD8D86555D898CA9C36F259CE57609959B9854","9D8F3E488C74C44A30C4D0BBB9CD8D86555D898CA9C36F259CE57609959B9854","True"
"projects/05-semaphores/course/03_FreeRTOS_Binary_Semaphore/Firmware/GD32F4xx_standard_peripheral/Source/gd32f4xx_spi.c","CE06438E9AD5882A0FCA88DFE658DD925ED3320BA574C2797E2F93ACF6142459","CE06438E9AD5882A0FCA88DFE658DD925ED3320BA574C2797E2F93ACF6142459","True"
"projects/05-semaphores/course/03_FreeRTOS_Binary_Semaphore/Firmware/GD32F4xx_standard_peripheral/Source/gd32f4xx_syscfg.c","51A7A5E70F3064424CC6E2F6A06942B47ADAAC8C36A6612EE08B1643557B3CA3","51A7A5E70F3064424CC6E2F6A06942B47ADAAC8C36A6612EE08B1643557B3CA3","True"
"projects/05-semaphores/course/03_FreeRTOS_Binary_Semaphore/Firmware/GD32F4xx_standard_peripheral/Source/gd32f4xx_timer.c","3961465CF6BA39554E34C02183C50676A4AB9B3991A6AAD32D271754B2506B14","3961465CF6BA39554E34C02183C50676A4AB9B3991A6AAD32D271754B2506B14","True"
"projects/05-semaphores/course/03_FreeRTOS_Binary_Semaphore/Firmware/GD32F4xx_standard_peripheral/Source/gd32f4xx_tli.c","881A02E692AFD4A0B6848A929B0B8C79148911AD7543CF611287C45E82372541","881A02E692AFD4A0B6848A929B0B8C79148911AD7543CF611287C45E82372541","True"
"projects/05-semaphores/course/03_FreeRTOS_Binary_Semaphore/Firmware/GD32F4xx_standard_peripheral/Source/gd32f4xx_trng.c","BA9093D046A01C997AA54D2DE9F663E8AF32FB9E53C950CFC640F1033FCD6C53","BA9093D046A01C997AA54D2DE9F663E8AF32FB9E53C950CFC640F1033FCD6C53","True"
"projects/05-semaphores/course/03_FreeRTOS_Binary_Semaphore/Firmware/GD32F4xx_standard_peripheral/Source/gd32f4xx_usart.c","F67FA54D9C9537317BE92D95FD880A394D9ABE98DF708E5AA821FBFA392AE9B0","F67FA54D9C9537317BE92D95FD880A394D9ABE98DF708E5AA821FBFA392AE9B0","True"
"projects/05-semaphores/course/03_FreeRTOS_Binary_Semaphore/Firmware/GD32F4xx_standard_peripheral/Source/gd32f4xx_wwdgt.c","0ED39DE6F0101E10DDCB476E6EF21C44D2282D4F689D0D0D70F9E04940E6F0FE","0ED39DE6F0101E10DDCB476E6EF21C44D2282D4F689D0D0D70F9E04940E6F0FE","True"
"projects/05-semaphores/course/03_FreeRTOS_Binary_Semaphore/Firmware/GD32F4xx_usb_library/device/class/audio/Include/audio_core.h","D4550583AD93FB3EED7D288FB84CA5E1B57269E088FB073E541A666B636FEC00","D4550583AD93FB3EED7D288FB84CA5E1B57269E088FB073E541A666B636FEC00","True"
"projects/05-semaphores/course/03_FreeRTOS_Binary_Semaphore/Firmware/GD32F4xx_usb_library/device/class/audio/Include/audio_out_itf.h","77FB54DEA6431AF26C1DE2B1CCFB8186FAC92519D817556FE6B31FDE7947310B","77FB54DEA6431AF26C1DE2B1CCFB8186FAC92519D817556FE6B31FDE7947310B","True"
"projects/05-semaphores/course/03_FreeRTOS_Binary_Semaphore/Firmware/GD32F4xx_usb_library/device/class/audio/Source/audio_core.c","E134ABAB42ADA7E2D9C6BAD56032F4358FBD37B82E3861496BFE8DC7B4263D32","E134ABAB42ADA7E2D9C6BAD56032F4358FBD37B82E3861496BFE8DC7B4263D32","True"
"projects/05-semaphores/course/03_FreeRTOS_Binary_Semaphore/Firmware/GD32F4xx_usb_library/device/class/audio/Source/audio_out_itf.c","33F0490E4B3CE2315D51257BB877A233BA7293BF83F1272113382989476B887B","33F0490E4B3CE2315D51257BB877A233BA7293BF83F1272113382989476B887B","True"
"projects/05-semaphores/course/03_FreeRTOS_Binary_Semaphore/Firmware/GD32F4xx_usb_library/device/class/cdc/Include/cdc_acm_core.h","58A53B46A222A4CA1B4F35901A48555A22FF6C8EF95DCB23E651A64512A0B8EC","58A53B46A222A4CA1B4F35901A48555A22FF6C8EF95DCB23E651A64512A0B8EC","True"
"projects/05-semaphores/course/03_FreeRTOS_Binary_Semaphore/Firmware/GD32F4xx_usb_library/device/class/cdc/Source/cdc_acm_core.c","92F6D272CB501A2E0E8020A5C7C3FDBF3F6267044A5F00C248A53BDC23867E71","92F6D272CB501A2E0E8020A5C7C3FDBF3F6267044A5F00C248A53BDC23867E71","True"
"projects/05-semaphores/course/03_FreeRTOS_Binary_Semaphore/Firmware/GD32F4xx_usb_library/device/class/dfu/Include/dfu_core.h","B074E46C11DFC3D6F057E7C91263A7894A8598F5AD27062A8F0C737739F0AC4B","B074E46C11DFC3D6F057E7C91263A7894A8598F5AD27062A8F0C737739F0AC4B","True"
"projects/05-semaphores/course/03_FreeRTOS_Binary_Semaphore/Firmware/GD32F4xx_usb_library/device/class/dfu/Include/dfu_mem.h","EE0FA900E1595041DB2524E57A7684A911AFEC27BD737544CB8ACC1A419B54F3","EE0FA900E1595041DB2524E57A7684A911AFEC27BD737544CB8ACC1A419B54F3","True"
"projects/05-semaphores/course/03_FreeRTOS_Binary_Semaphore/Firmware/GD32F4xx_usb_library/device/class/dfu/Source/dfu_core.c","EE0B61F48E523F816E1977AB5667701D4A30C9D7994809DAEC56A6C22B6B23F2","EE0B61F48E523F816E1977AB5667701D4A30C9D7994809DAEC56A6C22B6B23F2","True"
"projects/05-semaphores/course/03_FreeRTOS_Binary_Semaphore/Firmware/GD32F4xx_usb_library/device/class/dfu/Source/dfu_mem.c","1740852FD0411642AAD47BF10951D51DE5338CA02239C634C4A28211CC0B6BD5","1740852FD0411642AAD47BF10951D51DE5338CA02239C634C4A28211CC0B6BD5","True"
"projects/05-semaphores/course/03_FreeRTOS_Binary_Semaphore/Firmware/GD32F4xx_usb_library/device/class/hid/Include/custom_hid_core.h","3D8630539B539B75241B088BA5CB2BD6A6377EBE6A0C026E14E4D9F618149F3C","3D8630539B539B75241B088BA5CB2BD6A6377EBE6A0C026E14E4D9F618149F3C","True"
"projects/05-semaphores/course/03_FreeRTOS_Binary_Semaphore/Firmware/GD32F4xx_usb_library/device/class/hid/Include/standard_hid_core.h","B43958E8EF0BB4E5939D1B1279F2B4D25791ABD357C51504FB08C6BF5CDE5A55","B43958E8EF0BB4E5939D1B1279F2B4D25791ABD357C51504FB08C6BF5CDE5A55","True"
"projects/05-semaphores/course/03_FreeRTOS_Binary_Semaphore/Firmware/GD32F4xx_usb_library/device/class/hid/Source/custom_hid_core.c","E31D924422097B600884693E2CFB38C20E4215861DFC8BBDFF3058C9A9133668","E31D924422097B600884693E2CFB38C20E4215861DFC8BBDFF3058C9A9133668","True"
"projects/05-semaphores/course/03_FreeRTOS_Binary_Semaphore/Firmware/GD32F4xx_usb_library/device/class/hid/Source/standard_hid_core.c","976542C7FC8C038846C71E4C5E6755B3C9364C8C09425F671FA694F1F14889A1","976542C7FC8C038846C71E4C5E6755B3C9364C8C09425F671FA694F1F14889A1","True"
"projects/05-semaphores/course/03_FreeRTOS_Binary_Semaphore/Firmware/GD32F4xx_usb_library/device/class/iap/Include/usb_iap_core.h","0C5491567E7452BE4CDC0099BC8F6E5B6ACA7B9C273FDB95647264938337C163","0C5491567E7452BE4CDC0099BC8F6E5B6ACA7B9C273FDB95647264938337C163","True"
"projects/05-semaphores/course/03_FreeRTOS_Binary_Semaphore/Firmware/GD32F4xx_usb_library/device/class/iap/Source/usb_iap_core.c","B48D8EDB4882F57E2EE0B7CD17D94A4EA574BBFDB3EF72F35355FB7B8CBF374D","B48D8EDB4882F57E2EE0B7CD17D94A4EA574BBFDB3EF72F35355FB7B8CBF374D","True"
"projects/05-semaphores/course/03_FreeRTOS_Binary_Semaphore/Firmware/GD32F4xx_usb_library/device/class/msc/Include/usbd_msc_bbb.h","FCE4E4A9E17E3C7AD6EF23BF6284354B3C1E0BC79E2E3D8C51C00C7CBA88598F","FCE4E4A9E17E3C7AD6EF23BF6284354B3C1E0BC79E2E3D8C51C00C7CBA88598F","True"
"projects/05-semaphores/course/03_FreeRTOS_Binary_Semaphore/Firmware/GD32F4xx_usb_library/device/class/msc/Include/usbd_msc_core.h","1B56E50C7F78BD46CC86E131565DA5A3CA050901171A99D33526283996D0062C","1B56E50C7F78BD46CC86E131565DA5A3CA050901171A99D33526283996D0062C","True"
"projects/05-semaphores/course/03_FreeRTOS_Binary_Semaphore/Firmware/GD32F4xx_usb_library/device/class/msc/Include/usbd_msc_mem.h","4219910F0D5565CBF2CB7DE2191FFFAD41F01F9903EC160827C6F441FC9FE241","4219910F0D5565CBF2CB7DE2191FFFAD41F01F9903EC160827C6F441FC9FE241","True"
"projects/05-semaphores/course/03_FreeRTOS_Binary_Semaphore/Firmware/GD32F4xx_usb_library/device/class/msc/Include/usbd_msc_scsi.h","8A843A759A5D1013DB6524B1547453013DA00C202F03A7011B604C8E79F96A2D","8A843A759A5D1013DB6524B1547453013DA00C202F03A7011B604C8E79F96A2D","True"
"projects/05-semaphores/course/03_FreeRTOS_Binary_Semaphore/Firmware/GD32F4xx_usb_library/device/class/msc/Source/usbd_msc_bbb.c","D613ECDDAB72A03DE672E4669F2549F5CE93259C09819FCBD78DB49DBBEFA4A5","D613ECDDAB72A03DE672E4669F2549F5CE93259C09819FCBD78DB49DBBEFA4A5","True"
"projects/05-semaphores/course/03_FreeRTOS_Binary_Semaphore/Firmware/GD32F4xx_usb_library/device/class/msc/Source/usbd_msc_core.c","5C5983C2884B08AA4A480B29929E20A502741C56CEFD717E48A6FE5C807BBB5C","5C5983C2884B08AA4A480B29929E20A502741C56CEFD717E48A6FE5C807BBB5C","True"
"projects/05-semaphores/course/03_FreeRTOS_Binary_Semaphore/Firmware/GD32F4xx_usb_library/device/class/msc/Source/usbd_msc_scsi.c","062E1DF310C0FEED9372585E09D4A317F65B8E0E03BD70C14AA7418A99C5EFFD","062E1DF310C0FEED9372585E09D4A317F65B8E0E03BD70C14AA7418A99C5EFFD","True"
"projects/05-semaphores/course/03_FreeRTOS_Binary_Semaphore/Firmware/GD32F4xx_usb_library/device/class/printer/Include/printer_core.h","4231DAE7349CC3643150EC1E90A5CEFB4ADF23ADC0314E82EF001BDFCD7D7E8C","4231DAE7349CC3643150EC1E90A5CEFB4ADF23ADC0314E82EF001BDFCD7D7E8C","True"
"projects/05-semaphores/course/03_FreeRTOS_Binary_Semaphore/Firmware/GD32F4xx_usb_library/device/class/printer/Source/printer_core.c","93EB77FF7A45DA1424244E1FFA25755A259E43B815D00B14C319BEC17A079831","93EB77FF7A45DA1424244E1FFA25755A259E43B815D00B14C319BEC17A079831","True"
"projects/05-semaphores/course/03_FreeRTOS_Binary_Semaphore/Firmware/GD32F4xx_usb_library/device/core/Include/usbd_core.h","A205D78D7C4299519538D5057744916BCB5459EC963BFBD6AA42101197B15041","A205D78D7C4299519538D5057744916BCB5459EC963BFBD6AA42101197B15041","True"
"projects/05-semaphores/course/03_FreeRTOS_Binary_Semaphore/Firmware/GD32F4xx_usb_library/device/core/Include/usbd_enum.h","9DE97ED85BA71120379BF876FAF752FA7900784D1614C18D1E9ECEA6C7E2C897","9DE97ED85BA71120379BF876FAF752FA7900784D1614C18D1E9ECEA6C7E2C897","True"
"projects/05-semaphores/course/03_FreeRTOS_Binary_Semaphore/Firmware/GD32F4xx_usb_library/device/core/Include/usbd_transc.h","7598A18B6AA5696B7D15C3F8DA6F0F04C37BCA44D48C86FD5A7BD92850A17681","7598A18B6AA5696B7D15C3F8DA6F0F04C37BCA44D48C86FD5A7BD92850A17681","True"
"projects/05-semaphores/course/03_FreeRTOS_Binary_Semaphore/Firmware/GD32F4xx_usb_library/device/core/Source/usbd_core.c","74A04240E3912EF2D959396250678FF65E41A6D65E4C92CDDB7BABEBC646A12F","74A04240E3912EF2D959396250678FF65E41A6D65E4C92CDDB7BABEBC646A12F","True"
"projects/05-semaphores/course/03_FreeRTOS_Binary_Semaphore/Firmware/GD32F4xx_usb_library/device/core/Source/usbd_enum.c","07C9D4AF518D9659D3696A574638D2238413C849345915F347B1CE91C02A81EE","07C9D4AF518D9659D3696A574638D2238413C849345915F347B1CE91C02A81EE","True"
"projects/05-semaphores/course/03_FreeRTOS_Binary_Semaphore/Firmware/GD32F4xx_usb_library/device/core/Source/usbd_transc.c","CE5E569F4CBB0918250C03000276FD987E116E69F489EEC7B049B790A5A87F37","CE5E569F4CBB0918250C03000276FD987E116E69F489EEC7B049B790A5A87F37","True"
"projects/05-semaphores/course/03_FreeRTOS_Binary_Semaphore/Firmware/GD32F4xx_usb_library/driver/Include/drv_usb_core.h","D7957D291F199B35772CE89782B17558BCC73B935F66F80C5B7FBE16DDBA5875","D7957D291F199B35772CE89782B17558BCC73B935F66F80C5B7FBE16DDBA5875","True"
"projects/05-semaphores/course/03_FreeRTOS_Binary_Semaphore/Firmware/GD32F4xx_usb_library/driver/Include/drv_usb_dev.h","CAF5D56EBAFDBA9FC9F167418A1616E4291B112EDBF47A8654BD9A98F8C17B9A","CAF5D56EBAFDBA9FC9F167418A1616E4291B112EDBF47A8654BD9A98F8C17B9A","True"
"projects/05-semaphores/course/03_FreeRTOS_Binary_Semaphore/Firmware/GD32F4xx_usb_library/driver/Include/drv_usb_host.h","FB4056A260F60FDA977AB1139EBFCF00E53B5C3E697FDDA573B902A413BFFF14","FB4056A260F60FDA977AB1139EBFCF00E53B5C3E697FDDA573B902A413BFFF14","True"
"projects/05-semaphores/course/03_FreeRTOS_Binary_Semaphore/Firmware/GD32F4xx_usb_library/driver/Include/drv_usb_hw.h","81DBB2D76CD496106998EAA694DA78184988C9618E06CFE573E5D6B5FA1C1F20","81DBB2D76CD496106998EAA694DA78184988C9618E06CFE573E5D6B5FA1C1F20","True"
"projects/05-semaphores/course/03_FreeRTOS_Binary_Semaphore/Firmware/GD32F4xx_usb_library/driver/Include/drv_usb_regs.h","048A97F0FF66F557EE6A5E829F8AA0336D69E13E63151CF4D64092D0FF9606BA","048A97F0FF66F557EE6A5E829F8AA0336D69E13E63151CF4D64092D0FF9606BA","True"
"projects/05-semaphores/course/03_FreeRTOS_Binary_Semaphore/Firmware/GD32F4xx_usb_library/driver/Include/drv_usbd_int.h","3B71749A04450BBEC4838039BC3C6482EE1D7ECB509B97DA5151F362F918A8F4","3B71749A04450BBEC4838039BC3C6482EE1D7ECB509B97DA5151F362F918A8F4","True"
"projects/05-semaphores/course/03_FreeRTOS_Binary_Semaphore/Firmware/GD32F4xx_usb_library/driver/Include/drv_usbh_int.h","5268EE8F0ACCEE9C9E848AE421F3F1B83B8EFA72B8854F08A5756C16C3873997","5268EE8F0ACCEE9C9E848AE421F3F1B83B8EFA72B8854F08A5756C16C3873997","True"
"projects/05-semaphores/course/03_FreeRTOS_Binary_Semaphore/Firmware/GD32F4xx_usb_library/driver/Source/drv_usb_core.c","B90492A8404BCBDCBBA9D31D38AD75D2D85B6014CCACF6EEA77B23F69CF5F623","B90492A8404BCBDCBBA9D31D38AD75D2D85B6014CCACF6EEA77B23F69CF5F623","True"
"projects/05-semaphores/course/03_FreeRTOS_Binary_Semaphore/Firmware/GD32F4xx_usb_library/driver/Source/drv_usb_dev.c","93CA6CD491C5E0FEA197D5AC7F10BA23E6973543DA7AEED38BFC1AE3A0DC474B","93CA6CD491C5E0FEA197D5AC7F10BA23E6973543DA7AEED38BFC1AE3A0DC474B","True"
"projects/05-semaphores/course/03_FreeRTOS_Binary_Semaphore/Firmware/GD32F4xx_usb_library/driver/Source/drv_usb_host.c","D9F6DE1A16C13351C6947A1D8C735A2FA2EF6495159EF75E8C84A903003853EA","D9F6DE1A16C13351C6947A1D8C735A2FA2EF6495159EF75E8C84A903003853EA","True"
"projects/05-semaphores/course/03_FreeRTOS_Binary_Semaphore/Firmware/GD32F4xx_usb_library/driver/Source/drv_usbd_int.c","6D629C1B2EE8A05BD9C1B8E20F2664410AFC9608E9489CCAC5BE881D10D0A715","6D629C1B2EE8A05BD9C1B8E20F2664410AFC9608E9489CCAC5BE881D10D0A715","True"
"projects/05-semaphores/course/03_FreeRTOS_Binary_Semaphore/Firmware/GD32F4xx_usb_library/driver/Source/drv_usbh_int.c","4D390034615DF35FB792026BD76844C922F387580E291039F1BC5F6B6C982486","4D390034615DF35FB792026BD76844C922F387580E291039F1BC5F6B6C982486","True"
"projects/05-semaphores/course/03_FreeRTOS_Binary_Semaphore/Firmware/GD32F4xx_usb_library/host/class/hid/Include/usbh_hid_core.h","0DEC84719141C68389EC4F957111FB6DC21A5BE55159A808A9D4D20759E447AA","0DEC84719141C68389EC4F957111FB6DC21A5BE55159A808A9D4D20759E447AA","True"
"projects/05-semaphores/course/03_FreeRTOS_Binary_Semaphore/Firmware/GD32F4xx_usb_library/host/class/hid/Include/usbh_standard_hid.h","9DFF3D162D5690F986145FC6A50E8BE49EE6EA57B0DF5DE92708173ECE1231A8","9DFF3D162D5690F986145FC6A50E8BE49EE6EA57B0DF5DE92708173ECE1231A8","True"
"projects/05-semaphores/course/03_FreeRTOS_Binary_Semaphore/Firmware/GD32F4xx_usb_library/host/class/hid/Source/usbh_hid_core.c","2CDAFDF63EBB98A454A09ACC070B9C2E925C7EEC29AF318F1A8CE5F913C5D200","2CDAFDF63EBB98A454A09ACC070B9C2E925C7EEC29AF318F1A8CE5F913C5D200","True"
"projects/05-semaphores/course/03_FreeRTOS_Binary_Semaphore/Firmware/GD32F4xx_usb_library/host/class/hid/Source/usbh_standard_hid.c","324F535D3213364159EF30D0AB69CB69472D94EE6A25F07D1C624D1B4BB315C3","324F535D3213364159EF30D0AB69CB69472D94EE6A25F07D1C624D1B4BB315C3","True"
"projects/05-semaphores/course/03_FreeRTOS_Binary_Semaphore/Firmware/GD32F4xx_usb_library/host/class/msc/Include/usbh_msc_bbb.h","FE164E019DB850549FA0EDB8A4B2F0C38FF1C7540A834B935C91268D0E275FF8","FE164E019DB850549FA0EDB8A4B2F0C38FF1C7540A834B935C91268D0E275FF8","True"
"projects/05-semaphores/course/03_FreeRTOS_Binary_Semaphore/Firmware/GD32F4xx_usb_library/host/class/msc/Include/usbh_msc_core.h","34B4B4AED85F332B815096EE4C39FBA67C77FEF1F9EB79FC470603568CBE2DC9","34B4B4AED85F332B815096EE4C39FBA67C77FEF1F9EB79FC470603568CBE2DC9","True"
"projects/05-semaphores/course/03_FreeRTOS_Binary_Semaphore/Firmware/GD32F4xx_usb_library/host/class/msc/Include/usbh_msc_scsi.h","E6E8CA26D9A2ABFFE14A21AF356CB07C4058D9052DFD22B46205EC11884A867A","E6E8CA26D9A2ABFFE14A21AF356CB07C4058D9052DFD22B46205EC11884A867A","True"
"projects/05-semaphores/course/03_FreeRTOS_Binary_Semaphore/Firmware/GD32F4xx_usb_library/host/class/msc/Source/usbh_msc_bbb.c","2A82AD623D78CCC1802D851AB7FB124D6ABB5DBEA980AA8C6517E26FF906E049","2A82AD623D78CCC1802D851AB7FB124D6ABB5DBEA980AA8C6517E26FF906E049","True"
"projects/05-semaphores/course/03_FreeRTOS_Binary_Semaphore/Firmware/GD32F4xx_usb_library/host/class/msc/Source/usbh_msc_core.c","5DF338C15161E6C7A6424179245E0E373973B22E81DEA91111AD5613AE0C8690","5DF338C15161E6C7A6424179245E0E373973B22E81DEA91111AD5613AE0C8690","True"
"projects/05-semaphores/course/03_FreeRTOS_Binary_Semaphore/Firmware/GD32F4xx_usb_library/host/class/msc/Source/usbh_msc_fatfs.c","8FD0C5B44F9AC0E35427803F9761E40A5297CAA2ACC078CB9FDE3C25BA4036B1","8FD0C5B44F9AC0E35427803F9761E40A5297CAA2ACC078CB9FDE3C25BA4036B1","True"
"projects/05-semaphores/course/03_FreeRTOS_Binary_Semaphore/Firmware/GD32F4xx_usb_library/host/class/msc/Source/usbh_msc_scsi.c","45E6AD746800250C90834AC684D207DA486F3F0FDA8503284DEF2C537F952A85","45E6AD746800250C90834AC684D207DA486F3F0FDA8503284DEF2C537F952A85","True"
"projects/05-semaphores/course/03_FreeRTOS_Binary_Semaphore/Firmware/GD32F4xx_usb_library/host/core/Include/usbh_core.h","8919B0DA3BC89862AC89DA53BD34CC4F8AF2F7ECEBF23493D3BC0980570EC67D","8919B0DA3BC89862AC89DA53BD34CC4F8AF2F7ECEBF23493D3BC0980570EC67D","True"
"projects/05-semaphores/course/03_FreeRTOS_Binary_Semaphore/Firmware/GD32F4xx_usb_library/host/core/Include/usbh_enum.h","A08D6A471BE77A6BFDF916E166E4A95B49358F209E0708080E4A441D7D454897","A08D6A471BE77A6BFDF916E166E4A95B49358F209E0708080E4A441D7D454897","True"
"projects/05-semaphores/course/03_FreeRTOS_Binary_Semaphore/Firmware/GD32F4xx_usb_library/host/core/Include/usbh_pipe.h","D1AA31749DB419F147E34BF1608F3C79D8846FC9067B138CE90DCC6D68A724B2","D1AA31749DB419F147E34BF1608F3C79D8846FC9067B138CE90DCC6D68A724B2","True"
"projects/05-semaphores/course/03_FreeRTOS_Binary_Semaphore/Firmware/GD32F4xx_usb_library/host/core/Include/usbh_transc.h","B0A9300C836592E16782062A0D898645ADC64EFD21AD96F46B8EF6EBD876499C","B0A9300C836592E16782062A0D898645ADC64EFD21AD96F46B8EF6EBD876499C","True"
"projects/05-semaphores/course/03_FreeRTOS_Binary_Semaphore/Firmware/GD32F4xx_usb_library/host/core/Source/usbh_core.c","2E61C1493A0F04D944A9B1E01924A57908552C5C5920F357DF984F098988DF08","2E61C1493A0F04D944A9B1E01924A57908552C5C5920F357DF984F098988DF08","True"
"projects/05-semaphores/course/03_FreeRTOS_Binary_Semaphore/Firmware/GD32F4xx_usb_library/host/core/Source/usbh_enum.c","273217F6826C6D57A1D210D2A58974AE97A27E15951B98BE25BBCCDEA8133871","273217F6826C6D57A1D210D2A58974AE97A27E15951B98BE25BBCCDEA8133871","True"
"projects/05-semaphores/course/03_FreeRTOS_Binary_Semaphore/Firmware/GD32F4xx_usb_library/host/core/Source/usbh_pipe.c","E8A4253E2A4224333C4343EE0FFD5F280C9875EF57702F44C1973CBD42EDD2E0","E8A4253E2A4224333C4343EE0FFD5F280C9875EF57702F44C1973CBD42EDD2E0","True"
"projects/05-semaphores/course/03_FreeRTOS_Binary_Semaphore/Firmware/GD32F4xx_usb_library/host/core/Source/usbh_transc.c","CF1AE1FCF884275E82634538E997D8D24C31FBE959140909F5BB4E34BCA0BBEF","CF1AE1FCF884275E82634538E997D8D24C31FBE959140909F5BB4E34BCA0BBEF","True"
"projects/05-semaphores/course/03_FreeRTOS_Binary_Semaphore/Firmware/GD32F4xx_usb_library/ustd/class/cdc/usb_cdc.h","FCD43C4F51573D30F01573E2D2856E0BE969C8FFD02D415AADFB69A595DECF4E","FCD43C4F51573D30F01573E2D2856E0BE969C8FFD02D415AADFB69A595DECF4E","True"
"projects/05-semaphores/course/03_FreeRTOS_Binary_Semaphore/Firmware/GD32F4xx_usb_library/ustd/class/hid/usb_hid.h","F3C6A02D4FC46F9512465B6EB2951C8CDDB956AF73422AAB9D2A1BAFC69F2E7B","F3C6A02D4FC46F9512465B6EB2951C8CDDB956AF73422AAB9D2A1BAFC69F2E7B","True"
"projects/05-semaphores/course/03_FreeRTOS_Binary_Semaphore/Firmware/GD32F4xx_usb_library/ustd/class/msc/msc_bbb.h","B884B8F8F7CFAF22512EDE7AE709B5F3591E126D2919AECF4E2B4D7EFEA1F5D6","B884B8F8F7CFAF22512EDE7AE709B5F3591E126D2919AECF4E2B4D7EFEA1F5D6","True"
"projects/05-semaphores/course/03_FreeRTOS_Binary_Semaphore/Firmware/GD32F4xx_usb_library/ustd/class/msc/msc_scsi.h","8842CF305E996369687FA89568C9AEE3D46F745E1AEF6EB58B1A3F519F863631","8842CF305E996369687FA89568C9AEE3D46F745E1AEF6EB58B1A3F519F863631","True"
"projects/05-semaphores/course/03_FreeRTOS_Binary_Semaphore/Firmware/GD32F4xx_usb_library/ustd/class/msc/usb_msc.h","E3C2A096085131687F121DE426EF9154F23CCC26E877129243A648FB8C90B216","E3C2A096085131687F121DE426EF9154F23CCC26E877129243A648FB8C90B216","True"
"projects/05-semaphores/course/03_FreeRTOS_Binary_Semaphore/Firmware/GD32F4xx_usb_library/ustd/common/usb_ch9_std.h","B5249865F377709E456F76CA76CA5499ACE39BAD6A452832DBE535F1989C6D22","B5249865F377709E456F76CA76CA5499ACE39BAD6A452832DBE535F1989C6D22","True"
"projects/05-semaphores/course/03_FreeRTOS_Binary_Semaphore/FreeRTOS/CMakeLists.txt","277777817A51C3B8548C84A61CF5341C43DA40769C833A05AD46FDBD6F7CEED7","277777817A51C3B8548C84A61CF5341C43DA40769C833A05AD46FDBD6F7CEED7","True"
"projects/05-semaphores/course/03_FreeRTOS_Binary_Semaphore/FreeRTOS/croutine.c","EBF0CDCE261DC4A256C06C0D4AD2582E6026A6DA0E973D4CB92092E94CE8F370","EBF0CDCE261DC4A256C06C0D4AD2582E6026A6DA0E973D4CB92092E94CE8F370","True"
"projects/05-semaphores/course/03_FreeRTOS_Binary_Semaphore/FreeRTOS/event_groups.c","76E967B14D231E4F31F014F1564F359A7BFD36BFA263EE6F437AFA8C056DF657","76E967B14D231E4F31F014F1564F359A7BFD36BFA263EE6F437AFA8C056DF657","True"
"projects/05-semaphores/course/03_FreeRTOS_Binary_Semaphore/FreeRTOS/FreeRTOSConfig.h","39B67078D0BB8FD3849F2BB44091A07464B4877075443CB4F6D28AA464C8C05C","39B67078D0BB8FD3849F2BB44091A07464B4877075443CB4F6D28AA464C8C05C","True"
"projects/05-semaphores/course/03_FreeRTOS_Binary_Semaphore/FreeRTOS/include/atomic.h","E6EB26727C6CD0A87E4DEC91CC55B2B1313CC3829E06662A0C73E62CAFD1E751","E6EB26727C6CD0A87E4DEC91CC55B2B1313CC3829E06662A0C73E62CAFD1E751","True"
"projects/05-semaphores/course/03_FreeRTOS_Binary_Semaphore/FreeRTOS/include/croutine.h","CF52C15FA26A8D4F82B55909B75EBFE2AAB25468BA7780748912DDEAD9812B4E","CF52C15FA26A8D4F82B55909B75EBFE2AAB25468BA7780748912DDEAD9812B4E","True"
"projects/05-semaphores/course/03_FreeRTOS_Binary_Semaphore/FreeRTOS/include/deprecated_definitions.h","35000A143464BBBD8DF7C9A6F066A64598A24DA5174A7BE33972E62BFBD75F4D","35000A143464BBBD8DF7C9A6F066A64598A24DA5174A7BE33972E62BFBD75F4D","True"
"projects/05-semaphores/course/03_FreeRTOS_Binary_Semaphore/FreeRTOS/include/event_groups.h","7A38D7A3CE24BD2FF6C6003C94EEA7AA7972179B1F17C1A91374334C6069F027","7A38D7A3CE24BD2FF6C6003C94EEA7AA7972179B1F17C1A91374334C6069F027","True"
"projects/05-semaphores/course/03_FreeRTOS_Binary_Semaphore/FreeRTOS/include/FreeRTOS.h","03E9C94ABA57E3CF7F4F73BC2D3EB4A96AE38F3425EEDB5450622CA286475A0B","03E9C94ABA57E3CF7F4F73BC2D3EB4A96AE38F3425EEDB5450622CA286475A0B","True"
"projects/05-semaphores/course/03_FreeRTOS_Binary_Semaphore/FreeRTOS/include/list.h","DC572F54391C0407FC25DB360D912FCA9118CDDAE7BD2E3099EB13F18804E5A9","DC572F54391C0407FC25DB360D912FCA9118CDDAE7BD2E3099EB13F18804E5A9","True"
"projects/05-semaphores/course/03_FreeRTOS_Binary_Semaphore/FreeRTOS/include/message_buffer.h","9A8141D3D6C8044A57D7E448180C9BD2ED32E45DED32BE288D095A39DCED91AB","9A8141D3D6C8044A57D7E448180C9BD2ED32E45DED32BE288D095A39DCED91AB","True"
"projects/05-semaphores/course/03_FreeRTOS_Binary_Semaphore/FreeRTOS/include/mpu_prototypes.h","2B46A2511CE5D23A56BC83079333D8D0A2E33763E5829C9383252806887A3DC0","2B46A2511CE5D23A56BC83079333D8D0A2E33763E5829C9383252806887A3DC0","True"
"projects/05-semaphores/course/03_FreeRTOS_Binary_Semaphore/FreeRTOS/include/mpu_wrappers.h","5014408CC33F0F616215F2B48C67B0D47CCC35BFD5F0044AC653B5BBC6CF5778","5014408CC33F0F616215F2B48C67B0D47CCC35BFD5F0044AC653B5BBC6CF5778","True"
"projects/05-semaphores/course/03_FreeRTOS_Binary_Semaphore/FreeRTOS/include/portable.h","7ADE8F368002778C723B3C4E14084910B7225CD36363ED0C948E9EA36C6F251F","7ADE8F368002778C723B3C4E14084910B7225CD36363ED0C948E9EA36C6F251F","True"
"projects/05-semaphores/course/03_FreeRTOS_Binary_Semaphore/FreeRTOS/include/projdefs.h","F1FA9FAA0D14851DFF86AACA00559F4B474E5F6D68772D0072842E25351D98B3","F1FA9FAA0D14851DFF86AACA00559F4B474E5F6D68772D0072842E25351D98B3","True"
"projects/05-semaphores/course/03_FreeRTOS_Binary_Semaphore/FreeRTOS/include/queue.h","A3763E24A5A3A38413996FC8392EFD6ADD1D1EE3EF507FBA22DAF75682241FEB","A3763E24A5A3A38413996FC8392EFD6ADD1D1EE3EF507FBA22DAF75682241FEB","True"
"projects/05-semaphores/course/03_FreeRTOS_Binary_Semaphore/FreeRTOS/include/semphr.h","C624E8CDFC07844D4CF35382F3CC908C872375C7A3048482BDC110BDA88CC4F2","C624E8CDFC07844D4CF35382F3CC908C872375C7A3048482BDC110BDA88CC4F2","True"
"projects/05-semaphores/course/03_FreeRTOS_Binary_Semaphore/FreeRTOS/include/stack_macros.h","3CDDF2B3D47AE387E376AC75EB468F9D8FFB575D68C143E08D54AF4087474CCE","3CDDF2B3D47AE387E376AC75EB468F9D8FFB575D68C143E08D54AF4087474CCE","True"
"projects/05-semaphores/course/03_FreeRTOS_Binary_Semaphore/FreeRTOS/include/StackMacros.h","6460E81C910496D51BC39011E35D17F5B5437B5DEB03F9E91222F796D8C8BF79","6460E81C910496D51BC39011E35D17F5B5437B5DEB03F9E91222F796D8C8BF79","True"
"projects/05-semaphores/course/03_FreeRTOS_Binary_Semaphore/FreeRTOS/include/stream_buffer.h","B876D839460197D94D0F95FB93C6AEB457F6FC572D32258480FED7D4DE686B6B","B876D839460197D94D0F95FB93C6AEB457F6FC572D32258480FED7D4DE686B6B","True"
"projects/05-semaphores/course/03_FreeRTOS_Binary_Semaphore/FreeRTOS/include/task.h","CB1B0BBCDC66E39BA3B5A09B3E2829A5D376B8990735980613514903A3C5F493","CB1B0BBCDC66E39BA3B5A09B3E2829A5D376B8990735980613514903A3C5F493","True"
"projects/05-semaphores/course/03_FreeRTOS_Binary_Semaphore/FreeRTOS/include/timers.h","08D73A99380A1BA61376258C52F4FDDF5DF5B6DCBE0F86B0EA03F11A5CA58459","08D73A99380A1BA61376258C52F4FDDF5DF5B6DCBE0F86B0EA03F11A5CA58459","True"
"projects/05-semaphores/course/03_FreeRTOS_Binary_Semaphore/FreeRTOS/list.c","DB5C169CF3EFD68DA1C6A923AC84EEBC724D602C940BDE0B9B5F01F05028FDE4","DB5C169CF3EFD68DA1C6A923AC84EEBC724D602C940BDE0B9B5F01F05028FDE4","True"
"projects/05-semaphores/course/03_FreeRTOS_Binary_Semaphore/FreeRTOS/manifest.yml","F71AEBB742E00AD33F877B3B679B4C24CDB709D7980C3E7836438758DBAA0139","F71AEBB742E00AD33F877B3B679B4C24CDB709D7980C3E7836438758DBAA0139","True"
"projects/05-semaphores/course/03_FreeRTOS_Binary_Semaphore/FreeRTOS/portable/GCC/ARM_CM4F/port.c","11F2202099ED9A73F5AE5EF9DAC414F6D9B257D6480BD9C9A1E38A71B3EE8D41","11F2202099ED9A73F5AE5EF9DAC414F6D9B257D6480BD9C9A1E38A71B3EE8D41","True"
"projects/05-semaphores/course/03_FreeRTOS_Binary_Semaphore/FreeRTOS/portable/GCC/ARM_CM4F/portmacro.h","D569E2A29AF1C742B69CB16E15D256611FA7979BDA2B355E03426D3C40369E42","D569E2A29AF1C742B69CB16E15D256611FA7979BDA2B355E03426D3C40369E42","True"
"projects/05-semaphores/course/03_FreeRTOS_Binary_Semaphore/FreeRTOS/portable/MemMang/heap_1.c","286E3FEE81C9107FC6DEC40405F500CABDCA56836D29747C182F0899BB8997FD","286E3FEE81C9107FC6DEC40405F500CABDCA56836D29747C182F0899BB8997FD","True"
"projects/05-semaphores/course/03_FreeRTOS_Binary_Semaphore/FreeRTOS/portable/MemMang/heap_2.c","A7B035B9ED786593143C8317ACFB49DE21B6450F246036A72331593577E5408B","A7B035B9ED786593143C8317ACFB49DE21B6450F246036A72331593577E5408B","True"
"projects/05-semaphores/course/03_FreeRTOS_Binary_Semaphore/FreeRTOS/portable/MemMang/heap_3.c","E2D5DBB3F3CCBADD8E7AE778F30C18D28B0532EBFE81B03AA6A20E3F75242853","E2D5DBB3F3CCBADD8E7AE778F30C18D28B0532EBFE81B03AA6A20E3F75242853","True"
"projects/05-semaphores/course/03_FreeRTOS_Binary_Semaphore/FreeRTOS/portable/MemMang/heap_4.c","D48A51E34CAED771E6650D95F6C2527E52FDE2A6EBC6F83B49D003AEF0135E05","D48A51E34CAED771E6650D95F6C2527E52FDE2A6EBC6F83B49D003AEF0135E05","True"
"projects/05-semaphores/course/03_FreeRTOS_Binary_Semaphore/FreeRTOS/portable/MemMang/heap_5.c","71B7988059E801A962DC76B956666AAB5564788D5AE437F590080DCB3FDF1881","71B7988059E801A962DC76B956666AAB5564788D5AE437F590080DCB3FDF1881","True"
"projects/05-semaphores/course/03_FreeRTOS_Binary_Semaphore/FreeRTOS/portable/RVDS/ARM_CA9/port.c","484F1EF17F58F3DF0B06026E1BFC8E44471DF51B33CB36D196A2D61369085A9B","484F1EF17F58F3DF0B06026E1BFC8E44471DF51B33CB36D196A2D61369085A9B","True"
"projects/05-semaphores/course/03_FreeRTOS_Binary_Semaphore/FreeRTOS/portable/RVDS/ARM_CA9/portASM.s","CECD728B929B81E8484C603CA00A0F95754C8EC3FF5F6D51728A3563C2E1187C","CECD728B929B81E8484C603CA00A0F95754C8EC3FF5F6D51728A3563C2E1187C","True"
"projects/05-semaphores/course/03_FreeRTOS_Binary_Semaphore/FreeRTOS/portable/RVDS/ARM_CA9/portmacro.h","AF5E80736D03E02590745B6781BB03809D68721BFAB0213C02B3697A4C4F8814","AF5E80736D03E02590745B6781BB03809D68721BFAB0213C02B3697A4C4F8814","True"
"projects/05-semaphores/course/03_FreeRTOS_Binary_Semaphore/FreeRTOS/portable/RVDS/ARM_CM0/port.c","76BE44D607E9E2CB32743386F1A97FF98E7463744DAF687773A0967B00B7F20F","76BE44D607E9E2CB32743386F1A97FF98E7463744DAF687773A0967B00B7F20F","True"
"projects/05-semaphores/course/03_FreeRTOS_Binary_Semaphore/FreeRTOS/portable/RVDS/ARM_CM0/portmacro.h","8E89F1A754EFF06CDCC206A4BDC13F41211D31A432981759FA25B184941078DE","8E89F1A754EFF06CDCC206A4BDC13F41211D31A432981759FA25B184941078DE","True"
"projects/05-semaphores/course/03_FreeRTOS_Binary_Semaphore/FreeRTOS/portable/RVDS/ARM_CM3/port.c","0F5A2323E1BDC135D37FA40DAFAC766095C46FE623F9A20CBF2F0D92405B4067","0F5A2323E1BDC135D37FA40DAFAC766095C46FE623F9A20CBF2F0D92405B4067","True"
"projects/05-semaphores/course/03_FreeRTOS_Binary_Semaphore/FreeRTOS/portable/RVDS/ARM_CM3/portmacro.h","7B6EEFBBA5194658CF11B14F97DD540B1CEEDCB40178F0C97244A063AC53F4E2","7B6EEFBBA5194658CF11B14F97DD540B1CEEDCB40178F0C97244A063AC53F4E2","True"
"projects/05-semaphores/course/03_FreeRTOS_Binary_Semaphore/FreeRTOS/portable/RVDS/ARM_CM4_MPU/port.c","1EBEB0A72801D79FAB99F4D1C43B5D2F34DC75C34E9D39A25F057B304E40685C","1EBEB0A72801D79FAB99F4D1C43B5D2F34DC75C34E9D39A25F057B304E40685C","True"
"projects/05-semaphores/course/03_FreeRTOS_Binary_Semaphore/FreeRTOS/portable/RVDS/ARM_CM4_MPU/portmacro.h","4149E8C08E5AE89F05E1E1E8C5B3BD87143321FDF4510F5693885624B8148DDE","4149E8C08E5AE89F05E1E1E8C5B3BD87143321FDF4510F5693885624B8148DDE","True"
"projects/05-semaphores/course/03_FreeRTOS_Binary_Semaphore/FreeRTOS/portable/RVDS/ARM_CM4F/port.c","6493BDBCD8AC57B5739EDB5CECC8E55EF9C82A8F978FC2F05BE19B2FAF46CEDF","6493BDBCD8AC57B5739EDB5CECC8E55EF9C82A8F978FC2F05BE19B2FAF46CEDF","True"
"projects/05-semaphores/course/03_FreeRTOS_Binary_Semaphore/FreeRTOS/portable/RVDS/ARM_CM4F/portmacro.h","9AA2265C543E086FD40A1B22C3BAFE0E4C2950E1E1F6DE05C803E13D621F9438","9AA2265C543E086FD40A1B22C3BAFE0E4C2950E1E1F6DE05C803E13D621F9438","True"
"projects/05-semaphores/course/03_FreeRTOS_Binary_Semaphore/FreeRTOS/portable/RVDS/ARM_CM7/r0p1/port.c","0B428C045198D97CBF2C7B4BECB063FB067EE8F765F263A37EF3286839B4FE12","0B428C045198D97CBF2C7B4BECB063FB067EE8F765F263A37EF3286839B4FE12","True"
"projects/05-semaphores/course/03_FreeRTOS_Binary_Semaphore/FreeRTOS/portable/RVDS/ARM_CM7/r0p1/portmacro.h","641CCD46A7EBA0E476DEFE30B350847FEE8044DFBF503B6E1ECB9CE3CDACF9F9","641CCD46A7EBA0E476DEFE30B350847FEE8044DFBF503B6E1ECB9CE3CDACF9F9","True"
"projects/05-semaphores/course/03_FreeRTOS_Binary_Semaphore/FreeRTOS/portable/RVDS/ARM_CM7/ReadMe.txt","710C88C6D9BFCC4645C414F151EE23F4C28FB8B4932308B5EB7109EF07B1D1C6","710C88C6D9BFCC4645C414F151EE23F4C28FB8B4932308B5EB7109EF07B1D1C6","True"
"projects/05-semaphores/course/03_FreeRTOS_Binary_Semaphore/FreeRTOS/portable/RVDS/ARM7_LPC21xx/port.c","4F79AF04C94548F73D9DEEA4A81CC841FF172B8D1E27C5E544FB243BD3F147B3","4F79AF04C94548F73D9DEEA4A81CC841FF172B8D1E27C5E544FB243BD3F147B3","True"
"projects/05-semaphores/course/03_FreeRTOS_Binary_Semaphore/FreeRTOS/portable/RVDS/ARM7_LPC21xx/portASM.s","EEC6FD2E493EE97E8592C715AEC32C12EF8E5CEC861DEFCCCC6E30AE584FAFD6","EEC6FD2E493EE97E8592C715AEC32C12EF8E5CEC861DEFCCCC6E30AE584FAFD6","True"
"projects/05-semaphores/course/03_FreeRTOS_Binary_Semaphore/FreeRTOS/portable/RVDS/ARM7_LPC21xx/portmacro.h","7B796FC47E27A4AC381510536369605571DB0ECDD36BA9DBDB7AB4C02FC81C92","7B796FC47E27A4AC381510536369605571DB0ECDD36BA9DBDB7AB4C02FC81C92","True"
"projects/05-semaphores/course/03_FreeRTOS_Binary_Semaphore/FreeRTOS/queue.c","5CDF4FA35FE059446EFFFF5BF20DEAF83DDFFB08921BC198FDA106B1D17DD894","5CDF4FA35FE059446EFFFF5BF20DEAF83DDFFB08921BC198FDA106B1D17DD894","True"
"projects/05-semaphores/course/03_FreeRTOS_Binary_Semaphore/FreeRTOS/stream_buffer.c","86D948694C723B814C9606A6C804EA7C1BD30B3DA518D1D6A83B81F972E3A152","86D948694C723B814C9606A6C804EA7C1BD30B3DA518D1D6A83B81F972E3A152","True"
"projects/05-semaphores/course/03_FreeRTOS_Binary_Semaphore/FreeRTOS/tasks.c","14020D617B96DD2814E1211F6E3B645BCF5E2BD3179C23FE7DD16BC666FE9463","14020D617B96DD2814E1211F6E3B645BCF5E2BD3179C23FE7DD16BC666FE9463","True"
"projects/05-semaphores/course/03_FreeRTOS_Binary_Semaphore/FreeRTOS/timers.c","24962EF361F396AAA5E6E33776EEEDDAF2FB251C87B6FE50602ACC56C537B093","24962EF361F396AAA5E6E33776EEEDDAF2FB251C87B6FE50602ACC56C537B093","True"
"projects/05-semaphores/course/03_FreeRTOS_Binary_Semaphore/Hardware/bsp_buzzer.c","DB132610BB9FD25BB3606FEE7C189AD01FB3F68FEF38D105A74C0609C66B5CEE","DB132610BB9FD25BB3606FEE7C189AD01FB3F68FEF38D105A74C0609C66B5CEE","True"
"projects/05-semaphores/course/03_FreeRTOS_Binary_Semaphore/Hardware/bsp_buzzer.h","A849E5A19D17A5DED0E7438846AFA0D5E3636544ABFC356B361024CA882EC6C5","A849E5A19D17A5DED0E7438846AFA0D5E3636544ABFC356B361024CA882EC6C5","True"
"projects/05-semaphores/course/03_FreeRTOS_Binary_Semaphore/Hardware/bsp_buzzer2.c","D4F400CA00C8ACE082181E1D587A2B1CE7CC29C870BCA80C8A920BF78710B2C1","D4F400CA00C8ACE082181E1D587A2B1CE7CC29C870BCA80C8A920BF78710B2C1","True"
"projects/05-semaphores/course/03_FreeRTOS_Binary_Semaphore/Hardware/bsp_buzzer2.h","A849E5A19D17A5DED0E7438846AFA0D5E3636544ABFC356B361024CA882EC6C5","A849E5A19D17A5DED0E7438846AFA0D5E3636544ABFC356B361024CA882EC6C5","True"
"projects/05-semaphores/course/03_FreeRTOS_Binary_Semaphore/Hardware/bsp_keys.c","F9CE7CA7732415114E7154146B0D490E39AAE7E2C05E7344F24461B46FA985EC","F9CE7CA7732415114E7154146B0D490E39AAE7E2C05E7344F24461B46FA985EC","True"
"projects/05-semaphores/course/03_FreeRTOS_Binary_Semaphore/Hardware/bsp_keys.h","F64D5E4FADDC660DB8D181B7C63C92E9D3E84B21940BE4B1B930D9F2088E95CC","F64D5E4FADDC660DB8D181B7C63C92E9D3E84B21940BE4B1B930D9F2088E95CC","True"
"projects/05-semaphores/course/03_FreeRTOS_Binary_Semaphore/Library/EXTI_config.h","3FC4D72800A241220830F878A4A41597CFA7754FF9D907C88BCFE6B5DC2F95A4","3FC4D72800A241220830F878A4A41597CFA7754FF9D907C88BCFE6B5DC2F95A4","True"
"projects/05-semaphores/course/03_FreeRTOS_Binary_Semaphore/Library/EXTI.c","FB93261F829F40640F1A433BC5AAB1BBFA435DE2091BD64B2D1AFF65CDA4F2A6","FB93261F829F40640F1A433BC5AAB1BBFA435DE2091BD64B2D1AFF65CDA4F2A6","True"
"projects/05-semaphores/course/03_FreeRTOS_Binary_Semaphore/Library/EXTI.h","4F9D3299CE5AC87CA0A74350C61AA1E7BB6D6CA2151C36A683A2334CAC926B84","4F9D3299CE5AC87CA0A74350C61AA1E7BB6D6CA2151C36A683A2334CAC926B84","True"
"projects/05-semaphores/course/03_FreeRTOS_Binary_Semaphore/Library/I2C0.c","1902450E399F26AB11BABACB640C9C56389B2188FF852E3E6A58D60E16AF528E","1902450E399F26AB11BABACB640C9C56389B2188FF852E3E6A58D60E16AF528E","True"
"projects/05-semaphores/course/03_FreeRTOS_Binary_Semaphore/Library/I2C0.h","E30F8BA27DF76E3682B8D0325EB2B9DAAF13A20CFF0E1FC59A4625625996AF42","E30F8BA27DF76E3682B8D0325EB2B9DAAF13A20CFF0E1FC59A4625625996AF42","True"
"projects/05-semaphores/course/03_FreeRTOS_Binary_Semaphore/Library/TIMER_config.h","0F71149D9C614C36E340E830A0AD8003015C8C656A3DB89ABA39760C24389263","0F71149D9C614C36E340E830A0AD8003015C8C656A3DB89ABA39760C24389263","True"
"projects/05-semaphores/course/03_FreeRTOS_Binary_Semaphore/Library/TIMER.c","68A9D9BBDB446C51E0C577B7E7969E8F3513AF7E4736C10BC6D579FBF5661435","68A9D9BBDB446C51E0C577B7E7969E8F3513AF7E4736C10BC6D579FBF5661435","True"
"projects/05-semaphores/course/03_FreeRTOS_Binary_Semaphore/Library/TIMER.h","51A72D9863C245195AD3CD40ADDB0D573930D5AB540B30D3D971AD2AF6B2E80E","51A72D9863C245195AD3CD40ADDB0D573930D5AB540B30D3D971AD2AF6B2E80E","True"
"projects/05-semaphores/course/03_FreeRTOS_Binary_Semaphore/Library/USART_config.h","73E72408B41955E419784B2A24B0FBD8AD81A334AA38EB9DB60A7DDAE97AD633","73E72408B41955E419784B2A24B0FBD8AD81A334AA38EB9DB60A7DDAE97AD633","True"
"projects/05-semaphores/course/03_FreeRTOS_Binary_Semaphore/Library/USART0.c","090832CB28525FC58A2B62D32A0CBFABA134C47E9A79E47573855CF78EEB67E9","090832CB28525FC58A2B62D32A0CBFABA134C47E9A79E47573855CF78EEB67E9","True"
"projects/05-semaphores/course/03_FreeRTOS_Binary_Semaphore/Library/USART0.h","6016FD90E22446BB90BE0996EA5EE6493AB9CDF6E7F71024ED583F05C4860399","6016FD90E22446BB90BE0996EA5EE6493AB9CDF6E7F71024ED583F05C4860399","True"
"projects/05-semaphores/course/03_FreeRTOS_Binary_Semaphore/Project/GD32F407.uvprojx","DFA735BB80FB328EACB866BAD99B5B65EAB8BB5B336B19E663010896F5E83D17","DFA735BB80FB328EACB866BAD99B5B65EAB8BB5B336B19E663010896F5E83D17","True"
"projects/05-semaphores/course/03_FreeRTOS_Binary_Semaphore/Project/Target 1_alog.txt","0B9BA704E51F3C345F3002B755D343858901136253F698350CCFB56A9B61BA1F","0B9BA704E51F3C345F3002B755D343858901136253F698350CCFB56A9B61BA1F","True"
"projects/05-semaphores/course/03_FreeRTOS_Binary_Semaphore/Project/Target 1_analysis.xlsx","1A692D5ADE966920A47C05F0528EB55CBC9CDCAA32171210E7B3873C4AE8D5B3","1A692D5ADE966920A47C05F0528EB55CBC9CDCAA32171210E7B3873C4AE8D5B3","True"
"projects/05-semaphores/course/03_FreeRTOS_Binary_Semaphore/Project/Target 1_sort_by_flash.csv","08664979AC16CBDE3CC4028E23DA8F44610BB6C9C5D0F3FB3D5389B1673B9EF4","08664979AC16CBDE3CC4028E23DA8F44610BB6C9C5D0F3FB3D5389B1673B9EF4","True"
"projects/05-semaphores/course/03_FreeRTOS_Binary_Semaphore/Project/Target 1_sort_by_ram.csv","DF2E29E48AE3DC182FEAB217ADD995044AB6CDF9059F7F0D57E5469F640948C1","DF2E29E48AE3DC182FEAB217ADD995044AB6CDF9059F7F0D57E5469F640948C1","True"
"projects/05-semaphores/course/03_FreeRTOS_Binary_Semaphore/README.md","E3B0C44298FC1C149AFBF4C8996FB92427AE41E4649B934CA495991B7852B855","E3B0C44298FC1C149AFBF4C8996FB92427AE41E4649B934CA495991B7852B855","True"
"projects/05-semaphores/course/03_FreeRTOS_Binary_Semaphore/User/gd32f4xx_it.c","4AF8D0E30992B84018E763B4465FAF58DB22B108F3E64F997CE229AE1243FBFC","4AF8D0E30992B84018E763B4465FAF58DB22B108F3E64F997CE229AE1243FBFC","True"
"projects/05-semaphores/course/03_FreeRTOS_Binary_Semaphore/User/gd32f4xx_it.h","B4995762AE5CEB7125CC9720CEA7E2BAD8640C23B87ED1856D9B8A380A5FC8C3","B4995762AE5CEB7125CC9720CEA7E2BAD8640C23B87ED1856D9B8A380A5FC8C3","True"
"projects/05-semaphores/course/03_FreeRTOS_Binary_Semaphore/User/gd32f4xx_libopt.h","702C6D85987BCDDDD363A8412C5806255F6C746065DA984EB21896C5DDD6BF09","702C6D85987BCDDDD363A8412C5806255F6C746065DA984EB21896C5DDD6BF09","True"
"projects/05-semaphores/course/03_FreeRTOS_Binary_Semaphore/User/main.c","333402F8542E53139D43EEE8685610E453EC210150E3E1AA242BB9E18A3EBECE","333402F8542E53139D43EEE8685610E453EC210150E3E1AA242BB9E18A3EBECE","True"
"projects/05-semaphores/course/03_FreeRTOS_Binary_Semaphore/User/main.h","32C273B119ABF22DA51E2782C09853A1545B1DF1364A13EFFA2B465379E1A53C","32C273B119ABF22DA51E2782C09853A1545B1DF1364A13EFFA2B465379E1A53C","True"
"projects/05-semaphores/course/03_FreeRTOS_Binary_Semaphore/User/readme.txt","A45BD1E14D470B46BE2D57C9D35147E41204556CC4BB4E25EA3C7B6B424A0B7C","A45BD1E14D470B46BE2D57C9D35147E41204556CC4BB4E25EA3C7B6B424A0B7C","True"
"projects/05-semaphores/course/03_FreeRTOS_Binary_Semaphore/User/systick.c","8D524363D38E222D3E8A2281F06972493AE62F379A138637B65419C59E06CBD2","8D524363D38E222D3E8A2281F06972493AE62F379A138637B65419C59E06CBD2","True"
"projects/05-semaphores/course/03_FreeRTOS_Binary_Semaphore/User/systick.h","E74F1981340E6162CCE52F39F73009B1570EFB7F024410652F494E77997DA025","E74F1981340E6162CCE52F39F73009B1570EFB7F024410652F494E77997DA025","True"
"projects/05-semaphores/course/04_FreeRTOS_Binary_Semaphore2/Doc/readme.txt","E3B0C44298FC1C149AFBF4C8996FB92427AE41E4649B934CA495991B7852B855","E3B0C44298FC1C149AFBF4C8996FB92427AE41E4649B934CA495991B7852B855","True"
"projects/05-semaphores/course/04_FreeRTOS_Binary_Semaphore2/Firmware/CMSIS/core_cm4_simd.h","0C2A0C2D66C7791B82CA19D10336C96518830EF359F6BFD9DA7477BC2CBCCBBB","0C2A0C2D66C7791B82CA19D10336C96518830EF359F6BFD9DA7477BC2CBCCBBB","True"
"projects/05-semaphores/course/04_FreeRTOS_Binary_Semaphore2/Firmware/CMSIS/core_cm4.h","4756546E1449D17B1A7DEE2F3307F2C92C9F1D669C3F5DFC3EE1DEC8AEE9A8F7","4756546E1449D17B1A7DEE2F3307F2C92C9F1D669C3F5DFC3EE1DEC8AEE9A8F7","True"
"projects/05-semaphores/course/04_FreeRTOS_Binary_Semaphore2/Firmware/CMSIS/core_cmFunc.h","5075FF67C8E264B83D9B391C07C6512E26ABBC189E321DE0D8B4375476980E5E","5075FF67C8E264B83D9B391C07C6512E26ABBC189E321DE0D8B4375476980E5E","True"
"projects/05-semaphores/course/04_FreeRTOS_Binary_Semaphore2/Firmware/CMSIS/core_cmInstr.h","C35DDCA16CA04646DC70ACF2D592AD9EAEAAECD8125A32ABB710069648266EB5","C35DDCA16CA04646DC70ACF2D592AD9EAEAAECD8125A32ABB710069648266EB5","True"
"projects/05-semaphores/course/04_FreeRTOS_Binary_Semaphore2/Firmware/CMSIS/GD/GD32F4xx/Include/gd32f4xx.h","96F1F6884C9885D32DF760A385CA0B5E8E9B20C066F71B946771A00503623A62","96F1F6884C9885D32DF760A385CA0B5E8E9B20C066F71B946771A00503623A62","True"
"projects/05-semaphores/course/04_FreeRTOS_Binary_Semaphore2/Firmware/CMSIS/GD/GD32F4xx/Include/system_gd32f4xx.h","98EF2DD6DD7F6D2542C4D5CA83E9869BE3630B43300CB9AB453703E4277913BD","98EF2DD6DD7F6D2542C4D5CA83E9869BE3630B43300CB9AB453703E4277913BD","True"
"projects/05-semaphores/course/04_FreeRTOS_Binary_Semaphore2/Firmware/CMSIS/GD/GD32F4xx/Source/ARM/startup_gd32f405_425.s","AEF6290F6950C0B7FB922FD12B91B3FC34ADA707A6846AA5D7A1277FDD50FBD9","AEF6290F6950C0B7FB922FD12B91B3FC34ADA707A6846AA5D7A1277FDD50FBD9","True"
"projects/05-semaphores/course/04_FreeRTOS_Binary_Semaphore2/Firmware/CMSIS/GD/GD32F4xx/Source/ARM/startup_gd32f407_427.s","65127CC1FFC7BB0C6E3AB3E1EF32C8F935D09EF4A83AC4914E089D40C39B8B5B","65127CC1FFC7BB0C6E3AB3E1EF32C8F935D09EF4A83AC4914E089D40C39B8B5B","True"
"projects/05-semaphores/course/04_FreeRTOS_Binary_Semaphore2/Firmware/CMSIS/GD/GD32F4xx/Source/ARM/startup_gd32f450_470.s","A4E9852BA47AAD025DE9645D067FAB33DDA87B8E82DEA6D77B3364F902345299","A4E9852BA47AAD025DE9645D067FAB33DDA87B8E82DEA6D77B3364F902345299","True"
"projects/05-semaphores/course/04_FreeRTOS_Binary_Semaphore2/Firmware/CMSIS/GD/GD32F4xx/Source/IAR/startup_gd32f405_425.s","70E76C6AD0182A5682773261E308008BC1102C09839605A0E058851173026836","70E76C6AD0182A5682773261E308008BC1102C09839605A0E058851173026836","True"
"projects/05-semaphores/course/04_FreeRTOS_Binary_Semaphore2/Firmware/CMSIS/GD/GD32F4xx/Source/IAR/startup_gd32f407_427.s","550D6CA54DE7F8FCB2791AAF9141666BA15978C55017FA6798BF0CA80A2864C6","550D6CA54DE7F8FCB2791AAF9141666BA15978C55017FA6798BF0CA80A2864C6","True"
"projects/05-semaphores/course/04_FreeRTOS_Binary_Semaphore2/Firmware/CMSIS/GD/GD32F4xx/Source/IAR/startup_gd32f450_470.s","EE6654F1D551C6937D014FE943342B0395A32076E5AC8DD688C600EACB9BD343","EE6654F1D551C6937D014FE943342B0395A32076E5AC8DD688C600EACB9BD343","True"
"projects/05-semaphores/course/04_FreeRTOS_Binary_Semaphore2/Firmware/CMSIS/GD/GD32F4xx/Source/system_gd32f4xx.c","8F66A123756716CF74297A7B54EEC616F230CBBC37DFB60F21BF05D1BC070836","8F66A123756716CF74297A7B54EEC616F230CBBC37DFB60F21BF05D1BC070836","True"
"projects/05-semaphores/course/04_FreeRTOS_Binary_Semaphore2/Firmware/GD32F4xx_standard_peripheral/Include/gd32f4xx_adc.h","D6B41E007F1EE95E5FA1B495F94924F7E6166439FBF3E9234A26B5FA6C32F1DE","D6B41E007F1EE95E5FA1B495F94924F7E6166439FBF3E9234A26B5FA6C32F1DE","True"
"projects/05-semaphores/course/04_FreeRTOS_Binary_Semaphore2/Firmware/GD32F4xx_standard_peripheral/Include/gd32f4xx_can.h","62A96066D7B8A1CEF45AB4092FCE5058B962050EB1C9E4B3585F0E19B9F30578","62A96066D7B8A1CEF45AB4092FCE5058B962050EB1C9E4B3585F0E19B9F30578","True"
"projects/05-semaphores/course/04_FreeRTOS_Binary_Semaphore2/Firmware/GD32F4xx_standard_peripheral/Include/gd32f4xx_crc.h","4870F145AEEC968F3A7A0A5068105591E1ADEB9A37A5E47FDCC9D27D7D3AFBD6","4870F145AEEC968F3A7A0A5068105591E1ADEB9A37A5E47FDCC9D27D7D3AFBD6","True"
"projects/05-semaphores/course/04_FreeRTOS_Binary_Semaphore2/Firmware/GD32F4xx_standard_peripheral/Include/gd32f4xx_ctc.h","900AB7D5F9C585834166A58966C8D523FF91D410066D00BBED3E6522C25782D7","900AB7D5F9C585834166A58966C8D523FF91D410066D00BBED3E6522C25782D7","True"
"projects/05-semaphores/course/04_FreeRTOS_Binary_Semaphore2/Firmware/GD32F4xx_standard_peripheral/Include/gd32f4xx_dac.h","86057CC0C52A32F955A12F47ABA1E4997AC2DABA13B10A686D8777579F638AFB","86057CC0C52A32F955A12F47ABA1E4997AC2DABA13B10A686D8777579F638AFB","True"
"projects/05-semaphores/course/04_FreeRTOS_Binary_Semaphore2/Firmware/GD32F4xx_standard_peripheral/Include/gd32f4xx_dbg.h","21A089B5880F1D101116BD37EAAC7A085A103901A40900E75941130D901B150E","21A089B5880F1D101116BD37EAAC7A085A103901A40900E75941130D901B150E","True"
"projects/05-semaphores/course/04_FreeRTOS_Binary_Semaphore2/Firmware/GD32F4xx_standard_peripheral/Include/gd32f4xx_dci.h","787F449F0B2EBA5BBCC92B0D50899FA668CEA6ED9CCAB3960EBA0B2253CC7748","787F449F0B2EBA5BBCC92B0D50899FA668CEA6ED9CCAB3960EBA0B2253CC7748","True"
"projects/05-semaphores/course/04_FreeRTOS_Binary_Semaphore2/Firmware/GD32F4xx_standard_peripheral/Include/gd32f4xx_dma.h","F358957EBF98C4C449480A088E349CDAC2716394C24FA4111DE08B06FCDC5094","F358957EBF98C4C449480A088E349CDAC2716394C24FA4111DE08B06FCDC5094","True"
"projects/05-semaphores/course/04_FreeRTOS_Binary_Semaphore2/Firmware/GD32F4xx_standard_peripheral/Include/gd32f4xx_enet.h","2BDBC2BE9B0E3BA398DEEAB38021442A2CFEEDFF21FC353CF3B16C717A2CDF9B","2BDBC2BE9B0E3BA398DEEAB38021442A2CFEEDFF21FC353CF3B16C717A2CDF9B","True"
"projects/05-semaphores/course/04_FreeRTOS_Binary_Semaphore2/Firmware/GD32F4xx_standard_peripheral/Include/gd32f4xx_exmc.h","68482B678DD868085A6BE6317EEC18873D43F895936E503487E843E561A0D55E","68482B678DD868085A6BE6317EEC18873D43F895936E503487E843E561A0D55E","True"
"projects/05-semaphores/course/04_FreeRTOS_Binary_Semaphore2/Firmware/GD32F4xx_standard_peripheral/Include/gd32f4xx_exti.h","705948F029F63A5995D9849A60E417D6210ECE34C8E942C76A2D4E7A2B927426","705948F029F63A5995D9849A60E417D6210ECE34C8E942C76A2D4E7A2B927426","True"
"projects/05-semaphores/course/04_FreeRTOS_Binary_Semaphore2/Firmware/GD32F4xx_standard_peripheral/Include/gd32f4xx_fmc.h","5A5D9F0B1CE1E7486206130F80048F81A6D3E9E6337BF0A4C69D4A1D5EDC9F7E","5A5D9F0B1CE1E7486206130F80048F81A6D3E9E6337BF0A4C69D4A1D5EDC9F7E","True"
"projects/05-semaphores/course/04_FreeRTOS_Binary_Semaphore2/Firmware/GD32F4xx_standard_peripheral/Include/gd32f4xx_fwdgt.h","04CB4EE0D6526910CF9CA8BEFC437FC6DF3FDFE09FB0BC418AB7EA5C19611A50","04CB4EE0D6526910CF9CA8BEFC437FC6DF3FDFE09FB0BC418AB7EA5C19611A50","True"
"projects/05-semaphores/course/04_FreeRTOS_Binary_Semaphore2/Firmware/GD32F4xx_standard_peripheral/Include/gd32f4xx_gpio.h","A20501A28644BF45B8E3C4AB2A7237466805C1480B06E7D6C8585296D7F08787","A20501A28644BF45B8E3C4AB2A7237466805C1480B06E7D6C8585296D7F08787","True"
"projects/05-semaphores/course/04_FreeRTOS_Binary_Semaphore2/Firmware/GD32F4xx_standard_peripheral/Include/gd32f4xx_i2c.h","6CF4053E2452263CDFCB98DA0832CE1F2F1B0380C1BEA5D4284C1DF0D5CBBB05","6CF4053E2452263CDFCB98DA0832CE1F2F1B0380C1BEA5D4284C1DF0D5CBBB05","True"
"projects/05-semaphores/course/04_FreeRTOS_Binary_Semaphore2/Firmware/GD32F4xx_standard_peripheral/Include/gd32f4xx_ipa.h","1AD22068402E09BAE4117E637ED972FCD7452751CCBE01C7829AEA7DF45AE8AE","1AD22068402E09BAE4117E637ED972FCD7452751CCBE01C7829AEA7DF45AE8AE","True"
"projects/05-semaphores/course/04_FreeRTOS_Binary_Semaphore2/Firmware/GD32F4xx_standard_peripheral/Include/gd32f4xx_iref.h","D9D1E67FD4473F44B2F7E22BB78C3DFA9B5109D083AF1B0FDC63EC657B241C4A","D9D1E67FD4473F44B2F7E22BB78C3DFA9B5109D083AF1B0FDC63EC657B241C4A","True"
"projects/05-semaphores/course/04_FreeRTOS_Binary_Semaphore2/Firmware/GD32F4xx_standard_peripheral/Include/gd32f4xx_misc.h","0A918F830F0200C0E806DFB50594259783E69D8ADBC27708705567F7193D35FB","0A918F830F0200C0E806DFB50594259783E69D8ADBC27708705567F7193D35FB","True"
"projects/05-semaphores/course/04_FreeRTOS_Binary_Semaphore2/Firmware/GD32F4xx_standard_peripheral/Include/gd32f4xx_pmu.h","B9A72B6E42083EFD170C0C5FBE579C5D6417F9BBF674DB36041BE96FCBD84636","B9A72B6E42083EFD170C0C5FBE579C5D6417F9BBF674DB36041BE96FCBD84636","True"
"projects/05-semaphores/course/04_FreeRTOS_Binary_Semaphore2/Firmware/GD32F4xx_standard_peripheral/Include/gd32f4xx_rcu.h","AC2B2AE653EDC89E674EDA24E1CFE8B511B73984AE0CABED3DF60BA61F8EEF08","AC2B2AE653EDC89E674EDA24E1CFE8B511B73984AE0CABED3DF60BA61F8EEF08","True"
"projects/05-semaphores/course/04_FreeRTOS_Binary_Semaphore2/Firmware/GD32F4xx_standard_peripheral/Include/gd32f4xx_rtc.h","1798B1B495683096D4491CF0F854957D2AD60612F65A801ED0E7A4BEE49FA549","1798B1B495683096D4491CF0F854957D2AD60612F65A801ED0E7A4BEE49FA549","True"
"projects/05-semaphores/course/04_FreeRTOS_Binary_Semaphore2/Firmware/GD32F4xx_standard_peripheral/Include/gd32f4xx_sdio.h","8D6813EFC565E3085611D767EA4E670E0C76A256C6F17FC93F313BCB11D0385A","8D6813EFC565E3085611D767EA4E670E0C76A256C6F17FC93F313BCB11D0385A","True"
"projects/05-semaphores/course/04_FreeRTOS_Binary_Semaphore2/Firmware/GD32F4xx_standard_peripheral/Include/gd32f4xx_spi.h","4C6360C8FE58D4A38E4870BCBA17630857551D3EC7B4BD3DDEB5085C31240B1C","4C6360C8FE58D4A38E4870BCBA17630857551D3EC7B4BD3DDEB5085C31240B1C","True"
"projects/05-semaphores/course/04_FreeRTOS_Binary_Semaphore2/Firmware/GD32F4xx_standard_peripheral/Include/gd32f4xx_syscfg.h","5060FEF0A07A3FC1396A31F09F95FE1D134F8A1FB1581E3DD98BB6078108C447","5060FEF0A07A3FC1396A31F09F95FE1D134F8A1FB1581E3DD98BB6078108C447","True"
"projects/05-semaphores/course/04_FreeRTOS_Binary_Semaphore2/Firmware/GD32F4xx_standard_peripheral/Include/gd32f4xx_timer.h","7A79F81F1D862A1B49F23BFE05B1AC751A71E761B6E63C2DFFABE6C7BC69AC49","7A79F81F1D862A1B49F23BFE05B1AC751A71E761B6E63C2DFFABE6C7BC69AC49","True"
"projects/05-semaphores/course/04_FreeRTOS_Binary_Semaphore2/Firmware/GD32F4xx_standard_peripheral/Include/gd32f4xx_tli.h","1B94EA157AC8CE2FED962B0C4FF95B6702C6194300AA51B04C3AAFE493768D2A","1B94EA157AC8CE2FED962B0C4FF95B6702C6194300AA51B04C3AAFE493768D2A","True"
"projects/05-semaphores/course/04_FreeRTOS_Binary_Semaphore2/Firmware/GD32F4xx_standard_peripheral/Include/gd32f4xx_trng.h","91E2BB5AFFEFA65F90927FAD795FAA0F4204516284ECA38E461506F0CD9CA924","91E2BB5AFFEFA65F90927FAD795FAA0F4204516284ECA38E461506F0CD9CA924","True"
"projects/05-semaphores/course/04_FreeRTOS_Binary_Semaphore2/Firmware/GD32F4xx_standard_peripheral/Include/gd32f4xx_usart.h","6CF40E957A1216C99E3663D667DE1944C42272897011834BF20ADCD97E791074","6CF40E957A1216C99E3663D667DE1944C42272897011834BF20ADCD97E791074","True"
"projects/05-semaphores/course/04_FreeRTOS_Binary_Semaphore2/Firmware/GD32F4xx_standard_peripheral/Include/gd32f4xx_wwdgt.h","01EECFC98B4507AEB8F0AFBE7D994EA0A617A79E5D4EB2D1D4A85979BA014EFE","01EECFC98B4507AEB8F0AFBE7D994EA0A617A79E5D4EB2D1D4A85979BA014EFE","True"
"projects/05-semaphores/course/04_FreeRTOS_Binary_Semaphore2/Firmware/GD32F4xx_standard_peripheral/Source/gd32f4xx_adc.c","8A5C91EC7A397B53EFD086646674D273ECE00F36C9610AB50715FE1521BA4112","8A5C91EC7A397B53EFD086646674D273ECE00F36C9610AB50715FE1521BA4112","True"
"projects/05-semaphores/course/04_FreeRTOS_Binary_Semaphore2/Firmware/GD32F4xx_standard_peripheral/Source/gd32f4xx_can.c","CE0E343B00856972EABACCC1F4D88C051796A8D1E30C4596312FC29A533DB8BA","CE0E343B00856972EABACCC1F4D88C051796A8D1E30C4596312FC29A533DB8BA","True"
"projects/05-semaphores/course/04_FreeRTOS_Binary_Semaphore2/Firmware/GD32F4xx_standard_peripheral/Source/gd32f4xx_crc.c","C14034159E72E082AA70E2A8CBA60FFCF950B63D75AE467706632F32EC00F315","C14034159E72E082AA70E2A8CBA60FFCF950B63D75AE467706632F32EC00F315","True"
"projects/05-semaphores/course/04_FreeRTOS_Binary_Semaphore2/Firmware/GD32F4xx_standard_peripheral/Source/gd32f4xx_ctc.c","07F4A6385C6FFB2E18ECF95DAAE6A431FB91262FA988835A249A64F4002280A1","07F4A6385C6FFB2E18ECF95DAAE6A431FB91262FA988835A249A64F4002280A1","True"
"projects/05-semaphores/course/04_FreeRTOS_Binary_Semaphore2/Firmware/GD32F4xx_standard_peripheral/Source/gd32f4xx_dac.c","ACE5C99F1E2774D955CA4E4D5D6E81B2D831F718098487EA3E8C2C34C960E160","ACE5C99F1E2774D955CA4E4D5D6E81B2D831F718098487EA3E8C2C34C960E160","True"
"projects/05-semaphores/course/04_FreeRTOS_Binary_Semaphore2/Firmware/GD32F4xx_standard_peripheral/Source/gd32f4xx_dbg.c","6EEC659FD6B5C549226BAE8E9C9C78785B064D557434189BB221287D550FE291","6EEC659FD6B5C549226BAE8E9C9C78785B064D557434189BB221287D550FE291","True"
"projects/05-semaphores/course/04_FreeRTOS_Binary_Semaphore2/Firmware/GD32F4xx_standard_peripheral/Source/gd32f4xx_dci.c","B99613D9A21A02DD39117F30B9A488B859209AB3489DCFDE7361D147CDF76516","B99613D9A21A02DD39117F30B9A488B859209AB3489DCFDE7361D147CDF76516","True"
"projects/05-semaphores/course/04_FreeRTOS_Binary_Semaphore2/Firmware/GD32F4xx_standard_peripheral/Source/gd32f4xx_dma.c","2D943A169ABABCC22CBC6C41665F5CE375C30B63005954E1D34BB3218CB63FAF","2D943A169ABABCC22CBC6C41665F5CE375C30B63005954E1D34BB3218CB63FAF","True"
"projects/05-semaphores/course/04_FreeRTOS_Binary_Semaphore2/Firmware/GD32F4xx_standard_peripheral/Source/gd32f4xx_enet.c","3051E8737C463D23D07B9C9AD937BC7C488BB573738B2313982870DAA670E87E","3051E8737C463D23D07B9C9AD937BC7C488BB573738B2313982870DAA670E87E","True"
"projects/05-semaphores/course/04_FreeRTOS_Binary_Semaphore2/Firmware/GD32F4xx_standard_peripheral/Source/gd32f4xx_exmc.c","E4A79B377C89D9EB8BD5BE101E273AD5EFBA0C2A24FB4621AB7BC124BEEEAEBF","E4A79B377C89D9EB8BD5BE101E273AD5EFBA0C2A24FB4621AB7BC124BEEEAEBF","True"
"projects/05-semaphores/course/04_FreeRTOS_Binary_Semaphore2/Firmware/GD32F4xx_standard_peripheral/Source/gd32f4xx_exti.c","FCE4A7ECA93486D71A9E5758642F2282AE7F8805DBB559312837A0B17577FE58","FCE4A7ECA93486D71A9E5758642F2282AE7F8805DBB559312837A0B17577FE58","True"
"projects/05-semaphores/course/04_FreeRTOS_Binary_Semaphore2/Firmware/GD32F4xx_standard_peripheral/Source/gd32f4xx_fmc.c","15408829D2405432FC8ED73D5D8C6BBB1E6C74540F1B817983BABD62E22CAB16","15408829D2405432FC8ED73D5D8C6BBB1E6C74540F1B817983BABD62E22CAB16","True"
"projects/05-semaphores/course/04_FreeRTOS_Binary_Semaphore2/Firmware/GD32F4xx_standard_peripheral/Source/gd32f4xx_fwdgt.c","05B67D15069CED6F0472E4115ECD16064402E0D6220561499000025A8CD189B7","05B67D15069CED6F0472E4115ECD16064402E0D6220561499000025A8CD189B7","True"
"projects/05-semaphores/course/04_FreeRTOS_Binary_Semaphore2/Firmware/GD32F4xx_standard_peripheral/Source/gd32f4xx_gpio.c","262BEFE864D5DA3BADA64D0B3DAB29E5C2747E46B154EDE8BCAB0B788DB614E0","262BEFE864D5DA3BADA64D0B3DAB29E5C2747E46B154EDE8BCAB0B788DB614E0","True"
"projects/05-semaphores/course/04_FreeRTOS_Binary_Semaphore2/Firmware/GD32F4xx_standard_peripheral/Source/gd32f4xx_i2c.c","8EDFAF1A8F0BF2833923D0072FE1B9D0467382B3EC1D243E918D0DE9711CCCD2","8EDFAF1A8F0BF2833923D0072FE1B9D0467382B3EC1D243E918D0DE9711CCCD2","True"
"projects/05-semaphores/course/04_FreeRTOS_Binary_Semaphore2/Firmware/GD32F4xx_standard_peripheral/Source/gd32f4xx_ipa.c","38A8350304763C1C83B4D2341F6782B090CA09ABE541AC360089B5CB454BCF57","38A8350304763C1C83B4D2341F6782B090CA09ABE541AC360089B5CB454BCF57","True"
"projects/05-semaphores/course/04_FreeRTOS_Binary_Semaphore2/Firmware/GD32F4xx_standard_peripheral/Source/gd32f4xx_iref.c","24F2FCFCD20882FD3E65773A281A827BF5391A0A8054324EEF7C98BB3F2B9B80","24F2FCFCD20882FD3E65773A281A827BF5391A0A8054324EEF7C98BB3F2B9B80","True"
"projects/05-semaphores/course/04_FreeRTOS_Binary_Semaphore2/Firmware/GD32F4xx_standard_peripheral/Source/gd32f4xx_misc.c","1CD262F295155428C25DEDC69BFBAB99F7A99DE09E0B602ECA1F2C6017CFE2DA","1CD262F295155428C25DEDC69BFBAB99F7A99DE09E0B602ECA1F2C6017CFE2DA","True"
"projects/05-semaphores/course/04_FreeRTOS_Binary_Semaphore2/Firmware/GD32F4xx_standard_peripheral/Source/gd32f4xx_pmu.c","DAFA94838A55132E3313234C5AC2BE6172116DC26574347363D554EFFB186D79","DAFA94838A55132E3313234C5AC2BE6172116DC26574347363D554EFFB186D79","True"
"projects/05-semaphores/course/04_FreeRTOS_Binary_Semaphore2/Firmware/GD32F4xx_standard_peripheral/Source/gd32f4xx_rcu.c","6C1030EB58EC7CB9C41E2A1FF31DDEF87F70DD083222327978234004C4E95B98","6C1030EB58EC7CB9C41E2A1FF31DDEF87F70DD083222327978234004C4E95B98","True"
"projects/05-semaphores/course/04_FreeRTOS_Binary_Semaphore2/Firmware/GD32F4xx_standard_peripheral/Source/gd32f4xx_rtc.c","EEA5BCB92C88A7BAB9F3740F8E9408236412A546B03A5467F21B0F94A01183E7","EEA5BCB92C88A7BAB9F3740F8E9408236412A546B03A5467F21B0F94A01183E7","True"
"projects/05-semaphores/course/04_FreeRTOS_Binary_Semaphore2/Firmware/GD32F4xx_standard_peripheral/Source/gd32f4xx_sdio.c","9D8F3E488C74C44A30C4D0BBB9CD8D86555D898CA9C36F259CE57609959B9854","9D8F3E488C74C44A30C4D0BBB9CD8D86555D898CA9C36F259CE57609959B9854","True"
"projects/05-semaphores/course/04_FreeRTOS_Binary_Semaphore2/Firmware/GD32F4xx_standard_peripheral/Source/gd32f4xx_spi.c","CE06438E9AD5882A0FCA88DFE658DD925ED3320BA574C2797E2F93ACF6142459","CE06438E9AD5882A0FCA88DFE658DD925ED3320BA574C2797E2F93ACF6142459","True"
"projects/05-semaphores/course/04_FreeRTOS_Binary_Semaphore2/Firmware/GD32F4xx_standard_peripheral/Source/gd32f4xx_syscfg.c","51A7A5E70F3064424CC6E2F6A06942B47ADAAC8C36A6612EE08B1643557B3CA3","51A7A5E70F3064424CC6E2F6A06942B47ADAAC8C36A6612EE08B1643557B3CA3","True"
"projects/05-semaphores/course/04_FreeRTOS_Binary_Semaphore2/Firmware/GD32F4xx_standard_peripheral/Source/gd32f4xx_timer.c","3961465CF6BA39554E34C02183C50676A4AB9B3991A6AAD32D271754B2506B14","3961465CF6BA39554E34C02183C50676A4AB9B3991A6AAD32D271754B2506B14","True"
"projects/05-semaphores/course/04_FreeRTOS_Binary_Semaphore2/Firmware/GD32F4xx_standard_peripheral/Source/gd32f4xx_tli.c","881A02E692AFD4A0B6848A929B0B8C79148911AD7543CF611287C45E82372541","881A02E692AFD4A0B6848A929B0B8C79148911AD7543CF611287C45E82372541","True"
"projects/05-semaphores/course/04_FreeRTOS_Binary_Semaphore2/Firmware/GD32F4xx_standard_peripheral/Source/gd32f4xx_trng.c","BA9093D046A01C997AA54D2DE9F663E8AF32FB9E53C950CFC640F1033FCD6C53","BA9093D046A01C997AA54D2DE9F663E8AF32FB9E53C950CFC640F1033FCD6C53","True"
"projects/05-semaphores/course/04_FreeRTOS_Binary_Semaphore2/Firmware/GD32F4xx_standard_peripheral/Source/gd32f4xx_usart.c","F67FA54D9C9537317BE92D95FD880A394D9ABE98DF708E5AA821FBFA392AE9B0","F67FA54D9C9537317BE92D95FD880A394D9ABE98DF708E5AA821FBFA392AE9B0","True"
"projects/05-semaphores/course/04_FreeRTOS_Binary_Semaphore2/Firmware/GD32F4xx_standard_peripheral/Source/gd32f4xx_wwdgt.c","0ED39DE6F0101E10DDCB476E6EF21C44D2282D4F689D0D0D70F9E04940E6F0FE","0ED39DE6F0101E10DDCB476E6EF21C44D2282D4F689D0D0D70F9E04940E6F0FE","True"
"projects/05-semaphores/course/04_FreeRTOS_Binary_Semaphore2/Firmware/GD32F4xx_usb_library/device/class/audio/Include/audio_core.h","D4550583AD93FB3EED7D288FB84CA5E1B57269E088FB073E541A666B636FEC00","D4550583AD93FB3EED7D288FB84CA5E1B57269E088FB073E541A666B636FEC00","True"
"projects/05-semaphores/course/04_FreeRTOS_Binary_Semaphore2/Firmware/GD32F4xx_usb_library/device/class/audio/Include/audio_out_itf.h","77FB54DEA6431AF26C1DE2B1CCFB8186FAC92519D817556FE6B31FDE7947310B","77FB54DEA6431AF26C1DE2B1CCFB8186FAC92519D817556FE6B31FDE7947310B","True"
"projects/05-semaphores/course/04_FreeRTOS_Binary_Semaphore2/Firmware/GD32F4xx_usb_library/device/class/audio/Source/audio_core.c","E134ABAB42ADA7E2D9C6BAD56032F4358FBD37B82E3861496BFE8DC7B4263D32","E134ABAB42ADA7E2D9C6BAD56032F4358FBD37B82E3861496BFE8DC7B4263D32","True"
"projects/05-semaphores/course/04_FreeRTOS_Binary_Semaphore2/Firmware/GD32F4xx_usb_library/device/class/audio/Source/audio_out_itf.c","33F0490E4B3CE2315D51257BB877A233BA7293BF83F1272113382989476B887B","33F0490E4B3CE2315D51257BB877A233BA7293BF83F1272113382989476B887B","True"
"projects/05-semaphores/course/04_FreeRTOS_Binary_Semaphore2/Firmware/GD32F4xx_usb_library/device/class/cdc/Include/cdc_acm_core.h","58A53B46A222A4CA1B4F35901A48555A22FF6C8EF95DCB23E651A64512A0B8EC","58A53B46A222A4CA1B4F35901A48555A22FF6C8EF95DCB23E651A64512A0B8EC","True"
"projects/05-semaphores/course/04_FreeRTOS_Binary_Semaphore2/Firmware/GD32F4xx_usb_library/device/class/cdc/Source/cdc_acm_core.c","92F6D272CB501A2E0E8020A5C7C3FDBF3F6267044A5F00C248A53BDC23867E71","92F6D272CB501A2E0E8020A5C7C3FDBF3F6267044A5F00C248A53BDC23867E71","True"
"projects/05-semaphores/course/04_FreeRTOS_Binary_Semaphore2/Firmware/GD32F4xx_usb_library/device/class/dfu/Include/dfu_core.h","B074E46C11DFC3D6F057E7C91263A7894A8598F5AD27062A8F0C737739F0AC4B","B074E46C11DFC3D6F057E7C91263A7894A8598F5AD27062A8F0C737739F0AC4B","True"
"projects/05-semaphores/course/04_FreeRTOS_Binary_Semaphore2/Firmware/GD32F4xx_usb_library/device/class/dfu/Include/dfu_mem.h","EE0FA900E1595041DB2524E57A7684A911AFEC27BD737544CB8ACC1A419B54F3","EE0FA900E1595041DB2524E57A7684A911AFEC27BD737544CB8ACC1A419B54F3","True"
"projects/05-semaphores/course/04_FreeRTOS_Binary_Semaphore2/Firmware/GD32F4xx_usb_library/device/class/dfu/Source/dfu_core.c","EE0B61F48E523F816E1977AB5667701D4A30C9D7994809DAEC56A6C22B6B23F2","EE0B61F48E523F816E1977AB5667701D4A30C9D7994809DAEC56A6C22B6B23F2","True"
"projects/05-semaphores/course/04_FreeRTOS_Binary_Semaphore2/Firmware/GD32F4xx_usb_library/device/class/dfu/Source/dfu_mem.c","1740852FD0411642AAD47BF10951D51DE5338CA02239C634C4A28211CC0B6BD5","1740852FD0411642AAD47BF10951D51DE5338CA02239C634C4A28211CC0B6BD5","True"
"projects/05-semaphores/course/04_FreeRTOS_Binary_Semaphore2/Firmware/GD32F4xx_usb_library/device/class/hid/Include/custom_hid_core.h","3D8630539B539B75241B088BA5CB2BD6A6377EBE6A0C026E14E4D9F618149F3C","3D8630539B539B75241B088BA5CB2BD6A6377EBE6A0C026E14E4D9F618149F3C","True"
"projects/05-semaphores/course/04_FreeRTOS_Binary_Semaphore2/Firmware/GD32F4xx_usb_library/device/class/hid/Include/standard_hid_core.h","B43958E8EF0BB4E5939D1B1279F2B4D25791ABD357C51504FB08C6BF5CDE5A55","B43958E8EF0BB4E5939D1B1279F2B4D25791ABD357C51504FB08C6BF5CDE5A55","True"
"projects/05-semaphores/course/04_FreeRTOS_Binary_Semaphore2/Firmware/GD32F4xx_usb_library/device/class/hid/Source/custom_hid_core.c","E31D924422097B600884693E2CFB38C20E4215861DFC8BBDFF3058C9A9133668","E31D924422097B600884693E2CFB38C20E4215861DFC8BBDFF3058C9A9133668","True"
"projects/05-semaphores/course/04_FreeRTOS_Binary_Semaphore2/Firmware/GD32F4xx_usb_library/device/class/hid/Source/standard_hid_core.c","976542C7FC8C038846C71E4C5E6755B3C9364C8C09425F671FA694F1F14889A1","976542C7FC8C038846C71E4C5E6755B3C9364C8C09425F671FA694F1F14889A1","True"
"projects/05-semaphores/course/04_FreeRTOS_Binary_Semaphore2/Firmware/GD32F4xx_usb_library/device/class/iap/Include/usb_iap_core.h","0C5491567E7452BE4CDC0099BC8F6E5B6ACA7B9C273FDB95647264938337C163","0C5491567E7452BE4CDC0099BC8F6E5B6ACA7B9C273FDB95647264938337C163","True"
"projects/05-semaphores/course/04_FreeRTOS_Binary_Semaphore2/Firmware/GD32F4xx_usb_library/device/class/iap/Source/usb_iap_core.c","B48D8EDB4882F57E2EE0B7CD17D94A4EA574BBFDB3EF72F35355FB7B8CBF374D","B48D8EDB4882F57E2EE0B7CD17D94A4EA574BBFDB3EF72F35355FB7B8CBF374D","True"
"projects/05-semaphores/course/04_FreeRTOS_Binary_Semaphore2/Firmware/GD32F4xx_usb_library/device/class/msc/Include/usbd_msc_bbb.h","FCE4E4A9E17E3C7AD6EF23BF6284354B3C1E0BC79E2E3D8C51C00C7CBA88598F","FCE4E4A9E17E3C7AD6EF23BF6284354B3C1E0BC79E2E3D8C51C00C7CBA88598F","True"
"projects/05-semaphores/course/04_FreeRTOS_Binary_Semaphore2/Firmware/GD32F4xx_usb_library/device/class/msc/Include/usbd_msc_core.h","1B56E50C7F78BD46CC86E131565DA5A3CA050901171A99D33526283996D0062C","1B56E50C7F78BD46CC86E131565DA5A3CA050901171A99D33526283996D0062C","True"
"projects/05-semaphores/course/04_FreeRTOS_Binary_Semaphore2/Firmware/GD32F4xx_usb_library/device/class/msc/Include/usbd_msc_mem.h","4219910F0D5565CBF2CB7DE2191FFFAD41F01F9903EC160827C6F441FC9FE241","4219910F0D5565CBF2CB7DE2191FFFAD41F01F9903EC160827C6F441FC9FE241","True"
"projects/05-semaphores/course/04_FreeRTOS_Binary_Semaphore2/Firmware/GD32F4xx_usb_library/device/class/msc/Include/usbd_msc_scsi.h","8A843A759A5D1013DB6524B1547453013DA00C202F03A7011B604C8E79F96A2D","8A843A759A5D1013DB6524B1547453013DA00C202F03A7011B604C8E79F96A2D","True"
"projects/05-semaphores/course/04_FreeRTOS_Binary_Semaphore2/Firmware/GD32F4xx_usb_library/device/class/msc/Source/usbd_msc_bbb.c","D613ECDDAB72A03DE672E4669F2549F5CE93259C09819FCBD78DB49DBBEFA4A5","D613ECDDAB72A03DE672E4669F2549F5CE93259C09819FCBD78DB49DBBEFA4A5","True"
"projects/05-semaphores/course/04_FreeRTOS_Binary_Semaphore2/Firmware/GD32F4xx_usb_library/device/class/msc/Source/usbd_msc_core.c","5C5983C2884B08AA4A480B29929E20A502741C56CEFD717E48A6FE5C807BBB5C","5C5983C2884B08AA4A480B29929E20A502741C56CEFD717E48A6FE5C807BBB5C","True"
"projects/05-semaphores/course/04_FreeRTOS_Binary_Semaphore2/Firmware/GD32F4xx_usb_library/device/class/msc/Source/usbd_msc_scsi.c","062E1DF310C0FEED9372585E09D4A317F65B8E0E03BD70C14AA7418A99C5EFFD","062E1DF310C0FEED9372585E09D4A317F65B8E0E03BD70C14AA7418A99C5EFFD","True"
"projects/05-semaphores/course/04_FreeRTOS_Binary_Semaphore2/Firmware/GD32F4xx_usb_library/device/class/printer/Include/printer_core.h","4231DAE7349CC3643150EC1E90A5CEFB4ADF23ADC0314E82EF001BDFCD7D7E8C","4231DAE7349CC3643150EC1E90A5CEFB4ADF23ADC0314E82EF001BDFCD7D7E8C","True"
"projects/05-semaphores/course/04_FreeRTOS_Binary_Semaphore2/Firmware/GD32F4xx_usb_library/device/class/printer/Source/printer_core.c","93EB77FF7A45DA1424244E1FFA25755A259E43B815D00B14C319BEC17A079831","93EB77FF7A45DA1424244E1FFA25755A259E43B815D00B14C319BEC17A079831","True"
"projects/05-semaphores/course/04_FreeRTOS_Binary_Semaphore2/Firmware/GD32F4xx_usb_library/device/core/Include/usbd_core.h","A205D78D7C4299519538D5057744916BCB5459EC963BFBD6AA42101197B15041","A205D78D7C4299519538D5057744916BCB5459EC963BFBD6AA42101197B15041","True"
"projects/05-semaphores/course/04_FreeRTOS_Binary_Semaphore2/Firmware/GD32F4xx_usb_library/device/core/Include/usbd_enum.h","9DE97ED85BA71120379BF876FAF752FA7900784D1614C18D1E9ECEA6C7E2C897","9DE97ED85BA71120379BF876FAF752FA7900784D1614C18D1E9ECEA6C7E2C897","True"
"projects/05-semaphores/course/04_FreeRTOS_Binary_Semaphore2/Firmware/GD32F4xx_usb_library/device/core/Include/usbd_transc.h","7598A18B6AA5696B7D15C3F8DA6F0F04C37BCA44D48C86FD5A7BD92850A17681","7598A18B6AA5696B7D15C3F8DA6F0F04C37BCA44D48C86FD5A7BD92850A17681","True"
"projects/05-semaphores/course/04_FreeRTOS_Binary_Semaphore2/Firmware/GD32F4xx_usb_library/device/core/Source/usbd_core.c","74A04240E3912EF2D959396250678FF65E41A6D65E4C92CDDB7BABEBC646A12F","74A04240E3912EF2D959396250678FF65E41A6D65E4C92CDDB7BABEBC646A12F","True"
"projects/05-semaphores/course/04_FreeRTOS_Binary_Semaphore2/Firmware/GD32F4xx_usb_library/device/core/Source/usbd_enum.c","07C9D4AF518D9659D3696A574638D2238413C849345915F347B1CE91C02A81EE","07C9D4AF518D9659D3696A574638D2238413C849345915F347B1CE91C02A81EE","True"
"projects/05-semaphores/course/04_FreeRTOS_Binary_Semaphore2/Firmware/GD32F4xx_usb_library/device/core/Source/usbd_transc.c","CE5E569F4CBB0918250C03000276FD987E116E69F489EEC7B049B790A5A87F37","CE5E569F4CBB0918250C03000276FD987E116E69F489EEC7B049B790A5A87F37","True"
"projects/05-semaphores/course/04_FreeRTOS_Binary_Semaphore2/Firmware/GD32F4xx_usb_library/driver/Include/drv_usb_core.h","D7957D291F199B35772CE89782B17558BCC73B935F66F80C5B7FBE16DDBA5875","D7957D291F199B35772CE89782B17558BCC73B935F66F80C5B7FBE16DDBA5875","True"
"projects/05-semaphores/course/04_FreeRTOS_Binary_Semaphore2/Firmware/GD32F4xx_usb_library/driver/Include/drv_usb_dev.h","CAF5D56EBAFDBA9FC9F167418A1616E4291B112EDBF47A8654BD9A98F8C17B9A","CAF5D56EBAFDBA9FC9F167418A1616E4291B112EDBF47A8654BD9A98F8C17B9A","True"
"projects/05-semaphores/course/04_FreeRTOS_Binary_Semaphore2/Firmware/GD32F4xx_usb_library/driver/Include/drv_usb_host.h","FB4056A260F60FDA977AB1139EBFCF00E53B5C3E697FDDA573B902A413BFFF14","FB4056A260F60FDA977AB1139EBFCF00E53B5C3E697FDDA573B902A413BFFF14","True"
"projects/05-semaphores/course/04_FreeRTOS_Binary_Semaphore2/Firmware/GD32F4xx_usb_library/driver/Include/drv_usb_hw.h","81DBB2D76CD496106998EAA694DA78184988C9618E06CFE573E5D6B5FA1C1F20","81DBB2D76CD496106998EAA694DA78184988C9618E06CFE573E5D6B5FA1C1F20","True"
"projects/05-semaphores/course/04_FreeRTOS_Binary_Semaphore2/Firmware/GD32F4xx_usb_library/driver/Include/drv_usb_regs.h","048A97F0FF66F557EE6A5E829F8AA0336D69E13E63151CF4D64092D0FF9606BA","048A97F0FF66F557EE6A5E829F8AA0336D69E13E63151CF4D64092D0FF9606BA","True"
"projects/05-semaphores/course/04_FreeRTOS_Binary_Semaphore2/Firmware/GD32F4xx_usb_library/driver/Include/drv_usbd_int.h","3B71749A04450BBEC4838039BC3C6482EE1D7ECB509B97DA5151F362F918A8F4","3B71749A04450BBEC4838039BC3C6482EE1D7ECB509B97DA5151F362F918A8F4","True"
"projects/05-semaphores/course/04_FreeRTOS_Binary_Semaphore2/Firmware/GD32F4xx_usb_library/driver/Include/drv_usbh_int.h","5268EE8F0ACCEE9C9E848AE421F3F1B83B8EFA72B8854F08A5756C16C3873997","5268EE8F0ACCEE9C9E848AE421F3F1B83B8EFA72B8854F08A5756C16C3873997","True"
"projects/05-semaphores/course/04_FreeRTOS_Binary_Semaphore2/Firmware/GD32F4xx_usb_library/driver/Source/drv_usb_core.c","B90492A8404BCBDCBBA9D31D38AD75D2D85B6014CCACF6EEA77B23F69CF5F623","B90492A8404BCBDCBBA9D31D38AD75D2D85B6014CCACF6EEA77B23F69CF5F623","True"
"projects/05-semaphores/course/04_FreeRTOS_Binary_Semaphore2/Firmware/GD32F4xx_usb_library/driver/Source/drv_usb_dev.c","93CA6CD491C5E0FEA197D5AC7F10BA23E6973543DA7AEED38BFC1AE3A0DC474B","93CA6CD491C5E0FEA197D5AC7F10BA23E6973543DA7AEED38BFC1AE3A0DC474B","True"
"projects/05-semaphores/course/04_FreeRTOS_Binary_Semaphore2/Firmware/GD32F4xx_usb_library/driver/Source/drv_usb_host.c","D9F6DE1A16C13351C6947A1D8C735A2FA2EF6495159EF75E8C84A903003853EA","D9F6DE1A16C13351C6947A1D8C735A2FA2EF6495159EF75E8C84A903003853EA","True"
"projects/05-semaphores/course/04_FreeRTOS_Binary_Semaphore2/Firmware/GD32F4xx_usb_library/driver/Source/drv_usbd_int.c","6D629C1B2EE8A05BD9C1B8E20F2664410AFC9608E9489CCAC5BE881D10D0A715","6D629C1B2EE8A05BD9C1B8E20F2664410AFC9608E9489CCAC5BE881D10D0A715","True"
"projects/05-semaphores/course/04_FreeRTOS_Binary_Semaphore2/Firmware/GD32F4xx_usb_library/driver/Source/drv_usbh_int.c","4D390034615DF35FB792026BD76844C922F387580E291039F1BC5F6B6C982486","4D390034615DF35FB792026BD76844C922F387580E291039F1BC5F6B6C982486","True"
"projects/05-semaphores/course/04_FreeRTOS_Binary_Semaphore2/Firmware/GD32F4xx_usb_library/host/class/hid/Include/usbh_hid_core.h","0DEC84719141C68389EC4F957111FB6DC21A5BE55159A808A9D4D20759E447AA","0DEC84719141C68389EC4F957111FB6DC21A5BE55159A808A9D4D20759E447AA","True"
"projects/05-semaphores/course/04_FreeRTOS_Binary_Semaphore2/Firmware/GD32F4xx_usb_library/host/class/hid/Include/usbh_standard_hid.h","9DFF3D162D5690F986145FC6A50E8BE49EE6EA57B0DF5DE92708173ECE1231A8","9DFF3D162D5690F986145FC6A50E8BE49EE6EA57B0DF5DE92708173ECE1231A8","True"
"projects/05-semaphores/course/04_FreeRTOS_Binary_Semaphore2/Firmware/GD32F4xx_usb_library/host/class/hid/Source/usbh_hid_core.c","2CDAFDF63EBB98A454A09ACC070B9C2E925C7EEC29AF318F1A8CE5F913C5D200","2CDAFDF63EBB98A454A09ACC070B9C2E925C7EEC29AF318F1A8CE5F913C5D200","True"
"projects/05-semaphores/course/04_FreeRTOS_Binary_Semaphore2/Firmware/GD32F4xx_usb_library/host/class/hid/Source/usbh_standard_hid.c","324F535D3213364159EF30D0AB69CB69472D94EE6A25F07D1C624D1B4BB315C3","324F535D3213364159EF30D0AB69CB69472D94EE6A25F07D1C624D1B4BB315C3","True"
"projects/05-semaphores/course/04_FreeRTOS_Binary_Semaphore2/Firmware/GD32F4xx_usb_library/host/class/msc/Include/usbh_msc_bbb.h","FE164E019DB850549FA0EDB8A4B2F0C38FF1C7540A834B935C91268D0E275FF8","FE164E019DB850549FA0EDB8A4B2F0C38FF1C7540A834B935C91268D0E275FF8","True"
"projects/05-semaphores/course/04_FreeRTOS_Binary_Semaphore2/Firmware/GD32F4xx_usb_library/host/class/msc/Include/usbh_msc_core.h","34B4B4AED85F332B815096EE4C39FBA67C77FEF1F9EB79FC470603568CBE2DC9","34B4B4AED85F332B815096EE4C39FBA67C77FEF1F9EB79FC470603568CBE2DC9","True"
"projects/05-semaphores/course/04_FreeRTOS_Binary_Semaphore2/Firmware/GD32F4xx_usb_library/host/class/msc/Include/usbh_msc_scsi.h","E6E8CA26D9A2ABFFE14A21AF356CB07C4058D9052DFD22B46205EC11884A867A","E6E8CA26D9A2ABFFE14A21AF356CB07C4058D9052DFD22B46205EC11884A867A","True"
"projects/05-semaphores/course/04_FreeRTOS_Binary_Semaphore2/Firmware/GD32F4xx_usb_library/host/class/msc/Source/usbh_msc_bbb.c","2A82AD623D78CCC1802D851AB7FB124D6ABB5DBEA980AA8C6517E26FF906E049","2A82AD623D78CCC1802D851AB7FB124D6ABB5DBEA980AA8C6517E26FF906E049","True"
"projects/05-semaphores/course/04_FreeRTOS_Binary_Semaphore2/Firmware/GD32F4xx_usb_library/host/class/msc/Source/usbh_msc_core.c","5DF338C15161E6C7A6424179245E0E373973B22E81DEA91111AD5613AE0C8690","5DF338C15161E6C7A6424179245E0E373973B22E81DEA91111AD5613AE0C8690","True"
"projects/05-semaphores/course/04_FreeRTOS_Binary_Semaphore2/Firmware/GD32F4xx_usb_library/host/class/msc/Source/usbh_msc_fatfs.c","8FD0C5B44F9AC0E35427803F9761E40A5297CAA2ACC078CB9FDE3C25BA4036B1","8FD0C5B44F9AC0E35427803F9761E40A5297CAA2ACC078CB9FDE3C25BA4036B1","True"
"projects/05-semaphores/course/04_FreeRTOS_Binary_Semaphore2/Firmware/GD32F4xx_usb_library/host/class/msc/Source/usbh_msc_scsi.c","45E6AD746800250C90834AC684D207DA486F3F0FDA8503284DEF2C537F952A85","45E6AD746800250C90834AC684D207DA486F3F0FDA8503284DEF2C537F952A85","True"
"projects/05-semaphores/course/04_FreeRTOS_Binary_Semaphore2/Firmware/GD32F4xx_usb_library/host/core/Include/usbh_core.h","8919B0DA3BC89862AC89DA53BD34CC4F8AF2F7ECEBF23493D3BC0980570EC67D","8919B0DA3BC89862AC89DA53BD34CC4F8AF2F7ECEBF23493D3BC0980570EC67D","True"
"projects/05-semaphores/course/04_FreeRTOS_Binary_Semaphore2/Firmware/GD32F4xx_usb_library/host/core/Include/usbh_enum.h","A08D6A471BE77A6BFDF916E166E4A95B49358F209E0708080E4A441D7D454897","A08D6A471BE77A6BFDF916E166E4A95B49358F209E0708080E4A441D7D454897","True"
"projects/05-semaphores/course/04_FreeRTOS_Binary_Semaphore2/Firmware/GD32F4xx_usb_library/host/core/Include/usbh_pipe.h","D1AA31749DB419F147E34BF1608F3C79D8846FC9067B138CE90DCC6D68A724B2","D1AA31749DB419F147E34BF1608F3C79D8846FC9067B138CE90DCC6D68A724B2","True"
"projects/05-semaphores/course/04_FreeRTOS_Binary_Semaphore2/Firmware/GD32F4xx_usb_library/host/core/Include/usbh_transc.h","B0A9300C836592E16782062A0D898645ADC64EFD21AD96F46B8EF6EBD876499C","B0A9300C836592E16782062A0D898645ADC64EFD21AD96F46B8EF6EBD876499C","True"
"projects/05-semaphores/course/04_FreeRTOS_Binary_Semaphore2/Firmware/GD32F4xx_usb_library/host/core/Source/usbh_core.c","2E61C1493A0F04D944A9B1E01924A57908552C5C5920F357DF984F098988DF08","2E61C1493A0F04D944A9B1E01924A57908552C5C5920F357DF984F098988DF08","True"
"projects/05-semaphores/course/04_FreeRTOS_Binary_Semaphore2/Firmware/GD32F4xx_usb_library/host/core/Source/usbh_enum.c","273217F6826C6D57A1D210D2A58974AE97A27E15951B98BE25BBCCDEA8133871","273217F6826C6D57A1D210D2A58974AE97A27E15951B98BE25BBCCDEA8133871","True"
"projects/05-semaphores/course/04_FreeRTOS_Binary_Semaphore2/Firmware/GD32F4xx_usb_library/host/core/Source/usbh_pipe.c","E8A4253E2A4224333C4343EE0FFD5F280C9875EF57702F44C1973CBD42EDD2E0","E8A4253E2A4224333C4343EE0FFD5F280C9875EF57702F44C1973CBD42EDD2E0","True"
"projects/05-semaphores/course/04_FreeRTOS_Binary_Semaphore2/Firmware/GD32F4xx_usb_library/host/core/Source/usbh_transc.c","CF1AE1FCF884275E82634538E997D8D24C31FBE959140909F5BB4E34BCA0BBEF","CF1AE1FCF884275E82634538E997D8D24C31FBE959140909F5BB4E34BCA0BBEF","True"
"projects/05-semaphores/course/04_FreeRTOS_Binary_Semaphore2/Firmware/GD32F4xx_usb_library/ustd/class/cdc/usb_cdc.h","FCD43C4F51573D30F01573E2D2856E0BE969C8FFD02D415AADFB69A595DECF4E","FCD43C4F51573D30F01573E2D2856E0BE969C8FFD02D415AADFB69A595DECF4E","True"
"projects/05-semaphores/course/04_FreeRTOS_Binary_Semaphore2/Firmware/GD32F4xx_usb_library/ustd/class/hid/usb_hid.h","F3C6A02D4FC46F9512465B6EB2951C8CDDB956AF73422AAB9D2A1BAFC69F2E7B","F3C6A02D4FC46F9512465B6EB2951C8CDDB956AF73422AAB9D2A1BAFC69F2E7B","True"
"projects/05-semaphores/course/04_FreeRTOS_Binary_Semaphore2/Firmware/GD32F4xx_usb_library/ustd/class/msc/msc_bbb.h","B884B8F8F7CFAF22512EDE7AE709B5F3591E126D2919AECF4E2B4D7EFEA1F5D6","B884B8F8F7CFAF22512EDE7AE709B5F3591E126D2919AECF4E2B4D7EFEA1F5D6","True"
"projects/05-semaphores/course/04_FreeRTOS_Binary_Semaphore2/Firmware/GD32F4xx_usb_library/ustd/class/msc/msc_scsi.h","8842CF305E996369687FA89568C9AEE3D46F745E1AEF6EB58B1A3F519F863631","8842CF305E996369687FA89568C9AEE3D46F745E1AEF6EB58B1A3F519F863631","True"
"projects/05-semaphores/course/04_FreeRTOS_Binary_Semaphore2/Firmware/GD32F4xx_usb_library/ustd/class/msc/usb_msc.h","E3C2A096085131687F121DE426EF9154F23CCC26E877129243A648FB8C90B216","E3C2A096085131687F121DE426EF9154F23CCC26E877129243A648FB8C90B216","True"
"projects/05-semaphores/course/04_FreeRTOS_Binary_Semaphore2/Firmware/GD32F4xx_usb_library/ustd/common/usb_ch9_std.h","B5249865F377709E456F76CA76CA5499ACE39BAD6A452832DBE535F1989C6D22","B5249865F377709E456F76CA76CA5499ACE39BAD6A452832DBE535F1989C6D22","True"
"projects/05-semaphores/course/04_FreeRTOS_Binary_Semaphore2/FreeRTOS/CMakeLists.txt","277777817A51C3B8548C84A61CF5341C43DA40769C833A05AD46FDBD6F7CEED7","277777817A51C3B8548C84A61CF5341C43DA40769C833A05AD46FDBD6F7CEED7","True"
"projects/05-semaphores/course/04_FreeRTOS_Binary_Semaphore2/FreeRTOS/croutine.c","EBF0CDCE261DC4A256C06C0D4AD2582E6026A6DA0E973D4CB92092E94CE8F370","EBF0CDCE261DC4A256C06C0D4AD2582E6026A6DA0E973D4CB92092E94CE8F370","True"
"projects/05-semaphores/course/04_FreeRTOS_Binary_Semaphore2/FreeRTOS/event_groups.c","76E967B14D231E4F31F014F1564F359A7BFD36BFA263EE6F437AFA8C056DF657","76E967B14D231E4F31F014F1564F359A7BFD36BFA263EE6F437AFA8C056DF657","True"
"projects/05-semaphores/course/04_FreeRTOS_Binary_Semaphore2/FreeRTOS/FreeRTOSConfig.h","39B67078D0BB8FD3849F2BB44091A07464B4877075443CB4F6D28AA464C8C05C","39B67078D0BB8FD3849F2BB44091A07464B4877075443CB4F6D28AA464C8C05C","True"
"projects/05-semaphores/course/04_FreeRTOS_Binary_Semaphore2/FreeRTOS/include/atomic.h","E6EB26727C6CD0A87E4DEC91CC55B2B1313CC3829E06662A0C73E62CAFD1E751","E6EB26727C6CD0A87E4DEC91CC55B2B1313CC3829E06662A0C73E62CAFD1E751","True"
"projects/05-semaphores/course/04_FreeRTOS_Binary_Semaphore2/FreeRTOS/include/croutine.h","CF52C15FA26A8D4F82B55909B75EBFE2AAB25468BA7780748912DDEAD9812B4E","CF52C15FA26A8D4F82B55909B75EBFE2AAB25468BA7780748912DDEAD9812B4E","True"
"projects/05-semaphores/course/04_FreeRTOS_Binary_Semaphore2/FreeRTOS/include/deprecated_definitions.h","35000A143464BBBD8DF7C9A6F066A64598A24DA5174A7BE33972E62BFBD75F4D","35000A143464BBBD8DF7C9A6F066A64598A24DA5174A7BE33972E62BFBD75F4D","True"
"projects/05-semaphores/course/04_FreeRTOS_Binary_Semaphore2/FreeRTOS/include/event_groups.h","7A38D7A3CE24BD2FF6C6003C94EEA7AA7972179B1F17C1A91374334C6069F027","7A38D7A3CE24BD2FF6C6003C94EEA7AA7972179B1F17C1A91374334C6069F027","True"
"projects/05-semaphores/course/04_FreeRTOS_Binary_Semaphore2/FreeRTOS/include/FreeRTOS.h","03E9C94ABA57E3CF7F4F73BC2D3EB4A96AE38F3425EEDB5450622CA286475A0B","03E9C94ABA57E3CF7F4F73BC2D3EB4A96AE38F3425EEDB5450622CA286475A0B","True"
"projects/05-semaphores/course/04_FreeRTOS_Binary_Semaphore2/FreeRTOS/include/list.h","DC572F54391C0407FC25DB360D912FCA9118CDDAE7BD2E3099EB13F18804E5A9","DC572F54391C0407FC25DB360D912FCA9118CDDAE7BD2E3099EB13F18804E5A9","True"
"projects/05-semaphores/course/04_FreeRTOS_Binary_Semaphore2/FreeRTOS/include/message_buffer.h","9A8141D3D6C8044A57D7E448180C9BD2ED32E45DED32BE288D095A39DCED91AB","9A8141D3D6C8044A57D7E448180C9BD2ED32E45DED32BE288D095A39DCED91AB","True"
"projects/05-semaphores/course/04_FreeRTOS_Binary_Semaphore2/FreeRTOS/include/mpu_prototypes.h","2B46A2511CE5D23A56BC83079333D8D0A2E33763E5829C9383252806887A3DC0","2B46A2511CE5D23A56BC83079333D8D0A2E33763E5829C9383252806887A3DC0","True"
"projects/05-semaphores/course/04_FreeRTOS_Binary_Semaphore2/FreeRTOS/include/mpu_wrappers.h","5014408CC33F0F616215F2B48C67B0D47CCC35BFD5F0044AC653B5BBC6CF5778","5014408CC33F0F616215F2B48C67B0D47CCC35BFD5F0044AC653B5BBC6CF5778","True"
"projects/05-semaphores/course/04_FreeRTOS_Binary_Semaphore2/FreeRTOS/include/portable.h","7ADE8F368002778C723B3C4E14084910B7225CD36363ED0C948E9EA36C6F251F","7ADE8F368002778C723B3C4E14084910B7225CD36363ED0C948E9EA36C6F251F","True"
"projects/05-semaphores/course/04_FreeRTOS_Binary_Semaphore2/FreeRTOS/include/projdefs.h","F1FA9FAA0D14851DFF86AACA00559F4B474E5F6D68772D0072842E25351D98B3","F1FA9FAA0D14851DFF86AACA00559F4B474E5F6D68772D0072842E25351D98B3","True"
"projects/05-semaphores/course/04_FreeRTOS_Binary_Semaphore2/FreeRTOS/include/queue.h","A3763E24A5A3A38413996FC8392EFD6ADD1D1EE3EF507FBA22DAF75682241FEB","A3763E24A5A3A38413996FC8392EFD6ADD1D1EE3EF507FBA22DAF75682241FEB","True"
"projects/05-semaphores/course/04_FreeRTOS_Binary_Semaphore2/FreeRTOS/include/semphr.h","C624E8CDFC07844D4CF35382F3CC908C872375C7A3048482BDC110BDA88CC4F2","C624E8CDFC07844D4CF35382F3CC908C872375C7A3048482BDC110BDA88CC4F2","True"
"projects/05-semaphores/course/04_FreeRTOS_Binary_Semaphore2/FreeRTOS/include/stack_macros.h","3CDDF2B3D47AE387E376AC75EB468F9D8FFB575D68C143E08D54AF4087474CCE","3CDDF2B3D47AE387E376AC75EB468F9D8FFB575D68C143E08D54AF4087474CCE","True"
"projects/05-semaphores/course/04_FreeRTOS_Binary_Semaphore2/FreeRTOS/include/StackMacros.h","6460E81C910496D51BC39011E35D17F5B5437B5DEB03F9E91222F796D8C8BF79","6460E81C910496D51BC39011E35D17F5B5437B5DEB03F9E91222F796D8C8BF79","True"
"projects/05-semaphores/course/04_FreeRTOS_Binary_Semaphore2/FreeRTOS/include/stream_buffer.h","B876D839460197D94D0F95FB93C6AEB457F6FC572D32258480FED7D4DE686B6B","B876D839460197D94D0F95FB93C6AEB457F6FC572D32258480FED7D4DE686B6B","True"
"projects/05-semaphores/course/04_FreeRTOS_Binary_Semaphore2/FreeRTOS/include/task.h","CB1B0BBCDC66E39BA3B5A09B3E2829A5D376B8990735980613514903A3C5F493","CB1B0BBCDC66E39BA3B5A09B3E2829A5D376B8990735980613514903A3C5F493","True"
"projects/05-semaphores/course/04_FreeRTOS_Binary_Semaphore2/FreeRTOS/include/timers.h","08D73A99380A1BA61376258C52F4FDDF5DF5B6DCBE0F86B0EA03F11A5CA58459","08D73A99380A1BA61376258C52F4FDDF5DF5B6DCBE0F86B0EA03F11A5CA58459","True"
"projects/05-semaphores/course/04_FreeRTOS_Binary_Semaphore2/FreeRTOS/list.c","DB5C169CF3EFD68DA1C6A923AC84EEBC724D602C940BDE0B9B5F01F05028FDE4","DB5C169CF3EFD68DA1C6A923AC84EEBC724D602C940BDE0B9B5F01F05028FDE4","True"
"projects/05-semaphores/course/04_FreeRTOS_Binary_Semaphore2/FreeRTOS/manifest.yml","F71AEBB742E00AD33F877B3B679B4C24CDB709D7980C3E7836438758DBAA0139","F71AEBB742E00AD33F877B3B679B4C24CDB709D7980C3E7836438758DBAA0139","True"
"projects/05-semaphores/course/04_FreeRTOS_Binary_Semaphore2/FreeRTOS/portable/GCC/ARM_CM4F/port.c","11F2202099ED9A73F5AE5EF9DAC414F6D9B257D6480BD9C9A1E38A71B3EE8D41","11F2202099ED9A73F5AE5EF9DAC414F6D9B257D6480BD9C9A1E38A71B3EE8D41","True"
"projects/05-semaphores/course/04_FreeRTOS_Binary_Semaphore2/FreeRTOS/portable/GCC/ARM_CM4F/portmacro.h","D569E2A29AF1C742B69CB16E15D256611FA7979BDA2B355E03426D3C40369E42","D569E2A29AF1C742B69CB16E15D256611FA7979BDA2B355E03426D3C40369E42","True"
"projects/05-semaphores/course/04_FreeRTOS_Binary_Semaphore2/FreeRTOS/portable/MemMang/heap_1.c","286E3FEE81C9107FC6DEC40405F500CABDCA56836D29747C182F0899BB8997FD","286E3FEE81C9107FC6DEC40405F500CABDCA56836D29747C182F0899BB8997FD","True"
"projects/05-semaphores/course/04_FreeRTOS_Binary_Semaphore2/FreeRTOS/portable/MemMang/heap_2.c","A7B035B9ED786593143C8317ACFB49DE21B6450F246036A72331593577E5408B","A7B035B9ED786593143C8317ACFB49DE21B6450F246036A72331593577E5408B","True"
"projects/05-semaphores/course/04_FreeRTOS_Binary_Semaphore2/FreeRTOS/portable/MemMang/heap_3.c","E2D5DBB3F3CCBADD8E7AE778F30C18D28B0532EBFE81B03AA6A20E3F75242853","E2D5DBB3F3CCBADD8E7AE778F30C18D28B0532EBFE81B03AA6A20E3F75242853","True"
"projects/05-semaphores/course/04_FreeRTOS_Binary_Semaphore2/FreeRTOS/portable/MemMang/heap_4.c","D48A51E34CAED771E6650D95F6C2527E52FDE2A6EBC6F83B49D003AEF0135E05","D48A51E34CAED771E6650D95F6C2527E52FDE2A6EBC6F83B49D003AEF0135E05","True"
"projects/05-semaphores/course/04_FreeRTOS_Binary_Semaphore2/FreeRTOS/portable/MemMang/heap_5.c","71B7988059E801A962DC76B956666AAB5564788D5AE437F590080DCB3FDF1881","71B7988059E801A962DC76B956666AAB5564788D5AE437F590080DCB3FDF1881","True"
"projects/05-semaphores/course/04_FreeRTOS_Binary_Semaphore2/FreeRTOS/portable/RVDS/ARM_CA9/port.c","484F1EF17F58F3DF0B06026E1BFC8E44471DF51B33CB36D196A2D61369085A9B","484F1EF17F58F3DF0B06026E1BFC8E44471DF51B33CB36D196A2D61369085A9B","True"
"projects/05-semaphores/course/04_FreeRTOS_Binary_Semaphore2/FreeRTOS/portable/RVDS/ARM_CA9/portASM.s","CECD728B929B81E8484C603CA00A0F95754C8EC3FF5F6D51728A3563C2E1187C","CECD728B929B81E8484C603CA00A0F95754C8EC3FF5F6D51728A3563C2E1187C","True"
"projects/05-semaphores/course/04_FreeRTOS_Binary_Semaphore2/FreeRTOS/portable/RVDS/ARM_CA9/portmacro.h","AF5E80736D03E02590745B6781BB03809D68721BFAB0213C02B3697A4C4F8814","AF5E80736D03E02590745B6781BB03809D68721BFAB0213C02B3697A4C4F8814","True"
"projects/05-semaphores/course/04_FreeRTOS_Binary_Semaphore2/FreeRTOS/portable/RVDS/ARM_CM0/port.c","76BE44D607E9E2CB32743386F1A97FF98E7463744DAF687773A0967B00B7F20F","76BE44D607E9E2CB32743386F1A97FF98E7463744DAF687773A0967B00B7F20F","True"
"projects/05-semaphores/course/04_FreeRTOS_Binary_Semaphore2/FreeRTOS/portable/RVDS/ARM_CM0/portmacro.h","8E89F1A754EFF06CDCC206A4BDC13F41211D31A432981759FA25B184941078DE","8E89F1A754EFF06CDCC206A4BDC13F41211D31A432981759FA25B184941078DE","True"
"projects/05-semaphores/course/04_FreeRTOS_Binary_Semaphore2/FreeRTOS/portable/RVDS/ARM_CM3/port.c","0F5A2323E1BDC135D37FA40DAFAC766095C46FE623F9A20CBF2F0D92405B4067","0F5A2323E1BDC135D37FA40DAFAC766095C46FE623F9A20CBF2F0D92405B4067","True"
"projects/05-semaphores/course/04_FreeRTOS_Binary_Semaphore2/FreeRTOS/portable/RVDS/ARM_CM3/portmacro.h","7B6EEFBBA5194658CF11B14F97DD540B1CEEDCB40178F0C97244A063AC53F4E2","7B6EEFBBA5194658CF11B14F97DD540B1CEEDCB40178F0C97244A063AC53F4E2","True"
"projects/05-semaphores/course/04_FreeRTOS_Binary_Semaphore2/FreeRTOS/portable/RVDS/ARM_CM4_MPU/port.c","1EBEB0A72801D79FAB99F4D1C43B5D2F34DC75C34E9D39A25F057B304E40685C","1EBEB0A72801D79FAB99F4D1C43B5D2F34DC75C34E9D39A25F057B304E40685C","True"
"projects/05-semaphores/course/04_FreeRTOS_Binary_Semaphore2/FreeRTOS/portable/RVDS/ARM_CM4_MPU/portmacro.h","4149E8C08E5AE89F05E1E1E8C5B3BD87143321FDF4510F5693885624B8148DDE","4149E8C08E5AE89F05E1E1E8C5B3BD87143321FDF4510F5693885624B8148DDE","True"
"projects/05-semaphores/course/04_FreeRTOS_Binary_Semaphore2/FreeRTOS/portable/RVDS/ARM_CM4F/port.c","6493BDBCD8AC57B5739EDB5CECC8E55EF9C82A8F978FC2F05BE19B2FAF46CEDF","6493BDBCD8AC57B5739EDB5CECC8E55EF9C82A8F978FC2F05BE19B2FAF46CEDF","True"
"projects/05-semaphores/course/04_FreeRTOS_Binary_Semaphore2/FreeRTOS/portable/RVDS/ARM_CM4F/portmacro.h","9AA2265C543E086FD40A1B22C3BAFE0E4C2950E1E1F6DE05C803E13D621F9438","9AA2265C543E086FD40A1B22C3BAFE0E4C2950E1E1F6DE05C803E13D621F9438","True"
"projects/05-semaphores/course/04_FreeRTOS_Binary_Semaphore2/FreeRTOS/portable/RVDS/ARM_CM7/r0p1/port.c","0B428C045198D97CBF2C7B4BECB063FB067EE8F765F263A37EF3286839B4FE12","0B428C045198D97CBF2C7B4BECB063FB067EE8F765F263A37EF3286839B4FE12","True"
"projects/05-semaphores/course/04_FreeRTOS_Binary_Semaphore2/FreeRTOS/portable/RVDS/ARM_CM7/r0p1/portmacro.h","641CCD46A7EBA0E476DEFE30B350847FEE8044DFBF503B6E1ECB9CE3CDACF9F9","641CCD46A7EBA0E476DEFE30B350847FEE8044DFBF503B6E1ECB9CE3CDACF9F9","True"
"projects/05-semaphores/course/04_FreeRTOS_Binary_Semaphore2/FreeRTOS/portable/RVDS/ARM_CM7/ReadMe.txt","710C88C6D9BFCC4645C414F151EE23F4C28FB8B4932308B5EB7109EF07B1D1C6","710C88C6D9BFCC4645C414F151EE23F4C28FB8B4932308B5EB7109EF07B1D1C6","True"
"projects/05-semaphores/course/04_FreeRTOS_Binary_Semaphore2/FreeRTOS/portable/RVDS/ARM7_LPC21xx/port.c","4F79AF04C94548F73D9DEEA4A81CC841FF172B8D1E27C5E544FB243BD3F147B3","4F79AF04C94548F73D9DEEA4A81CC841FF172B8D1E27C5E544FB243BD3F147B3","True"
"projects/05-semaphores/course/04_FreeRTOS_Binary_Semaphore2/FreeRTOS/portable/RVDS/ARM7_LPC21xx/portASM.s","EEC6FD2E493EE97E8592C715AEC32C12EF8E5CEC861DEFCCCC6E30AE584FAFD6","EEC6FD2E493EE97E8592C715AEC32C12EF8E5CEC861DEFCCCC6E30AE584FAFD6","True"
"projects/05-semaphores/course/04_FreeRTOS_Binary_Semaphore2/FreeRTOS/portable/RVDS/ARM7_LPC21xx/portmacro.h","7B796FC47E27A4AC381510536369605571DB0ECDD36BA9DBDB7AB4C02FC81C92","7B796FC47E27A4AC381510536369605571DB0ECDD36BA9DBDB7AB4C02FC81C92","True"
"projects/05-semaphores/course/04_FreeRTOS_Binary_Semaphore2/FreeRTOS/queue.c","5CDF4FA35FE059446EFFFF5BF20DEAF83DDFFB08921BC198FDA106B1D17DD894","5CDF4FA35FE059446EFFFF5BF20DEAF83DDFFB08921BC198FDA106B1D17DD894","True"
"projects/05-semaphores/course/04_FreeRTOS_Binary_Semaphore2/FreeRTOS/stream_buffer.c","86D948694C723B814C9606A6C804EA7C1BD30B3DA518D1D6A83B81F972E3A152","86D948694C723B814C9606A6C804EA7C1BD30B3DA518D1D6A83B81F972E3A152","True"
"projects/05-semaphores/course/04_FreeRTOS_Binary_Semaphore2/FreeRTOS/tasks.c","14020D617B96DD2814E1211F6E3B645BCF5E2BD3179C23FE7DD16BC666FE9463","14020D617B96DD2814E1211F6E3B645BCF5E2BD3179C23FE7DD16BC666FE9463","True"
"projects/05-semaphores/course/04_FreeRTOS_Binary_Semaphore2/FreeRTOS/timers.c","24962EF361F396AAA5E6E33776EEEDDAF2FB251C87B6FE50602ACC56C537B093","24962EF361F396AAA5E6E33776EEEDDAF2FB251C87B6FE50602ACC56C537B093","True"
"projects/05-semaphores/course/04_FreeRTOS_Binary_Semaphore2/Hardware/bsp_buzzer.c","DB132610BB9FD25BB3606FEE7C189AD01FB3F68FEF38D105A74C0609C66B5CEE","DB132610BB9FD25BB3606FEE7C189AD01FB3F68FEF38D105A74C0609C66B5CEE","True"
"projects/05-semaphores/course/04_FreeRTOS_Binary_Semaphore2/Hardware/bsp_buzzer.h","A849E5A19D17A5DED0E7438846AFA0D5E3636544ABFC356B361024CA882EC6C5","A849E5A19D17A5DED0E7438846AFA0D5E3636544ABFC356B361024CA882EC6C5","True"
"projects/05-semaphores/course/04_FreeRTOS_Binary_Semaphore2/Hardware/bsp_buzzer2.c","D4F400CA00C8ACE082181E1D587A2B1CE7CC29C870BCA80C8A920BF78710B2C1","D4F400CA00C8ACE082181E1D587A2B1CE7CC29C870BCA80C8A920BF78710B2C1","True"
"projects/05-semaphores/course/04_FreeRTOS_Binary_Semaphore2/Hardware/bsp_buzzer2.h","A849E5A19D17A5DED0E7438846AFA0D5E3636544ABFC356B361024CA882EC6C5","A849E5A19D17A5DED0E7438846AFA0D5E3636544ABFC356B361024CA882EC6C5","True"
"projects/05-semaphores/course/04_FreeRTOS_Binary_Semaphore2/Hardware/bsp_keys.c","F9CE7CA7732415114E7154146B0D490E39AAE7E2C05E7344F24461B46FA985EC","F9CE7CA7732415114E7154146B0D490E39AAE7E2C05E7344F24461B46FA985EC","True"
"projects/05-semaphores/course/04_FreeRTOS_Binary_Semaphore2/Hardware/bsp_keys.h","F64D5E4FADDC660DB8D181B7C63C92E9D3E84B21940BE4B1B930D9F2088E95CC","F64D5E4FADDC660DB8D181B7C63C92E9D3E84B21940BE4B1B930D9F2088E95CC","True"
"projects/05-semaphores/course/04_FreeRTOS_Binary_Semaphore2/Library/EXTI_config.h","3FC4D72800A241220830F878A4A41597CFA7754FF9D907C88BCFE6B5DC2F95A4","3FC4D72800A241220830F878A4A41597CFA7754FF9D907C88BCFE6B5DC2F95A4","True"
"projects/05-semaphores/course/04_FreeRTOS_Binary_Semaphore2/Library/EXTI.c","FB93261F829F40640F1A433BC5AAB1BBFA435DE2091BD64B2D1AFF65CDA4F2A6","FB93261F829F40640F1A433BC5AAB1BBFA435DE2091BD64B2D1AFF65CDA4F2A6","True"
"projects/05-semaphores/course/04_FreeRTOS_Binary_Semaphore2/Library/EXTI.h","4F9D3299CE5AC87CA0A74350C61AA1E7BB6D6CA2151C36A683A2334CAC926B84","4F9D3299CE5AC87CA0A74350C61AA1E7BB6D6CA2151C36A683A2334CAC926B84","True"
"projects/05-semaphores/course/04_FreeRTOS_Binary_Semaphore2/Library/I2C0.c","1902450E399F26AB11BABACB640C9C56389B2188FF852E3E6A58D60E16AF528E","1902450E399F26AB11BABACB640C9C56389B2188FF852E3E6A58D60E16AF528E","True"
"projects/05-semaphores/course/04_FreeRTOS_Binary_Semaphore2/Library/I2C0.h","E30F8BA27DF76E3682B8D0325EB2B9DAAF13A20CFF0E1FC59A4625625996AF42","E30F8BA27DF76E3682B8D0325EB2B9DAAF13A20CFF0E1FC59A4625625996AF42","True"
"projects/05-semaphores/course/04_FreeRTOS_Binary_Semaphore2/Library/TIMER_config.h","0F71149D9C614C36E340E830A0AD8003015C8C656A3DB89ABA39760C24389263","0F71149D9C614C36E340E830A0AD8003015C8C656A3DB89ABA39760C24389263","True"
"projects/05-semaphores/course/04_FreeRTOS_Binary_Semaphore2/Library/TIMER.c","68A9D9BBDB446C51E0C577B7E7969E8F3513AF7E4736C10BC6D579FBF5661435","68A9D9BBDB446C51E0C577B7E7969E8F3513AF7E4736C10BC6D579FBF5661435","True"
"projects/05-semaphores/course/04_FreeRTOS_Binary_Semaphore2/Library/TIMER.h","51A72D9863C245195AD3CD40ADDB0D573930D5AB540B30D3D971AD2AF6B2E80E","51A72D9863C245195AD3CD40ADDB0D573930D5AB540B30D3D971AD2AF6B2E80E","True"
"projects/05-semaphores/course/04_FreeRTOS_Binary_Semaphore2/Library/USART_config.h","73E72408B41955E419784B2A24B0FBD8AD81A334AA38EB9DB60A7DDAE97AD633","73E72408B41955E419784B2A24B0FBD8AD81A334AA38EB9DB60A7DDAE97AD633","True"
"projects/05-semaphores/course/04_FreeRTOS_Binary_Semaphore2/Library/USART0.c","090832CB28525FC58A2B62D32A0CBFABA134C47E9A79E47573855CF78EEB67E9","090832CB28525FC58A2B62D32A0CBFABA134C47E9A79E47573855CF78EEB67E9","True"
"projects/05-semaphores/course/04_FreeRTOS_Binary_Semaphore2/Library/USART0.h","6016FD90E22446BB90BE0996EA5EE6493AB9CDF6E7F71024ED583F05C4860399","6016FD90E22446BB90BE0996EA5EE6493AB9CDF6E7F71024ED583F05C4860399","True"
"projects/05-semaphores/course/04_FreeRTOS_Binary_Semaphore2/Project/GD32F407.uvprojx","DFA735BB80FB328EACB866BAD99B5B65EAB8BB5B336B19E663010896F5E83D17","DFA735BB80FB328EACB866BAD99B5B65EAB8BB5B336B19E663010896F5E83D17","True"
"projects/05-semaphores/course/04_FreeRTOS_Binary_Semaphore2/Project/Target 1_alog.txt","08264ECD1CE3B7EB2BF2C2509FA600137D82A1911C399C5C2A3D5468B69B9073","08264ECD1CE3B7EB2BF2C2509FA600137D82A1911C399C5C2A3D5468B69B9073","True"
"projects/05-semaphores/course/04_FreeRTOS_Binary_Semaphore2/Project/Target 1_analysis.xlsx","8419CB34425691B4EE18AD9327DA22B14E515BF4116B9328529E8BB160BD7A34","8419CB34425691B4EE18AD9327DA22B14E515BF4116B9328529E8BB160BD7A34","True"
"projects/05-semaphores/course/04_FreeRTOS_Binary_Semaphore2/Project/Target 1_sort_by_flash.csv","356AA64411FB5A71DC3C9B962310140E16B47B4BBD1E3F840A275E081D2224AC","356AA64411FB5A71DC3C9B962310140E16B47B4BBD1E3F840A275E081D2224AC","True"
"projects/05-semaphores/course/04_FreeRTOS_Binary_Semaphore2/Project/Target 1_sort_by_ram.csv","AB94C3EAF07AEDCF91CBD02B635F1D36A7B4A232C68930D5451C7F3867F158CE","AB94C3EAF07AEDCF91CBD02B635F1D36A7B4A232C68930D5451C7F3867F158CE","True"
"projects/05-semaphores/course/04_FreeRTOS_Binary_Semaphore2/README.md","E3B0C44298FC1C149AFBF4C8996FB92427AE41E4649B934CA495991B7852B855","E3B0C44298FC1C149AFBF4C8996FB92427AE41E4649B934CA495991B7852B855","True"
"projects/05-semaphores/course/04_FreeRTOS_Binary_Semaphore2/User/gd32f4xx_it.c","4AF8D0E30992B84018E763B4465FAF58DB22B108F3E64F997CE229AE1243FBFC","4AF8D0E30992B84018E763B4465FAF58DB22B108F3E64F997CE229AE1243FBFC","True"
"projects/05-semaphores/course/04_FreeRTOS_Binary_Semaphore2/User/gd32f4xx_it.h","B4995762AE5CEB7125CC9720CEA7E2BAD8640C23B87ED1856D9B8A380A5FC8C3","B4995762AE5CEB7125CC9720CEA7E2BAD8640C23B87ED1856D9B8A380A5FC8C3","True"
"projects/05-semaphores/course/04_FreeRTOS_Binary_Semaphore2/User/gd32f4xx_libopt.h","702C6D85987BCDDDD363A8412C5806255F6C746065DA984EB21896C5DDD6BF09","702C6D85987BCDDDD363A8412C5806255F6C746065DA984EB21896C5DDD6BF09","True"
"projects/05-semaphores/course/04_FreeRTOS_Binary_Semaphore2/User/main.c","366B716017C6803686BA05F389B87D1B0F3E48A349637027C518D69F740BBCBA","366B716017C6803686BA05F389B87D1B0F3E48A349637027C518D69F740BBCBA","True"
"projects/05-semaphores/course/04_FreeRTOS_Binary_Semaphore2/User/main.h","32C273B119ABF22DA51E2782C09853A1545B1DF1364A13EFFA2B465379E1A53C","32C273B119ABF22DA51E2782C09853A1545B1DF1364A13EFFA2B465379E1A53C","True"
"projects/05-semaphores/course/04_FreeRTOS_Binary_Semaphore2/User/readme.txt","A45BD1E14D470B46BE2D57C9D35147E41204556CC4BB4E25EA3C7B6B424A0B7C","A45BD1E14D470B46BE2D57C9D35147E41204556CC4BB4E25EA3C7B6B424A0B7C","True"
"projects/05-semaphores/course/04_FreeRTOS_Binary_Semaphore2/User/systick.c","8D524363D38E222D3E8A2281F06972493AE62F379A138637B65419C59E06CBD2","8D524363D38E222D3E8A2281F06972493AE62F379A138637B65419C59E06CBD2","True"
"projects/05-semaphores/course/04_FreeRTOS_Binary_Semaphore2/User/systick.h","E74F1981340E6162CCE52F39F73009B1570EFB7F024410652F494E77997DA025","E74F1981340E6162CCE52F39F73009B1570EFB7F024410652F494E77997DA025","True"
"projects/05-semaphores/course/05_FreeRTOS_Counting_Semaphore/Doc/readme.txt","E3B0C44298FC1C149AFBF4C8996FB92427AE41E4649B934CA495991B7852B855","E3B0C44298FC1C149AFBF4C8996FB92427AE41E4649B934CA495991B7852B855","True"
"projects/05-semaphores/course/05_FreeRTOS_Counting_Semaphore/Firmware/CMSIS/core_cm4_simd.h","0C2A0C2D66C7791B82CA19D10336C96518830EF359F6BFD9DA7477BC2CBCCBBB","0C2A0C2D66C7791B82CA19D10336C96518830EF359F6BFD9DA7477BC2CBCCBBB","True"
"projects/05-semaphores/course/05_FreeRTOS_Counting_Semaphore/Firmware/CMSIS/core_cm4.h","4756546E1449D17B1A7DEE2F3307F2C92C9F1D669C3F5DFC3EE1DEC8AEE9A8F7","4756546E1449D17B1A7DEE2F3307F2C92C9F1D669C3F5DFC3EE1DEC8AEE9A8F7","True"
"projects/05-semaphores/course/05_FreeRTOS_Counting_Semaphore/Firmware/CMSIS/core_cmFunc.h","5075FF67C8E264B83D9B391C07C6512E26ABBC189E321DE0D8B4375476980E5E","5075FF67C8E264B83D9B391C07C6512E26ABBC189E321DE0D8B4375476980E5E","True"
"projects/05-semaphores/course/05_FreeRTOS_Counting_Semaphore/Firmware/CMSIS/core_cmInstr.h","C35DDCA16CA04646DC70ACF2D592AD9EAEAAECD8125A32ABB710069648266EB5","C35DDCA16CA04646DC70ACF2D592AD9EAEAAECD8125A32ABB710069648266EB5","True"
"projects/05-semaphores/course/05_FreeRTOS_Counting_Semaphore/Firmware/CMSIS/GD/GD32F4xx/Include/gd32f4xx.h","96F1F6884C9885D32DF760A385CA0B5E8E9B20C066F71B946771A00503623A62","96F1F6884C9885D32DF760A385CA0B5E8E9B20C066F71B946771A00503623A62","True"
"projects/05-semaphores/course/05_FreeRTOS_Counting_Semaphore/Firmware/CMSIS/GD/GD32F4xx/Include/system_gd32f4xx.h","98EF2DD6DD7F6D2542C4D5CA83E9869BE3630B43300CB9AB453703E4277913BD","98EF2DD6DD7F6D2542C4D5CA83E9869BE3630B43300CB9AB453703E4277913BD","True"
"projects/05-semaphores/course/05_FreeRTOS_Counting_Semaphore/Firmware/CMSIS/GD/GD32F4xx/Source/ARM/startup_gd32f405_425.s","AEF6290F6950C0B7FB922FD12B91B3FC34ADA707A6846AA5D7A1277FDD50FBD9","AEF6290F6950C0B7FB922FD12B91B3FC34ADA707A6846AA5D7A1277FDD50FBD9","True"
"projects/05-semaphores/course/05_FreeRTOS_Counting_Semaphore/Firmware/CMSIS/GD/GD32F4xx/Source/ARM/startup_gd32f407_427.s","65127CC1FFC7BB0C6E3AB3E1EF32C8F935D09EF4A83AC4914E089D40C39B8B5B","65127CC1FFC7BB0C6E3AB3E1EF32C8F935D09EF4A83AC4914E089D40C39B8B5B","True"
"projects/05-semaphores/course/05_FreeRTOS_Counting_Semaphore/Firmware/CMSIS/GD/GD32F4xx/Source/ARM/startup_gd32f450_470.s","A4E9852BA47AAD025DE9645D067FAB33DDA87B8E82DEA6D77B3364F902345299","A4E9852BA47AAD025DE9645D067FAB33DDA87B8E82DEA6D77B3364F902345299","True"
"projects/05-semaphores/course/05_FreeRTOS_Counting_Semaphore/Firmware/CMSIS/GD/GD32F4xx/Source/IAR/startup_gd32f405_425.s","70E76C6AD0182A5682773261E308008BC1102C09839605A0E058851173026836","70E76C6AD0182A5682773261E308008BC1102C09839605A0E058851173026836","True"
"projects/05-semaphores/course/05_FreeRTOS_Counting_Semaphore/Firmware/CMSIS/GD/GD32F4xx/Source/IAR/startup_gd32f407_427.s","550D6CA54DE7F8FCB2791AAF9141666BA15978C55017FA6798BF0CA80A2864C6","550D6CA54DE7F8FCB2791AAF9141666BA15978C55017FA6798BF0CA80A2864C6","True"
"projects/05-semaphores/course/05_FreeRTOS_Counting_Semaphore/Firmware/CMSIS/GD/GD32F4xx/Source/IAR/startup_gd32f450_470.s","EE6654F1D551C6937D014FE943342B0395A32076E5AC8DD688C600EACB9BD343","EE6654F1D551C6937D014FE943342B0395A32076E5AC8DD688C600EACB9BD343","True"
"projects/05-semaphores/course/05_FreeRTOS_Counting_Semaphore/Firmware/CMSIS/GD/GD32F4xx/Source/system_gd32f4xx.c","8F66A123756716CF74297A7B54EEC616F230CBBC37DFB60F21BF05D1BC070836","8F66A123756716CF74297A7B54EEC616F230CBBC37DFB60F21BF05D1BC070836","True"
"projects/05-semaphores/course/05_FreeRTOS_Counting_Semaphore/Firmware/GD32F4xx_standard_peripheral/Include/gd32f4xx_adc.h","D6B41E007F1EE95E5FA1B495F94924F7E6166439FBF3E9234A26B5FA6C32F1DE","D6B41E007F1EE95E5FA1B495F94924F7E6166439FBF3E9234A26B5FA6C32F1DE","True"
"projects/05-semaphores/course/05_FreeRTOS_Counting_Semaphore/Firmware/GD32F4xx_standard_peripheral/Include/gd32f4xx_can.h","62A96066D7B8A1CEF45AB4092FCE5058B962050EB1C9E4B3585F0E19B9F30578","62A96066D7B8A1CEF45AB4092FCE5058B962050EB1C9E4B3585F0E19B9F30578","True"
"projects/05-semaphores/course/05_FreeRTOS_Counting_Semaphore/Firmware/GD32F4xx_standard_peripheral/Include/gd32f4xx_crc.h","4870F145AEEC968F3A7A0A5068105591E1ADEB9A37A5E47FDCC9D27D7D3AFBD6","4870F145AEEC968F3A7A0A5068105591E1ADEB9A37A5E47FDCC9D27D7D3AFBD6","True"
"projects/05-semaphores/course/05_FreeRTOS_Counting_Semaphore/Firmware/GD32F4xx_standard_peripheral/Include/gd32f4xx_ctc.h","900AB7D5F9C585834166A58966C8D523FF91D410066D00BBED3E6522C25782D7","900AB7D5F9C585834166A58966C8D523FF91D410066D00BBED3E6522C25782D7","True"
"projects/05-semaphores/course/05_FreeRTOS_Counting_Semaphore/Firmware/GD32F4xx_standard_peripheral/Include/gd32f4xx_dac.h","86057CC0C52A32F955A12F47ABA1E4997AC2DABA13B10A686D8777579F638AFB","86057CC0C52A32F955A12F47ABA1E4997AC2DABA13B10A686D8777579F638AFB","True"
"projects/05-semaphores/course/05_FreeRTOS_Counting_Semaphore/Firmware/GD32F4xx_standard_peripheral/Include/gd32f4xx_dbg.h","21A089B5880F1D101116BD37EAAC7A085A103901A40900E75941130D901B150E","21A089B5880F1D101116BD37EAAC7A085A103901A40900E75941130D901B150E","True"
"projects/05-semaphores/course/05_FreeRTOS_Counting_Semaphore/Firmware/GD32F4xx_standard_peripheral/Include/gd32f4xx_dci.h","787F449F0B2EBA5BBCC92B0D50899FA668CEA6ED9CCAB3960EBA0B2253CC7748","787F449F0B2EBA5BBCC92B0D50899FA668CEA6ED9CCAB3960EBA0B2253CC7748","True"
"projects/05-semaphores/course/05_FreeRTOS_Counting_Semaphore/Firmware/GD32F4xx_standard_peripheral/Include/gd32f4xx_dma.h","F358957EBF98C4C449480A088E349CDAC2716394C24FA4111DE08B06FCDC5094","F358957EBF98C4C449480A088E349CDAC2716394C24FA4111DE08B06FCDC5094","True"
"projects/05-semaphores/course/05_FreeRTOS_Counting_Semaphore/Firmware/GD32F4xx_standard_peripheral/Include/gd32f4xx_enet.h","2BDBC2BE9B0E3BA398DEEAB38021442A2CFEEDFF21FC353CF3B16C717A2CDF9B","2BDBC2BE9B0E3BA398DEEAB38021442A2CFEEDFF21FC353CF3B16C717A2CDF9B","True"
"projects/05-semaphores/course/05_FreeRTOS_Counting_Semaphore/Firmware/GD32F4xx_standard_peripheral/Include/gd32f4xx_exmc.h","68482B678DD868085A6BE6317EEC18873D43F895936E503487E843E561A0D55E","68482B678DD868085A6BE6317EEC18873D43F895936E503487E843E561A0D55E","True"
"projects/05-semaphores/course/05_FreeRTOS_Counting_Semaphore/Firmware/GD32F4xx_standard_peripheral/Include/gd32f4xx_exti.h","705948F029F63A5995D9849A60E417D6210ECE34C8E942C76A2D4E7A2B927426","705948F029F63A5995D9849A60E417D6210ECE34C8E942C76A2D4E7A2B927426","True"
"projects/05-semaphores/course/05_FreeRTOS_Counting_Semaphore/Firmware/GD32F4xx_standard_peripheral/Include/gd32f4xx_fmc.h","5A5D9F0B1CE1E7486206130F80048F81A6D3E9E6337BF0A4C69D4A1D5EDC9F7E","5A5D9F0B1CE1E7486206130F80048F81A6D3E9E6337BF0A4C69D4A1D5EDC9F7E","True"
"projects/05-semaphores/course/05_FreeRTOS_Counting_Semaphore/Firmware/GD32F4xx_standard_peripheral/Include/gd32f4xx_fwdgt.h","04CB4EE0D6526910CF9CA8BEFC437FC6DF3FDFE09FB0BC418AB7EA5C19611A50","04CB4EE0D6526910CF9CA8BEFC437FC6DF3FDFE09FB0BC418AB7EA5C19611A50","True"
"projects/05-semaphores/course/05_FreeRTOS_Counting_Semaphore/Firmware/GD32F4xx_standard_peripheral/Include/gd32f4xx_gpio.h","A20501A28644BF45B8E3C4AB2A7237466805C1480B06E7D6C8585296D7F08787","A20501A28644BF45B8E3C4AB2A7237466805C1480B06E7D6C8585296D7F08787","True"
"projects/05-semaphores/course/05_FreeRTOS_Counting_Semaphore/Firmware/GD32F4xx_standard_peripheral/Include/gd32f4xx_i2c.h","6CF4053E2452263CDFCB98DA0832CE1F2F1B0380C1BEA5D4284C1DF0D5CBBB05","6CF4053E2452263CDFCB98DA0832CE1F2F1B0380C1BEA5D4284C1DF0D5CBBB05","True"
"projects/05-semaphores/course/05_FreeRTOS_Counting_Semaphore/Firmware/GD32F4xx_standard_peripheral/Include/gd32f4xx_ipa.h","1AD22068402E09BAE4117E637ED972FCD7452751CCBE01C7829AEA7DF45AE8AE","1AD22068402E09BAE4117E637ED972FCD7452751CCBE01C7829AEA7DF45AE8AE","True"
"projects/05-semaphores/course/05_FreeRTOS_Counting_Semaphore/Firmware/GD32F4xx_standard_peripheral/Include/gd32f4xx_iref.h","D9D1E67FD4473F44B2F7E22BB78C3DFA9B5109D083AF1B0FDC63EC657B241C4A","D9D1E67FD4473F44B2F7E22BB78C3DFA9B5109D083AF1B0FDC63EC657B241C4A","True"
"projects/05-semaphores/course/05_FreeRTOS_Counting_Semaphore/Firmware/GD32F4xx_standard_peripheral/Include/gd32f4xx_misc.h","0A918F830F0200C0E806DFB50594259783E69D8ADBC27708705567F7193D35FB","0A918F830F0200C0E806DFB50594259783E69D8ADBC27708705567F7193D35FB","True"
"projects/05-semaphores/course/05_FreeRTOS_Counting_Semaphore/Firmware/GD32F4xx_standard_peripheral/Include/gd32f4xx_pmu.h","B9A72B6E42083EFD170C0C5FBE579C5D6417F9BBF674DB36041BE96FCBD84636","B9A72B6E42083EFD170C0C5FBE579C5D6417F9BBF674DB36041BE96FCBD84636","True"
"projects/05-semaphores/course/05_FreeRTOS_Counting_Semaphore/Firmware/GD32F4xx_standard_peripheral/Include/gd32f4xx_rcu.h","AC2B2AE653EDC89E674EDA24E1CFE8B511B73984AE0CABED3DF60BA61F8EEF08","AC2B2AE653EDC89E674EDA24E1CFE8B511B73984AE0CABED3DF60BA61F8EEF08","True"
"projects/05-semaphores/course/05_FreeRTOS_Counting_Semaphore/Firmware/GD32F4xx_standard_peripheral/Include/gd32f4xx_rtc.h","1798B1B495683096D4491CF0F854957D2AD60612F65A801ED0E7A4BEE49FA549","1798B1B495683096D4491CF0F854957D2AD60612F65A801ED0E7A4BEE49FA549","True"
"projects/05-semaphores/course/05_FreeRTOS_Counting_Semaphore/Firmware/GD32F4xx_standard_peripheral/Include/gd32f4xx_sdio.h","8D6813EFC565E3085611D767EA4E670E0C76A256C6F17FC93F313BCB11D0385A","8D6813EFC565E3085611D767EA4E670E0C76A256C6F17FC93F313BCB11D0385A","True"
"projects/05-semaphores/course/05_FreeRTOS_Counting_Semaphore/Firmware/GD32F4xx_standard_peripheral/Include/gd32f4xx_spi.h","4C6360C8FE58D4A38E4870BCBA17630857551D3EC7B4BD3DDEB5085C31240B1C","4C6360C8FE58D4A38E4870BCBA17630857551D3EC7B4BD3DDEB5085C31240B1C","True"
"projects/05-semaphores/course/05_FreeRTOS_Counting_Semaphore/Firmware/GD32F4xx_standard_peripheral/Include/gd32f4xx_syscfg.h","5060FEF0A07A3FC1396A31F09F95FE1D134F8A1FB1581E3DD98BB6078108C447","5060FEF0A07A3FC1396A31F09F95FE1D134F8A1FB1581E3DD98BB6078108C447","True"
"projects/05-semaphores/course/05_FreeRTOS_Counting_Semaphore/Firmware/GD32F4xx_standard_peripheral/Include/gd32f4xx_timer.h","7A79F81F1D862A1B49F23BFE05B1AC751A71E761B6E63C2DFFABE6C7BC69AC49","7A79F81F1D862A1B49F23BFE05B1AC751A71E761B6E63C2DFFABE6C7BC69AC49","True"
"projects/05-semaphores/course/05_FreeRTOS_Counting_Semaphore/Firmware/GD32F4xx_standard_peripheral/Include/gd32f4xx_tli.h","1B94EA157AC8CE2FED962B0C4FF95B6702C6194300AA51B04C3AAFE493768D2A","1B94EA157AC8CE2FED962B0C4FF95B6702C6194300AA51B04C3AAFE493768D2A","True"
"projects/05-semaphores/course/05_FreeRTOS_Counting_Semaphore/Firmware/GD32F4xx_standard_peripheral/Include/gd32f4xx_trng.h","91E2BB5AFFEFA65F90927FAD795FAA0F4204516284ECA38E461506F0CD9CA924","91E2BB5AFFEFA65F90927FAD795FAA0F4204516284ECA38E461506F0CD9CA924","True"
"projects/05-semaphores/course/05_FreeRTOS_Counting_Semaphore/Firmware/GD32F4xx_standard_peripheral/Include/gd32f4xx_usart.h","6CF40E957A1216C99E3663D667DE1944C42272897011834BF20ADCD97E791074","6CF40E957A1216C99E3663D667DE1944C42272897011834BF20ADCD97E791074","True"
"projects/05-semaphores/course/05_FreeRTOS_Counting_Semaphore/Firmware/GD32F4xx_standard_peripheral/Include/gd32f4xx_wwdgt.h","01EECFC98B4507AEB8F0AFBE7D994EA0A617A79E5D4EB2D1D4A85979BA014EFE","01EECFC98B4507AEB8F0AFBE7D994EA0A617A79E5D4EB2D1D4A85979BA014EFE","True"
"projects/05-semaphores/course/05_FreeRTOS_Counting_Semaphore/Firmware/GD32F4xx_standard_peripheral/Source/gd32f4xx_adc.c","8A5C91EC7A397B53EFD086646674D273ECE00F36C9610AB50715FE1521BA4112","8A5C91EC7A397B53EFD086646674D273ECE00F36C9610AB50715FE1521BA4112","True"
"projects/05-semaphores/course/05_FreeRTOS_Counting_Semaphore/Firmware/GD32F4xx_standard_peripheral/Source/gd32f4xx_can.c","CE0E343B00856972EABACCC1F4D88C051796A8D1E30C4596312FC29A533DB8BA","CE0E343B00856972EABACCC1F4D88C051796A8D1E30C4596312FC29A533DB8BA","True"
"projects/05-semaphores/course/05_FreeRTOS_Counting_Semaphore/Firmware/GD32F4xx_standard_peripheral/Source/gd32f4xx_crc.c","C14034159E72E082AA70E2A8CBA60FFCF950B63D75AE467706632F32EC00F315","C14034159E72E082AA70E2A8CBA60FFCF950B63D75AE467706632F32EC00F315","True"
"projects/05-semaphores/course/05_FreeRTOS_Counting_Semaphore/Firmware/GD32F4xx_standard_peripheral/Source/gd32f4xx_ctc.c","07F4A6385C6FFB2E18ECF95DAAE6A431FB91262FA988835A249A64F4002280A1","07F4A6385C6FFB2E18ECF95DAAE6A431FB91262FA988835A249A64F4002280A1","True"
"projects/05-semaphores/course/05_FreeRTOS_Counting_Semaphore/Firmware/GD32F4xx_standard_peripheral/Source/gd32f4xx_dac.c","ACE5C99F1E2774D955CA4E4D5D6E81B2D831F718098487EA3E8C2C34C960E160","ACE5C99F1E2774D955CA4E4D5D6E81B2D831F718098487EA3E8C2C34C960E160","True"
"projects/05-semaphores/course/05_FreeRTOS_Counting_Semaphore/Firmware/GD32F4xx_standard_peripheral/Source/gd32f4xx_dbg.c","6EEC659FD6B5C549226BAE8E9C9C78785B064D557434189BB221287D550FE291","6EEC659FD6B5C549226BAE8E9C9C78785B064D557434189BB221287D550FE291","True"
"projects/05-semaphores/course/05_FreeRTOS_Counting_Semaphore/Firmware/GD32F4xx_standard_peripheral/Source/gd32f4xx_dci.c","B99613D9A21A02DD39117F30B9A488B859209AB3489DCFDE7361D147CDF76516","B99613D9A21A02DD39117F30B9A488B859209AB3489DCFDE7361D147CDF76516","True"
"projects/05-semaphores/course/05_FreeRTOS_Counting_Semaphore/Firmware/GD32F4xx_standard_peripheral/Source/gd32f4xx_dma.c","2D943A169ABABCC22CBC6C41665F5CE375C30B63005954E1D34BB3218CB63FAF","2D943A169ABABCC22CBC6C41665F5CE375C30B63005954E1D34BB3218CB63FAF","True"
"projects/05-semaphores/course/05_FreeRTOS_Counting_Semaphore/Firmware/GD32F4xx_standard_peripheral/Source/gd32f4xx_enet.c","3051E8737C463D23D07B9C9AD937BC7C488BB573738B2313982870DAA670E87E","3051E8737C463D23D07B9C9AD937BC7C488BB573738B2313982870DAA670E87E","True"
"projects/05-semaphores/course/05_FreeRTOS_Counting_Semaphore/Firmware/GD32F4xx_standard_peripheral/Source/gd32f4xx_exmc.c","E4A79B377C89D9EB8BD5BE101E273AD5EFBA0C2A24FB4621AB7BC124BEEEAEBF","E4A79B377C89D9EB8BD5BE101E273AD5EFBA0C2A24FB4621AB7BC124BEEEAEBF","True"
"projects/05-semaphores/course/05_FreeRTOS_Counting_Semaphore/Firmware/GD32F4xx_standard_peripheral/Source/gd32f4xx_exti.c","FCE4A7ECA93486D71A9E5758642F2282AE7F8805DBB559312837A0B17577FE58","FCE4A7ECA93486D71A9E5758642F2282AE7F8805DBB559312837A0B17577FE58","True"
"projects/05-semaphores/course/05_FreeRTOS_Counting_Semaphore/Firmware/GD32F4xx_standard_peripheral/Source/gd32f4xx_fmc.c","15408829D2405432FC8ED73D5D8C6BBB1E6C74540F1B817983BABD62E22CAB16","15408829D2405432FC8ED73D5D8C6BBB1E6C74540F1B817983BABD62E22CAB16","True"
"projects/05-semaphores/course/05_FreeRTOS_Counting_Semaphore/Firmware/GD32F4xx_standard_peripheral/Source/gd32f4xx_fwdgt.c","05B67D15069CED6F0472E4115ECD16064402E0D6220561499000025A8CD189B7","05B67D15069CED6F0472E4115ECD16064402E0D6220561499000025A8CD189B7","True"
"projects/05-semaphores/course/05_FreeRTOS_Counting_Semaphore/Firmware/GD32F4xx_standard_peripheral/Source/gd32f4xx_gpio.c","262BEFE864D5DA3BADA64D0B3DAB29E5C2747E46B154EDE8BCAB0B788DB614E0","262BEFE864D5DA3BADA64D0B3DAB29E5C2747E46B154EDE8BCAB0B788DB614E0","True"
"projects/05-semaphores/course/05_FreeRTOS_Counting_Semaphore/Firmware/GD32F4xx_standard_peripheral/Source/gd32f4xx_i2c.c","8EDFAF1A8F0BF2833923D0072FE1B9D0467382B3EC1D243E918D0DE9711CCCD2","8EDFAF1A8F0BF2833923D0072FE1B9D0467382B3EC1D243E918D0DE9711CCCD2","True"
"projects/05-semaphores/course/05_FreeRTOS_Counting_Semaphore/Firmware/GD32F4xx_standard_peripheral/Source/gd32f4xx_ipa.c","38A8350304763C1C83B4D2341F6782B090CA09ABE541AC360089B5CB454BCF57","38A8350304763C1C83B4D2341F6782B090CA09ABE541AC360089B5CB454BCF57","True"
"projects/05-semaphores/course/05_FreeRTOS_Counting_Semaphore/Firmware/GD32F4xx_standard_peripheral/Source/gd32f4xx_iref.c","24F2FCFCD20882FD3E65773A281A827BF5391A0A8054324EEF7C98BB3F2B9B80","24F2FCFCD20882FD3E65773A281A827BF5391A0A8054324EEF7C98BB3F2B9B80","True"
"projects/05-semaphores/course/05_FreeRTOS_Counting_Semaphore/Firmware/GD32F4xx_standard_peripheral/Source/gd32f4xx_misc.c","1CD262F295155428C25DEDC69BFBAB99F7A99DE09E0B602ECA1F2C6017CFE2DA","1CD262F295155428C25DEDC69BFBAB99F7A99DE09E0B602ECA1F2C6017CFE2DA","True"
"projects/05-semaphores/course/05_FreeRTOS_Counting_Semaphore/Firmware/GD32F4xx_standard_peripheral/Source/gd32f4xx_pmu.c","DAFA94838A55132E3313234C5AC2BE6172116DC26574347363D554EFFB186D79","DAFA94838A55132E3313234C5AC2BE6172116DC26574347363D554EFFB186D79","True"
"projects/05-semaphores/course/05_FreeRTOS_Counting_Semaphore/Firmware/GD32F4xx_standard_peripheral/Source/gd32f4xx_rcu.c","6C1030EB58EC7CB9C41E2A1FF31DDEF87F70DD083222327978234004C4E95B98","6C1030EB58EC7CB9C41E2A1FF31DDEF87F70DD083222327978234004C4E95B98","True"
"projects/05-semaphores/course/05_FreeRTOS_Counting_Semaphore/Firmware/GD32F4xx_standard_peripheral/Source/gd32f4xx_rtc.c","EEA5BCB92C88A7BAB9F3740F8E9408236412A546B03A5467F21B0F94A01183E7","EEA5BCB92C88A7BAB9F3740F8E9408236412A546B03A5467F21B0F94A01183E7","True"
"projects/05-semaphores/course/05_FreeRTOS_Counting_Semaphore/Firmware/GD32F4xx_standard_peripheral/Source/gd32f4xx_sdio.c","9D8F3E488C74C44A30C4D0BBB9CD8D86555D898CA9C36F259CE57609959B9854","9D8F3E488C74C44A30C4D0BBB9CD8D86555D898CA9C36F259CE57609959B9854","True"
"projects/05-semaphores/course/05_FreeRTOS_Counting_Semaphore/Firmware/GD32F4xx_standard_peripheral/Source/gd32f4xx_spi.c","CE06438E9AD5882A0FCA88DFE658DD925ED3320BA574C2797E2F93ACF6142459","CE06438E9AD5882A0FCA88DFE658DD925ED3320BA574C2797E2F93ACF6142459","True"
"projects/05-semaphores/course/05_FreeRTOS_Counting_Semaphore/Firmware/GD32F4xx_standard_peripheral/Source/gd32f4xx_syscfg.c","51A7A5E70F3064424CC6E2F6A06942B47ADAAC8C36A6612EE08B1643557B3CA3","51A7A5E70F3064424CC6E2F6A06942B47ADAAC8C36A6612EE08B1643557B3CA3","True"
"projects/05-semaphores/course/05_FreeRTOS_Counting_Semaphore/Firmware/GD32F4xx_standard_peripheral/Source/gd32f4xx_timer.c","3961465CF6BA39554E34C02183C50676A4AB9B3991A6AAD32D271754B2506B14","3961465CF6BA39554E34C02183C50676A4AB9B3991A6AAD32D271754B2506B14","True"
"projects/05-semaphores/course/05_FreeRTOS_Counting_Semaphore/Firmware/GD32F4xx_standard_peripheral/Source/gd32f4xx_tli.c","881A02E692AFD4A0B6848A929B0B8C79148911AD7543CF611287C45E82372541","881A02E692AFD4A0B6848A929B0B8C79148911AD7543CF611287C45E82372541","True"
"projects/05-semaphores/course/05_FreeRTOS_Counting_Semaphore/Firmware/GD32F4xx_standard_peripheral/Source/gd32f4xx_trng.c","BA9093D046A01C997AA54D2DE9F663E8AF32FB9E53C950CFC640F1033FCD6C53","BA9093D046A01C997AA54D2DE9F663E8AF32FB9E53C950CFC640F1033FCD6C53","True"
"projects/05-semaphores/course/05_FreeRTOS_Counting_Semaphore/Firmware/GD32F4xx_standard_peripheral/Source/gd32f4xx_usart.c","F67FA54D9C9537317BE92D95FD880A394D9ABE98DF708E5AA821FBFA392AE9B0","F67FA54D9C9537317BE92D95FD880A394D9ABE98DF708E5AA821FBFA392AE9B0","True"
"projects/05-semaphores/course/05_FreeRTOS_Counting_Semaphore/Firmware/GD32F4xx_standard_peripheral/Source/gd32f4xx_wwdgt.c","0ED39DE6F0101E10DDCB476E6EF21C44D2282D4F689D0D0D70F9E04940E6F0FE","0ED39DE6F0101E10DDCB476E6EF21C44D2282D4F689D0D0D70F9E04940E6F0FE","True"
"projects/05-semaphores/course/05_FreeRTOS_Counting_Semaphore/Firmware/GD32F4xx_usb_library/device/class/audio/Include/audio_core.h","D4550583AD93FB3EED7D288FB84CA5E1B57269E088FB073E541A666B636FEC00","D4550583AD93FB3EED7D288FB84CA5E1B57269E088FB073E541A666B636FEC00","True"
"projects/05-semaphores/course/05_FreeRTOS_Counting_Semaphore/Firmware/GD32F4xx_usb_library/device/class/audio/Include/audio_out_itf.h","77FB54DEA6431AF26C1DE2B1CCFB8186FAC92519D817556FE6B31FDE7947310B","77FB54DEA6431AF26C1DE2B1CCFB8186FAC92519D817556FE6B31FDE7947310B","True"
"projects/05-semaphores/course/05_FreeRTOS_Counting_Semaphore/Firmware/GD32F4xx_usb_library/device/class/audio/Source/audio_core.c","E134ABAB42ADA7E2D9C6BAD56032F4358FBD37B82E3861496BFE8DC7B4263D32","E134ABAB42ADA7E2D9C6BAD56032F4358FBD37B82E3861496BFE8DC7B4263D32","True"
"projects/05-semaphores/course/05_FreeRTOS_Counting_Semaphore/Firmware/GD32F4xx_usb_library/device/class/audio/Source/audio_out_itf.c","33F0490E4B3CE2315D51257BB877A233BA7293BF83F1272113382989476B887B","33F0490E4B3CE2315D51257BB877A233BA7293BF83F1272113382989476B887B","True"
"projects/05-semaphores/course/05_FreeRTOS_Counting_Semaphore/Firmware/GD32F4xx_usb_library/device/class/cdc/Include/cdc_acm_core.h","58A53B46A222A4CA1B4F35901A48555A22FF6C8EF95DCB23E651A64512A0B8EC","58A53B46A222A4CA1B4F35901A48555A22FF6C8EF95DCB23E651A64512A0B8EC","True"
"projects/05-semaphores/course/05_FreeRTOS_Counting_Semaphore/Firmware/GD32F4xx_usb_library/device/class/cdc/Source/cdc_acm_core.c","92F6D272CB501A2E0E8020A5C7C3FDBF3F6267044A5F00C248A53BDC23867E71","92F6D272CB501A2E0E8020A5C7C3FDBF3F6267044A5F00C248A53BDC23867E71","True"
"projects/05-semaphores/course/05_FreeRTOS_Counting_Semaphore/Firmware/GD32F4xx_usb_library/device/class/dfu/Include/dfu_core.h","B074E46C11DFC3D6F057E7C91263A7894A8598F5AD27062A8F0C737739F0AC4B","B074E46C11DFC3D6F057E7C91263A7894A8598F5AD27062A8F0C737739F0AC4B","True"
"projects/05-semaphores/course/05_FreeRTOS_Counting_Semaphore/Firmware/GD32F4xx_usb_library/device/class/dfu/Include/dfu_mem.h","EE0FA900E1595041DB2524E57A7684A911AFEC27BD737544CB8ACC1A419B54F3","EE0FA900E1595041DB2524E57A7684A911AFEC27BD737544CB8ACC1A419B54F3","True"
"projects/05-semaphores/course/05_FreeRTOS_Counting_Semaphore/Firmware/GD32F4xx_usb_library/device/class/dfu/Source/dfu_core.c","EE0B61F48E523F816E1977AB5667701D4A30C9D7994809DAEC56A6C22B6B23F2","EE0B61F48E523F816E1977AB5667701D4A30C9D7994809DAEC56A6C22B6B23F2","True"
"projects/05-semaphores/course/05_FreeRTOS_Counting_Semaphore/Firmware/GD32F4xx_usb_library/device/class/dfu/Source/dfu_mem.c","1740852FD0411642AAD47BF10951D51DE5338CA02239C634C4A28211CC0B6BD5","1740852FD0411642AAD47BF10951D51DE5338CA02239C634C4A28211CC0B6BD5","True"
"projects/05-semaphores/course/05_FreeRTOS_Counting_Semaphore/Firmware/GD32F4xx_usb_library/device/class/hid/Include/custom_hid_core.h","3D8630539B539B75241B088BA5CB2BD6A6377EBE6A0C026E14E4D9F618149F3C","3D8630539B539B75241B088BA5CB2BD6A6377EBE6A0C026E14E4D9F618149F3C","True"
"projects/05-semaphores/course/05_FreeRTOS_Counting_Semaphore/Firmware/GD32F4xx_usb_library/device/class/hid/Include/standard_hid_core.h","B43958E8EF0BB4E5939D1B1279F2B4D25791ABD357C51504FB08C6BF5CDE5A55","B43958E8EF0BB4E5939D1B1279F2B4D25791ABD357C51504FB08C6BF5CDE5A55","True"
"projects/05-semaphores/course/05_FreeRTOS_Counting_Semaphore/Firmware/GD32F4xx_usb_library/device/class/hid/Source/custom_hid_core.c","E31D924422097B600884693E2CFB38C20E4215861DFC8BBDFF3058C9A9133668","E31D924422097B600884693E2CFB38C20E4215861DFC8BBDFF3058C9A9133668","True"
"projects/05-semaphores/course/05_FreeRTOS_Counting_Semaphore/Firmware/GD32F4xx_usb_library/device/class/hid/Source/standard_hid_core.c","976542C7FC8C038846C71E4C5E6755B3C9364C8C09425F671FA694F1F14889A1","976542C7FC8C038846C71E4C5E6755B3C9364C8C09425F671FA694F1F14889A1","True"
"projects/05-semaphores/course/05_FreeRTOS_Counting_Semaphore/Firmware/GD32F4xx_usb_library/device/class/iap/Include/usb_iap_core.h","0C5491567E7452BE4CDC0099BC8F6E5B6ACA7B9C273FDB95647264938337C163","0C5491567E7452BE4CDC0099BC8F6E5B6ACA7B9C273FDB95647264938337C163","True"
"projects/05-semaphores/course/05_FreeRTOS_Counting_Semaphore/Firmware/GD32F4xx_usb_library/device/class/iap/Source/usb_iap_core.c","B48D8EDB4882F57E2EE0B7CD17D94A4EA574BBFDB3EF72F35355FB7B8CBF374D","B48D8EDB4882F57E2EE0B7CD17D94A4EA574BBFDB3EF72F35355FB7B8CBF374D","True"
"projects/05-semaphores/course/05_FreeRTOS_Counting_Semaphore/Firmware/GD32F4xx_usb_library/device/class/msc/Include/usbd_msc_bbb.h","FCE4E4A9E17E3C7AD6EF23BF6284354B3C1E0BC79E2E3D8C51C00C7CBA88598F","FCE4E4A9E17E3C7AD6EF23BF6284354B3C1E0BC79E2E3D8C51C00C7CBA88598F","True"
"projects/05-semaphores/course/05_FreeRTOS_Counting_Semaphore/Firmware/GD32F4xx_usb_library/device/class/msc/Include/usbd_msc_core.h","1B56E50C7F78BD46CC86E131565DA5A3CA050901171A99D33526283996D0062C","1B56E50C7F78BD46CC86E131565DA5A3CA050901171A99D33526283996D0062C","True"
"projects/05-semaphores/course/05_FreeRTOS_Counting_Semaphore/Firmware/GD32F4xx_usb_library/device/class/msc/Include/usbd_msc_mem.h","4219910F0D5565CBF2CB7DE2191FFFAD41F01F9903EC160827C6F441FC9FE241","4219910F0D5565CBF2CB7DE2191FFFAD41F01F9903EC160827C6F441FC9FE241","True"
"projects/05-semaphores/course/05_FreeRTOS_Counting_Semaphore/Firmware/GD32F4xx_usb_library/device/class/msc/Include/usbd_msc_scsi.h","8A843A759A5D1013DB6524B1547453013DA00C202F03A7011B604C8E79F96A2D","8A843A759A5D1013DB6524B1547453013DA00C202F03A7011B604C8E79F96A2D","True"
"projects/05-semaphores/course/05_FreeRTOS_Counting_Semaphore/Firmware/GD32F4xx_usb_library/device/class/msc/Source/usbd_msc_bbb.c","D613ECDDAB72A03DE672E4669F2549F5CE93259C09819FCBD78DB49DBBEFA4A5","D613ECDDAB72A03DE672E4669F2549F5CE93259C09819FCBD78DB49DBBEFA4A5","True"
"projects/05-semaphores/course/05_FreeRTOS_Counting_Semaphore/Firmware/GD32F4xx_usb_library/device/class/msc/Source/usbd_msc_core.c","5C5983C2884B08AA4A480B29929E20A502741C56CEFD717E48A6FE5C807BBB5C","5C5983C2884B08AA4A480B29929E20A502741C56CEFD717E48A6FE5C807BBB5C","True"
"projects/05-semaphores/course/05_FreeRTOS_Counting_Semaphore/Firmware/GD32F4xx_usb_library/device/class/msc/Source/usbd_msc_scsi.c","062E1DF310C0FEED9372585E09D4A317F65B8E0E03BD70C14AA7418A99C5EFFD","062E1DF310C0FEED9372585E09D4A317F65B8E0E03BD70C14AA7418A99C5EFFD","True"
"projects/05-semaphores/course/05_FreeRTOS_Counting_Semaphore/Firmware/GD32F4xx_usb_library/device/class/printer/Include/printer_core.h","4231DAE7349CC3643150EC1E90A5CEFB4ADF23ADC0314E82EF001BDFCD7D7E8C","4231DAE7349CC3643150EC1E90A5CEFB4ADF23ADC0314E82EF001BDFCD7D7E8C","True"
"projects/05-semaphores/course/05_FreeRTOS_Counting_Semaphore/Firmware/GD32F4xx_usb_library/device/class/printer/Source/printer_core.c","93EB77FF7A45DA1424244E1FFA25755A259E43B815D00B14C319BEC17A079831","93EB77FF7A45DA1424244E1FFA25755A259E43B815D00B14C319BEC17A079831","True"
"projects/05-semaphores/course/05_FreeRTOS_Counting_Semaphore/Firmware/GD32F4xx_usb_library/device/core/Include/usbd_core.h","A205D78D7C4299519538D5057744916BCB5459EC963BFBD6AA42101197B15041","A205D78D7C4299519538D5057744916BCB5459EC963BFBD6AA42101197B15041","True"
"projects/05-semaphores/course/05_FreeRTOS_Counting_Semaphore/Firmware/GD32F4xx_usb_library/device/core/Include/usbd_enum.h","9DE97ED85BA71120379BF876FAF752FA7900784D1614C18D1E9ECEA6C7E2C897","9DE97ED85BA71120379BF876FAF752FA7900784D1614C18D1E9ECEA6C7E2C897","True"
"projects/05-semaphores/course/05_FreeRTOS_Counting_Semaphore/Firmware/GD32F4xx_usb_library/device/core/Include/usbd_transc.h","7598A18B6AA5696B7D15C3F8DA6F0F04C37BCA44D48C86FD5A7BD92850A17681","7598A18B6AA5696B7D15C3F8DA6F0F04C37BCA44D48C86FD5A7BD92850A17681","True"
"projects/05-semaphores/course/05_FreeRTOS_Counting_Semaphore/Firmware/GD32F4xx_usb_library/device/core/Source/usbd_core.c","74A04240E3912EF2D959396250678FF65E41A6D65E4C92CDDB7BABEBC646A12F","74A04240E3912EF2D959396250678FF65E41A6D65E4C92CDDB7BABEBC646A12F","True"
"projects/05-semaphores/course/05_FreeRTOS_Counting_Semaphore/Firmware/GD32F4xx_usb_library/device/core/Source/usbd_enum.c","07C9D4AF518D9659D3696A574638D2238413C849345915F347B1CE91C02A81EE","07C9D4AF518D9659D3696A574638D2238413C849345915F347B1CE91C02A81EE","True"
"projects/05-semaphores/course/05_FreeRTOS_Counting_Semaphore/Firmware/GD32F4xx_usb_library/device/core/Source/usbd_transc.c","CE5E569F4CBB0918250C03000276FD987E116E69F489EEC7B049B790A5A87F37","CE5E569F4CBB0918250C03000276FD987E116E69F489EEC7B049B790A5A87F37","True"
"projects/05-semaphores/course/05_FreeRTOS_Counting_Semaphore/Firmware/GD32F4xx_usb_library/driver/Include/drv_usb_core.h","D7957D291F199B35772CE89782B17558BCC73B935F66F80C5B7FBE16DDBA5875","D7957D291F199B35772CE89782B17558BCC73B935F66F80C5B7FBE16DDBA5875","True"
"projects/05-semaphores/course/05_FreeRTOS_Counting_Semaphore/Firmware/GD32F4xx_usb_library/driver/Include/drv_usb_dev.h","CAF5D56EBAFDBA9FC9F167418A1616E4291B112EDBF47A8654BD9A98F8C17B9A","CAF5D56EBAFDBA9FC9F167418A1616E4291B112EDBF47A8654BD9A98F8C17B9A","True"
"projects/05-semaphores/course/05_FreeRTOS_Counting_Semaphore/Firmware/GD32F4xx_usb_library/driver/Include/drv_usb_host.h","FB4056A260F60FDA977AB1139EBFCF00E53B5C3E697FDDA573B902A413BFFF14","FB4056A260F60FDA977AB1139EBFCF00E53B5C3E697FDDA573B902A413BFFF14","True"
"projects/05-semaphores/course/05_FreeRTOS_Counting_Semaphore/Firmware/GD32F4xx_usb_library/driver/Include/drv_usb_hw.h","81DBB2D76CD496106998EAA694DA78184988C9618E06CFE573E5D6B5FA1C1F20","81DBB2D76CD496106998EAA694DA78184988C9618E06CFE573E5D6B5FA1C1F20","True"
"projects/05-semaphores/course/05_FreeRTOS_Counting_Semaphore/Firmware/GD32F4xx_usb_library/driver/Include/drv_usb_regs.h","048A97F0FF66F557EE6A5E829F8AA0336D69E13E63151CF4D64092D0FF9606BA","048A97F0FF66F557EE6A5E829F8AA0336D69E13E63151CF4D64092D0FF9606BA","True"
"projects/05-semaphores/course/05_FreeRTOS_Counting_Semaphore/Firmware/GD32F4xx_usb_library/driver/Include/drv_usbd_int.h","3B71749A04450BBEC4838039BC3C6482EE1D7ECB509B97DA5151F362F918A8F4","3B71749A04450BBEC4838039BC3C6482EE1D7ECB509B97DA5151F362F918A8F4","True"
"projects/05-semaphores/course/05_FreeRTOS_Counting_Semaphore/Firmware/GD32F4xx_usb_library/driver/Include/drv_usbh_int.h","5268EE8F0ACCEE9C9E848AE421F3F1B83B8EFA72B8854F08A5756C16C3873997","5268EE8F0ACCEE9C9E848AE421F3F1B83B8EFA72B8854F08A5756C16C3873997","True"
"projects/05-semaphores/course/05_FreeRTOS_Counting_Semaphore/Firmware/GD32F4xx_usb_library/driver/Source/drv_usb_core.c","B90492A8404BCBDCBBA9D31D38AD75D2D85B6014CCACF6EEA77B23F69CF5F623","B90492A8404BCBDCBBA9D31D38AD75D2D85B6014CCACF6EEA77B23F69CF5F623","True"
"projects/05-semaphores/course/05_FreeRTOS_Counting_Semaphore/Firmware/GD32F4xx_usb_library/driver/Source/drv_usb_dev.c","93CA6CD491C5E0FEA197D5AC7F10BA23E6973543DA7AEED38BFC1AE3A0DC474B","93CA6CD491C5E0FEA197D5AC7F10BA23E6973543DA7AEED38BFC1AE3A0DC474B","True"
"projects/05-semaphores/course/05_FreeRTOS_Counting_Semaphore/Firmware/GD32F4xx_usb_library/driver/Source/drv_usb_host.c","D9F6DE1A16C13351C6947A1D8C735A2FA2EF6495159EF75E8C84A903003853EA","D9F6DE1A16C13351C6947A1D8C735A2FA2EF6495159EF75E8C84A903003853EA","True"
"projects/05-semaphores/course/05_FreeRTOS_Counting_Semaphore/Firmware/GD32F4xx_usb_library/driver/Source/drv_usbd_int.c","6D629C1B2EE8A05BD9C1B8E20F2664410AFC9608E9489CCAC5BE881D10D0A715","6D629C1B2EE8A05BD9C1B8E20F2664410AFC9608E9489CCAC5BE881D10D0A715","True"
"projects/05-semaphores/course/05_FreeRTOS_Counting_Semaphore/Firmware/GD32F4xx_usb_library/driver/Source/drv_usbh_int.c","4D390034615DF35FB792026BD76844C922F387580E291039F1BC5F6B6C982486","4D390034615DF35FB792026BD76844C922F387580E291039F1BC5F6B6C982486","True"
"projects/05-semaphores/course/05_FreeRTOS_Counting_Semaphore/Firmware/GD32F4xx_usb_library/host/class/hid/Include/usbh_hid_core.h","0DEC84719141C68389EC4F957111FB6DC21A5BE55159A808A9D4D20759E447AA","0DEC84719141C68389EC4F957111FB6DC21A5BE55159A808A9D4D20759E447AA","True"
"projects/05-semaphores/course/05_FreeRTOS_Counting_Semaphore/Firmware/GD32F4xx_usb_library/host/class/hid/Include/usbh_standard_hid.h","9DFF3D162D5690F986145FC6A50E8BE49EE6EA57B0DF5DE92708173ECE1231A8","9DFF3D162D5690F986145FC6A50E8BE49EE6EA57B0DF5DE92708173ECE1231A8","True"
"projects/05-semaphores/course/05_FreeRTOS_Counting_Semaphore/Firmware/GD32F4xx_usb_library/host/class/hid/Source/usbh_hid_core.c","2CDAFDF63EBB98A454A09ACC070B9C2E925C7EEC29AF318F1A8CE5F913C5D200","2CDAFDF63EBB98A454A09ACC070B9C2E925C7EEC29AF318F1A8CE5F913C5D200","True"
"projects/05-semaphores/course/05_FreeRTOS_Counting_Semaphore/Firmware/GD32F4xx_usb_library/host/class/hid/Source/usbh_standard_hid.c","324F535D3213364159EF30D0AB69CB69472D94EE6A25F07D1C624D1B4BB315C3","324F535D3213364159EF30D0AB69CB69472D94EE6A25F07D1C624D1B4BB315C3","True"
"projects/05-semaphores/course/05_FreeRTOS_Counting_Semaphore/Firmware/GD32F4xx_usb_library/host/class/msc/Include/usbh_msc_bbb.h","FE164E019DB850549FA0EDB8A4B2F0C38FF1C7540A834B935C91268D0E275FF8","FE164E019DB850549FA0EDB8A4B2F0C38FF1C7540A834B935C91268D0E275FF8","True"
"projects/05-semaphores/course/05_FreeRTOS_Counting_Semaphore/Firmware/GD32F4xx_usb_library/host/class/msc/Include/usbh_msc_core.h","34B4B4AED85F332B815096EE4C39FBA67C77FEF1F9EB79FC470603568CBE2DC9","34B4B4AED85F332B815096EE4C39FBA67C77FEF1F9EB79FC470603568CBE2DC9","True"
"projects/05-semaphores/course/05_FreeRTOS_Counting_Semaphore/Firmware/GD32F4xx_usb_library/host/class/msc/Include/usbh_msc_scsi.h","E6E8CA26D9A2ABFFE14A21AF356CB07C4058D9052DFD22B46205EC11884A867A","E6E8CA26D9A2ABFFE14A21AF356CB07C4058D9052DFD22B46205EC11884A867A","True"
"projects/05-semaphores/course/05_FreeRTOS_Counting_Semaphore/Firmware/GD32F4xx_usb_library/host/class/msc/Source/usbh_msc_bbb.c","2A82AD623D78CCC1802D851AB7FB124D6ABB5DBEA980AA8C6517E26FF906E049","2A82AD623D78CCC1802D851AB7FB124D6ABB5DBEA980AA8C6517E26FF906E049","True"
"projects/05-semaphores/course/05_FreeRTOS_Counting_Semaphore/Firmware/GD32F4xx_usb_library/host/class/msc/Source/usbh_msc_core.c","5DF338C15161E6C7A6424179245E0E373973B22E81DEA91111AD5613AE0C8690","5DF338C15161E6C7A6424179245E0E373973B22E81DEA91111AD5613AE0C8690","True"
"projects/05-semaphores/course/05_FreeRTOS_Counting_Semaphore/Firmware/GD32F4xx_usb_library/host/class/msc/Source/usbh_msc_fatfs.c","8FD0C5B44F9AC0E35427803F9761E40A5297CAA2ACC078CB9FDE3C25BA4036B1","8FD0C5B44F9AC0E35427803F9761E40A5297CAA2ACC078CB9FDE3C25BA4036B1","True"
"projects/05-semaphores/course/05_FreeRTOS_Counting_Semaphore/Firmware/GD32F4xx_usb_library/host/class/msc/Source/usbh_msc_scsi.c","45E6AD746800250C90834AC684D207DA486F3F0FDA8503284DEF2C537F952A85","45E6AD746800250C90834AC684D207DA486F3F0FDA8503284DEF2C537F952A85","True"
"projects/05-semaphores/course/05_FreeRTOS_Counting_Semaphore/Firmware/GD32F4xx_usb_library/host/core/Include/usbh_core.h","8919B0DA3BC89862AC89DA53BD34CC4F8AF2F7ECEBF23493D3BC0980570EC67D","8919B0DA3BC89862AC89DA53BD34CC4F8AF2F7ECEBF23493D3BC0980570EC67D","True"
"projects/05-semaphores/course/05_FreeRTOS_Counting_Semaphore/Firmware/GD32F4xx_usb_library/host/core/Include/usbh_enum.h","A08D6A471BE77A6BFDF916E166E4A95B49358F209E0708080E4A441D7D454897","A08D6A471BE77A6BFDF916E166E4A95B49358F209E0708080E4A441D7D454897","True"
"projects/05-semaphores/course/05_FreeRTOS_Counting_Semaphore/Firmware/GD32F4xx_usb_library/host/core/Include/usbh_pipe.h","D1AA31749DB419F147E34BF1608F3C79D8846FC9067B138CE90DCC6D68A724B2","D1AA31749DB419F147E34BF1608F3C79D8846FC9067B138CE90DCC6D68A724B2","True"
"projects/05-semaphores/course/05_FreeRTOS_Counting_Semaphore/Firmware/GD32F4xx_usb_library/host/core/Include/usbh_transc.h","B0A9300C836592E16782062A0D898645ADC64EFD21AD96F46B8EF6EBD876499C","B0A9300C836592E16782062A0D898645ADC64EFD21AD96F46B8EF6EBD876499C","True"
"projects/05-semaphores/course/05_FreeRTOS_Counting_Semaphore/Firmware/GD32F4xx_usb_library/host/core/Source/usbh_core.c","2E61C1493A0F04D944A9B1E01924A57908552C5C5920F357DF984F098988DF08","2E61C1493A0F04D944A9B1E01924A57908552C5C5920F357DF984F098988DF08","True"
"projects/05-semaphores/course/05_FreeRTOS_Counting_Semaphore/Firmware/GD32F4xx_usb_library/host/core/Source/usbh_enum.c","273217F6826C6D57A1D210D2A58974AE97A27E15951B98BE25BBCCDEA8133871","273217F6826C6D57A1D210D2A58974AE97A27E15951B98BE25BBCCDEA8133871","True"
"projects/05-semaphores/course/05_FreeRTOS_Counting_Semaphore/Firmware/GD32F4xx_usb_library/host/core/Source/usbh_pipe.c","E8A4253E2A4224333C4343EE0FFD5F280C9875EF57702F44C1973CBD42EDD2E0","E8A4253E2A4224333C4343EE0FFD5F280C9875EF57702F44C1973CBD42EDD2E0","True"
"projects/05-semaphores/course/05_FreeRTOS_Counting_Semaphore/Firmware/GD32F4xx_usb_library/host/core/Source/usbh_transc.c","CF1AE1FCF884275E82634538E997D8D24C31FBE959140909F5BB4E34BCA0BBEF","CF1AE1FCF884275E82634538E997D8D24C31FBE959140909F5BB4E34BCA0BBEF","True"
"projects/05-semaphores/course/05_FreeRTOS_Counting_Semaphore/Firmware/GD32F4xx_usb_library/ustd/class/cdc/usb_cdc.h","FCD43C4F51573D30F01573E2D2856E0BE969C8FFD02D415AADFB69A595DECF4E","FCD43C4F51573D30F01573E2D2856E0BE969C8FFD02D415AADFB69A595DECF4E","True"
"projects/05-semaphores/course/05_FreeRTOS_Counting_Semaphore/Firmware/GD32F4xx_usb_library/ustd/class/hid/usb_hid.h","F3C6A02D4FC46F9512465B6EB2951C8CDDB956AF73422AAB9D2A1BAFC69F2E7B","F3C6A02D4FC46F9512465B6EB2951C8CDDB956AF73422AAB9D2A1BAFC69F2E7B","True"
"projects/05-semaphores/course/05_FreeRTOS_Counting_Semaphore/Firmware/GD32F4xx_usb_library/ustd/class/msc/msc_bbb.h","B884B8F8F7CFAF22512EDE7AE709B5F3591E126D2919AECF4E2B4D7EFEA1F5D6","B884B8F8F7CFAF22512EDE7AE709B5F3591E126D2919AECF4E2B4D7EFEA1F5D6","True"
"projects/05-semaphores/course/05_FreeRTOS_Counting_Semaphore/Firmware/GD32F4xx_usb_library/ustd/class/msc/msc_scsi.h","8842CF305E996369687FA89568C9AEE3D46F745E1AEF6EB58B1A3F519F863631","8842CF305E996369687FA89568C9AEE3D46F745E1AEF6EB58B1A3F519F863631","True"
"projects/05-semaphores/course/05_FreeRTOS_Counting_Semaphore/Firmware/GD32F4xx_usb_library/ustd/class/msc/usb_msc.h","E3C2A096085131687F121DE426EF9154F23CCC26E877129243A648FB8C90B216","E3C2A096085131687F121DE426EF9154F23CCC26E877129243A648FB8C90B216","True"
"projects/05-semaphores/course/05_FreeRTOS_Counting_Semaphore/Firmware/GD32F4xx_usb_library/ustd/common/usb_ch9_std.h","B5249865F377709E456F76CA76CA5499ACE39BAD6A452832DBE535F1989C6D22","B5249865F377709E456F76CA76CA5499ACE39BAD6A452832DBE535F1989C6D22","True"
"projects/05-semaphores/course/05_FreeRTOS_Counting_Semaphore/FreeRTOS/CMakeLists.txt","277777817A51C3B8548C84A61CF5341C43DA40769C833A05AD46FDBD6F7CEED7","277777817A51C3B8548C84A61CF5341C43DA40769C833A05AD46FDBD6F7CEED7","True"
"projects/05-semaphores/course/05_FreeRTOS_Counting_Semaphore/FreeRTOS/croutine.c","EBF0CDCE261DC4A256C06C0D4AD2582E6026A6DA0E973D4CB92092E94CE8F370","EBF0CDCE261DC4A256C06C0D4AD2582E6026A6DA0E973D4CB92092E94CE8F370","True"
"projects/05-semaphores/course/05_FreeRTOS_Counting_Semaphore/FreeRTOS/event_groups.c","76E967B14D231E4F31F014F1564F359A7BFD36BFA263EE6F437AFA8C056DF657","76E967B14D231E4F31F014F1564F359A7BFD36BFA263EE6F437AFA8C056DF657","True"
"projects/05-semaphores/course/05_FreeRTOS_Counting_Semaphore/FreeRTOS/FreeRTOSConfig.h","39B67078D0BB8FD3849F2BB44091A07464B4877075443CB4F6D28AA464C8C05C","39B67078D0BB8FD3849F2BB44091A07464B4877075443CB4F6D28AA464C8C05C","True"
"projects/05-semaphores/course/05_FreeRTOS_Counting_Semaphore/FreeRTOS/include/atomic.h","E6EB26727C6CD0A87E4DEC91CC55B2B1313CC3829E06662A0C73E62CAFD1E751","E6EB26727C6CD0A87E4DEC91CC55B2B1313CC3829E06662A0C73E62CAFD1E751","True"
"projects/05-semaphores/course/05_FreeRTOS_Counting_Semaphore/FreeRTOS/include/croutine.h","CF52C15FA26A8D4F82B55909B75EBFE2AAB25468BA7780748912DDEAD9812B4E","CF52C15FA26A8D4F82B55909B75EBFE2AAB25468BA7780748912DDEAD9812B4E","True"
"projects/05-semaphores/course/05_FreeRTOS_Counting_Semaphore/FreeRTOS/include/deprecated_definitions.h","35000A143464BBBD8DF7C9A6F066A64598A24DA5174A7BE33972E62BFBD75F4D","35000A143464BBBD8DF7C9A6F066A64598A24DA5174A7BE33972E62BFBD75F4D","True"
"projects/05-semaphores/course/05_FreeRTOS_Counting_Semaphore/FreeRTOS/include/event_groups.h","7A38D7A3CE24BD2FF6C6003C94EEA7AA7972179B1F17C1A91374334C6069F027","7A38D7A3CE24BD2FF6C6003C94EEA7AA7972179B1F17C1A91374334C6069F027","True"
"projects/05-semaphores/course/05_FreeRTOS_Counting_Semaphore/FreeRTOS/include/FreeRTOS.h","03E9C94ABA57E3CF7F4F73BC2D3EB4A96AE38F3425EEDB5450622CA286475A0B","03E9C94ABA57E3CF7F4F73BC2D3EB4A96AE38F3425EEDB5450622CA286475A0B","True"
"projects/05-semaphores/course/05_FreeRTOS_Counting_Semaphore/FreeRTOS/include/list.h","DC572F54391C0407FC25DB360D912FCA9118CDDAE7BD2E3099EB13F18804E5A9","DC572F54391C0407FC25DB360D912FCA9118CDDAE7BD2E3099EB13F18804E5A9","True"
"projects/05-semaphores/course/05_FreeRTOS_Counting_Semaphore/FreeRTOS/include/message_buffer.h","9A8141D3D6C8044A57D7E448180C9BD2ED32E45DED32BE288D095A39DCED91AB","9A8141D3D6C8044A57D7E448180C9BD2ED32E45DED32BE288D095A39DCED91AB","True"
"projects/05-semaphores/course/05_FreeRTOS_Counting_Semaphore/FreeRTOS/include/mpu_prototypes.h","2B46A2511CE5D23A56BC83079333D8D0A2E33763E5829C9383252806887A3DC0","2B46A2511CE5D23A56BC83079333D8D0A2E33763E5829C9383252806887A3DC0","True"
"projects/05-semaphores/course/05_FreeRTOS_Counting_Semaphore/FreeRTOS/include/mpu_wrappers.h","5014408CC33F0F616215F2B48C67B0D47CCC35BFD5F0044AC653B5BBC6CF5778","5014408CC33F0F616215F2B48C67B0D47CCC35BFD5F0044AC653B5BBC6CF5778","True"
"projects/05-semaphores/course/05_FreeRTOS_Counting_Semaphore/FreeRTOS/include/portable.h","7ADE8F368002778C723B3C4E14084910B7225CD36363ED0C948E9EA36C6F251F","7ADE8F368002778C723B3C4E14084910B7225CD36363ED0C948E9EA36C6F251F","True"
"projects/05-semaphores/course/05_FreeRTOS_Counting_Semaphore/FreeRTOS/include/projdefs.h","F1FA9FAA0D14851DFF86AACA00559F4B474E5F6D68772D0072842E25351D98B3","F1FA9FAA0D14851DFF86AACA00559F4B474E5F6D68772D0072842E25351D98B3","True"
"projects/05-semaphores/course/05_FreeRTOS_Counting_Semaphore/FreeRTOS/include/queue.h","A3763E24A5A3A38413996FC8392EFD6ADD1D1EE3EF507FBA22DAF75682241FEB","A3763E24A5A3A38413996FC8392EFD6ADD1D1EE3EF507FBA22DAF75682241FEB","True"
"projects/05-semaphores/course/05_FreeRTOS_Counting_Semaphore/FreeRTOS/include/semphr.h","C624E8CDFC07844D4CF35382F3CC908C872375C7A3048482BDC110BDA88CC4F2","C624E8CDFC07844D4CF35382F3CC908C872375C7A3048482BDC110BDA88CC4F2","True"
"projects/05-semaphores/course/05_FreeRTOS_Counting_Semaphore/FreeRTOS/include/stack_macros.h","3CDDF2B3D47AE387E376AC75EB468F9D8FFB575D68C143E08D54AF4087474CCE","3CDDF2B3D47AE387E376AC75EB468F9D8FFB575D68C143E08D54AF4087474CCE","True"
"projects/05-semaphores/course/05_FreeRTOS_Counting_Semaphore/FreeRTOS/include/StackMacros.h","6460E81C910496D51BC39011E35D17F5B5437B5DEB03F9E91222F796D8C8BF79","6460E81C910496D51BC39011E35D17F5B5437B5DEB03F9E91222F796D8C8BF79","True"
"projects/05-semaphores/course/05_FreeRTOS_Counting_Semaphore/FreeRTOS/include/stream_buffer.h","B876D839460197D94D0F95FB93C6AEB457F6FC572D32258480FED7D4DE686B6B","B876D839460197D94D0F95FB93C6AEB457F6FC572D32258480FED7D4DE686B6B","True"
"projects/05-semaphores/course/05_FreeRTOS_Counting_Semaphore/FreeRTOS/include/task.h","CB1B0BBCDC66E39BA3B5A09B3E2829A5D376B8990735980613514903A3C5F493","CB1B0BBCDC66E39BA3B5A09B3E2829A5D376B8990735980613514903A3C5F493","True"
"projects/05-semaphores/course/05_FreeRTOS_Counting_Semaphore/FreeRTOS/include/timers.h","08D73A99380A1BA61376258C52F4FDDF5DF5B6DCBE0F86B0EA03F11A5CA58459","08D73A99380A1BA61376258C52F4FDDF5DF5B6DCBE0F86B0EA03F11A5CA58459","True"
"projects/05-semaphores/course/05_FreeRTOS_Counting_Semaphore/FreeRTOS/list.c","DB5C169CF3EFD68DA1C6A923AC84EEBC724D602C940BDE0B9B5F01F05028FDE4","DB5C169CF3EFD68DA1C6A923AC84EEBC724D602C940BDE0B9B5F01F05028FDE4","True"
"projects/05-semaphores/course/05_FreeRTOS_Counting_Semaphore/FreeRTOS/manifest.yml","F71AEBB742E00AD33F877B3B679B4C24CDB709D7980C3E7836438758DBAA0139","F71AEBB742E00AD33F877B3B679B4C24CDB709D7980C3E7836438758DBAA0139","True"
"projects/05-semaphores/course/05_FreeRTOS_Counting_Semaphore/FreeRTOS/portable/GCC/ARM_CM4F/port.c","11F2202099ED9A73F5AE5EF9DAC414F6D9B257D6480BD9C9A1E38A71B3EE8D41","11F2202099ED9A73F5AE5EF9DAC414F6D9B257D6480BD9C9A1E38A71B3EE8D41","True"
"projects/05-semaphores/course/05_FreeRTOS_Counting_Semaphore/FreeRTOS/portable/GCC/ARM_CM4F/portmacro.h","D569E2A29AF1C742B69CB16E15D256611FA7979BDA2B355E03426D3C40369E42","D569E2A29AF1C742B69CB16E15D256611FA7979BDA2B355E03426D3C40369E42","True"
"projects/05-semaphores/course/05_FreeRTOS_Counting_Semaphore/FreeRTOS/portable/MemMang/heap_1.c","286E3FEE81C9107FC6DEC40405F500CABDCA56836D29747C182F0899BB8997FD","286E3FEE81C9107FC6DEC40405F500CABDCA56836D29747C182F0899BB8997FD","True"
"projects/05-semaphores/course/05_FreeRTOS_Counting_Semaphore/FreeRTOS/portable/MemMang/heap_2.c","A7B035B9ED786593143C8317ACFB49DE21B6450F246036A72331593577E5408B","A7B035B9ED786593143C8317ACFB49DE21B6450F246036A72331593577E5408B","True"
"projects/05-semaphores/course/05_FreeRTOS_Counting_Semaphore/FreeRTOS/portable/MemMang/heap_3.c","E2D5DBB3F3CCBADD8E7AE778F30C18D28B0532EBFE81B03AA6A20E3F75242853","E2D5DBB3F3CCBADD8E7AE778F30C18D28B0532EBFE81B03AA6A20E3F75242853","True"
"projects/05-semaphores/course/05_FreeRTOS_Counting_Semaphore/FreeRTOS/portable/MemMang/heap_4.c","D48A51E34CAED771E6650D95F6C2527E52FDE2A6EBC6F83B49D003AEF0135E05","D48A51E34CAED771E6650D95F6C2527E52FDE2A6EBC6F83B49D003AEF0135E05","True"
"projects/05-semaphores/course/05_FreeRTOS_Counting_Semaphore/FreeRTOS/portable/MemMang/heap_5.c","71B7988059E801A962DC76B956666AAB5564788D5AE437F590080DCB3FDF1881","71B7988059E801A962DC76B956666AAB5564788D5AE437F590080DCB3FDF1881","True"
"projects/05-semaphores/course/05_FreeRTOS_Counting_Semaphore/FreeRTOS/portable/RVDS/ARM_CA9/port.c","484F1EF17F58F3DF0B06026E1BFC8E44471DF51B33CB36D196A2D61369085A9B","484F1EF17F58F3DF0B06026E1BFC8E44471DF51B33CB36D196A2D61369085A9B","True"
"projects/05-semaphores/course/05_FreeRTOS_Counting_Semaphore/FreeRTOS/portable/RVDS/ARM_CA9/portASM.s","CECD728B929B81E8484C603CA00A0F95754C8EC3FF5F6D51728A3563C2E1187C","CECD728B929B81E8484C603CA00A0F95754C8EC3FF5F6D51728A3563C2E1187C","True"
"projects/05-semaphores/course/05_FreeRTOS_Counting_Semaphore/FreeRTOS/portable/RVDS/ARM_CA9/portmacro.h","AF5E80736D03E02590745B6781BB03809D68721BFAB0213C02B3697A4C4F8814","AF5E80736D03E02590745B6781BB03809D68721BFAB0213C02B3697A4C4F8814","True"
"projects/05-semaphores/course/05_FreeRTOS_Counting_Semaphore/FreeRTOS/portable/RVDS/ARM_CM0/port.c","76BE44D607E9E2CB32743386F1A97FF98E7463744DAF687773A0967B00B7F20F","76BE44D607E9E2CB32743386F1A97FF98E7463744DAF687773A0967B00B7F20F","True"
"projects/05-semaphores/course/05_FreeRTOS_Counting_Semaphore/FreeRTOS/portable/RVDS/ARM_CM0/portmacro.h","8E89F1A754EFF06CDCC206A4BDC13F41211D31A432981759FA25B184941078DE","8E89F1A754EFF06CDCC206A4BDC13F41211D31A432981759FA25B184941078DE","True"
"projects/05-semaphores/course/05_FreeRTOS_Counting_Semaphore/FreeRTOS/portable/RVDS/ARM_CM3/port.c","0F5A2323E1BDC135D37FA40DAFAC766095C46FE623F9A20CBF2F0D92405B4067","0F5A2323E1BDC135D37FA40DAFAC766095C46FE623F9A20CBF2F0D92405B4067","True"
"projects/05-semaphores/course/05_FreeRTOS_Counting_Semaphore/FreeRTOS/portable/RVDS/ARM_CM3/portmacro.h","7B6EEFBBA5194658CF11B14F97DD540B1CEEDCB40178F0C97244A063AC53F4E2","7B6EEFBBA5194658CF11B14F97DD540B1CEEDCB40178F0C97244A063AC53F4E2","True"
"projects/05-semaphores/course/05_FreeRTOS_Counting_Semaphore/FreeRTOS/portable/RVDS/ARM_CM4_MPU/port.c","1EBEB0A72801D79FAB99F4D1C43B5D2F34DC75C34E9D39A25F057B304E40685C","1EBEB0A72801D79FAB99F4D1C43B5D2F34DC75C34E9D39A25F057B304E40685C","True"
"projects/05-semaphores/course/05_FreeRTOS_Counting_Semaphore/FreeRTOS/portable/RVDS/ARM_CM4_MPU/portmacro.h","4149E8C08E5AE89F05E1E1E8C5B3BD87143321FDF4510F5693885624B8148DDE","4149E8C08E5AE89F05E1E1E8C5B3BD87143321FDF4510F5693885624B8148DDE","True"
"projects/05-semaphores/course/05_FreeRTOS_Counting_Semaphore/FreeRTOS/portable/RVDS/ARM_CM4F/port.c","6493BDBCD8AC57B5739EDB5CECC8E55EF9C82A8F978FC2F05BE19B2FAF46CEDF","6493BDBCD8AC57B5739EDB5CECC8E55EF9C82A8F978FC2F05BE19B2FAF46CEDF","True"
"projects/05-semaphores/course/05_FreeRTOS_Counting_Semaphore/FreeRTOS/portable/RVDS/ARM_CM4F/portmacro.h","9AA2265C543E086FD40A1B22C3BAFE0E4C2950E1E1F6DE05C803E13D621F9438","9AA2265C543E086FD40A1B22C3BAFE0E4C2950E1E1F6DE05C803E13D621F9438","True"
"projects/05-semaphores/course/05_FreeRTOS_Counting_Semaphore/FreeRTOS/portable/RVDS/ARM_CM7/r0p1/port.c","0B428C045198D97CBF2C7B4BECB063FB067EE8F765F263A37EF3286839B4FE12","0B428C045198D97CBF2C7B4BECB063FB067EE8F765F263A37EF3286839B4FE12","True"
"projects/05-semaphores/course/05_FreeRTOS_Counting_Semaphore/FreeRTOS/portable/RVDS/ARM_CM7/r0p1/portmacro.h","641CCD46A7EBA0E476DEFE30B350847FEE8044DFBF503B6E1ECB9CE3CDACF9F9","641CCD46A7EBA0E476DEFE30B350847FEE8044DFBF503B6E1ECB9CE3CDACF9F9","True"
"projects/05-semaphores/course/05_FreeRTOS_Counting_Semaphore/FreeRTOS/portable/RVDS/ARM_CM7/ReadMe.txt","710C88C6D9BFCC4645C414F151EE23F4C28FB8B4932308B5EB7109EF07B1D1C6","710C88C6D9BFCC4645C414F151EE23F4C28FB8B4932308B5EB7109EF07B1D1C6","True"
"projects/05-semaphores/course/05_FreeRTOS_Counting_Semaphore/FreeRTOS/portable/RVDS/ARM7_LPC21xx/port.c","4F79AF04C94548F73D9DEEA4A81CC841FF172B8D1E27C5E544FB243BD3F147B3","4F79AF04C94548F73D9DEEA4A81CC841FF172B8D1E27C5E544FB243BD3F147B3","True"
"projects/05-semaphores/course/05_FreeRTOS_Counting_Semaphore/FreeRTOS/portable/RVDS/ARM7_LPC21xx/portASM.s","EEC6FD2E493EE97E8592C715AEC32C12EF8E5CEC861DEFCCCC6E30AE584FAFD6","EEC6FD2E493EE97E8592C715AEC32C12EF8E5CEC861DEFCCCC6E30AE584FAFD6","True"
"projects/05-semaphores/course/05_FreeRTOS_Counting_Semaphore/FreeRTOS/portable/RVDS/ARM7_LPC21xx/portmacro.h","7B796FC47E27A4AC381510536369605571DB0ECDD36BA9DBDB7AB4C02FC81C92","7B796FC47E27A4AC381510536369605571DB0ECDD36BA9DBDB7AB4C02FC81C92","True"
"projects/05-semaphores/course/05_FreeRTOS_Counting_Semaphore/FreeRTOS/queue.c","5CDF4FA35FE059446EFFFF5BF20DEAF83DDFFB08921BC198FDA106B1D17DD894","5CDF4FA35FE059446EFFFF5BF20DEAF83DDFFB08921BC198FDA106B1D17DD894","True"
"projects/05-semaphores/course/05_FreeRTOS_Counting_Semaphore/FreeRTOS/stream_buffer.c","86D948694C723B814C9606A6C804EA7C1BD30B3DA518D1D6A83B81F972E3A152","86D948694C723B814C9606A6C804EA7C1BD30B3DA518D1D6A83B81F972E3A152","True"
"projects/05-semaphores/course/05_FreeRTOS_Counting_Semaphore/FreeRTOS/tasks.c","14020D617B96DD2814E1211F6E3B645BCF5E2BD3179C23FE7DD16BC666FE9463","14020D617B96DD2814E1211F6E3B645BCF5E2BD3179C23FE7DD16BC666FE9463","True"
"projects/05-semaphores/course/05_FreeRTOS_Counting_Semaphore/FreeRTOS/timers.c","24962EF361F396AAA5E6E33776EEEDDAF2FB251C87B6FE50602ACC56C537B093","24962EF361F396AAA5E6E33776EEEDDAF2FB251C87B6FE50602ACC56C537B093","True"
"projects/05-semaphores/course/05_FreeRTOS_Counting_Semaphore/Hardware/bsp_buzzer.c","DB132610BB9FD25BB3606FEE7C189AD01FB3F68FEF38D105A74C0609C66B5CEE","DB132610BB9FD25BB3606FEE7C189AD01FB3F68FEF38D105A74C0609C66B5CEE","True"
"projects/05-semaphores/course/05_FreeRTOS_Counting_Semaphore/Hardware/bsp_buzzer.h","A849E5A19D17A5DED0E7438846AFA0D5E3636544ABFC356B361024CA882EC6C5","A849E5A19D17A5DED0E7438846AFA0D5E3636544ABFC356B361024CA882EC6C5","True"
"projects/05-semaphores/course/05_FreeRTOS_Counting_Semaphore/Hardware/bsp_buzzer2.c","D4F400CA00C8ACE082181E1D587A2B1CE7CC29C870BCA80C8A920BF78710B2C1","D4F400CA00C8ACE082181E1D587A2B1CE7CC29C870BCA80C8A920BF78710B2C1","True"
"projects/05-semaphores/course/05_FreeRTOS_Counting_Semaphore/Hardware/bsp_buzzer2.h","A849E5A19D17A5DED0E7438846AFA0D5E3636544ABFC356B361024CA882EC6C5","A849E5A19D17A5DED0E7438846AFA0D5E3636544ABFC356B361024CA882EC6C5","True"
"projects/05-semaphores/course/05_FreeRTOS_Counting_Semaphore/Hardware/bsp_keys.c","F9CE7CA7732415114E7154146B0D490E39AAE7E2C05E7344F24461B46FA985EC","F9CE7CA7732415114E7154146B0D490E39AAE7E2C05E7344F24461B46FA985EC","True"
"projects/05-semaphores/course/05_FreeRTOS_Counting_Semaphore/Hardware/bsp_keys.h","F64D5E4FADDC660DB8D181B7C63C92E9D3E84B21940BE4B1B930D9F2088E95CC","F64D5E4FADDC660DB8D181B7C63C92E9D3E84B21940BE4B1B930D9F2088E95CC","True"
"projects/05-semaphores/course/05_FreeRTOS_Counting_Semaphore/Library/EXTI_config.h","3FC4D72800A241220830F878A4A41597CFA7754FF9D907C88BCFE6B5DC2F95A4","3FC4D72800A241220830F878A4A41597CFA7754FF9D907C88BCFE6B5DC2F95A4","True"
"projects/05-semaphores/course/05_FreeRTOS_Counting_Semaphore/Library/EXTI.c","FB93261F829F40640F1A433BC5AAB1BBFA435DE2091BD64B2D1AFF65CDA4F2A6","FB93261F829F40640F1A433BC5AAB1BBFA435DE2091BD64B2D1AFF65CDA4F2A6","True"
"projects/05-semaphores/course/05_FreeRTOS_Counting_Semaphore/Library/EXTI.h","4F9D3299CE5AC87CA0A74350C61AA1E7BB6D6CA2151C36A683A2334CAC926B84","4F9D3299CE5AC87CA0A74350C61AA1E7BB6D6CA2151C36A683A2334CAC926B84","True"
"projects/05-semaphores/course/05_FreeRTOS_Counting_Semaphore/Library/I2C0.c","1902450E399F26AB11BABACB640C9C56389B2188FF852E3E6A58D60E16AF528E","1902450E399F26AB11BABACB640C9C56389B2188FF852E3E6A58D60E16AF528E","True"
"projects/05-semaphores/course/05_FreeRTOS_Counting_Semaphore/Library/I2C0.h","E30F8BA27DF76E3682B8D0325EB2B9DAAF13A20CFF0E1FC59A4625625996AF42","E30F8BA27DF76E3682B8D0325EB2B9DAAF13A20CFF0E1FC59A4625625996AF42","True"
"projects/05-semaphores/course/05_FreeRTOS_Counting_Semaphore/Library/TIMER_config.h","0F71149D9C614C36E340E830A0AD8003015C8C656A3DB89ABA39760C24389263","0F71149D9C614C36E340E830A0AD8003015C8C656A3DB89ABA39760C24389263","True"
"projects/05-semaphores/course/05_FreeRTOS_Counting_Semaphore/Library/TIMER.c","68A9D9BBDB446C51E0C577B7E7969E8F3513AF7E4736C10BC6D579FBF5661435","68A9D9BBDB446C51E0C577B7E7969E8F3513AF7E4736C10BC6D579FBF5661435","True"
"projects/05-semaphores/course/05_FreeRTOS_Counting_Semaphore/Library/TIMER.h","51A72D9863C245195AD3CD40ADDB0D573930D5AB540B30D3D971AD2AF6B2E80E","51A72D9863C245195AD3CD40ADDB0D573930D5AB540B30D3D971AD2AF6B2E80E","True"
"projects/05-semaphores/course/05_FreeRTOS_Counting_Semaphore/Library/USART_config.h","73E72408B41955E419784B2A24B0FBD8AD81A334AA38EB9DB60A7DDAE97AD633","73E72408B41955E419784B2A24B0FBD8AD81A334AA38EB9DB60A7DDAE97AD633","True"
"projects/05-semaphores/course/05_FreeRTOS_Counting_Semaphore/Library/USART0.c","090832CB28525FC58A2B62D32A0CBFABA134C47E9A79E47573855CF78EEB67E9","090832CB28525FC58A2B62D32A0CBFABA134C47E9A79E47573855CF78EEB67E9","True"
"projects/05-semaphores/course/05_FreeRTOS_Counting_Semaphore/Library/USART0.h","6016FD90E22446BB90BE0996EA5EE6493AB9CDF6E7F71024ED583F05C4860399","6016FD90E22446BB90BE0996EA5EE6493AB9CDF6E7F71024ED583F05C4860399","True"
"projects/05-semaphores/course/05_FreeRTOS_Counting_Semaphore/Project/GD32F407.uvprojx","DFA735BB80FB328EACB866BAD99B5B65EAB8BB5B336B19E663010896F5E83D17","DFA735BB80FB328EACB866BAD99B5B65EAB8BB5B336B19E663010896F5E83D17","True"
"projects/05-semaphores/course/05_FreeRTOS_Counting_Semaphore/Project/Target 1_alog.txt","95B8D902E55644F92614318C533EF8AD19D42746BD87064B64EB94933395D919","95B8D902E55644F92614318C533EF8AD19D42746BD87064B64EB94933395D919","True"
"projects/05-semaphores/course/05_FreeRTOS_Counting_Semaphore/Project/Target 1_analysis.xlsx","330F8E698DD2A243390F02BEBD80FB7CDE341125F1DE56B829705886F39BFBCE","330F8E698DD2A243390F02BEBD80FB7CDE341125F1DE56B829705886F39BFBCE","True"
"projects/05-semaphores/course/05_FreeRTOS_Counting_Semaphore/Project/Target 1_sort_by_flash.csv","FD6C3E899B608CEB9E876763A87CDE58B34DF4460F7E9BF918074BF0B1FC6B6E","FD6C3E899B608CEB9E876763A87CDE58B34DF4460F7E9BF918074BF0B1FC6B6E","True"
"projects/05-semaphores/course/05_FreeRTOS_Counting_Semaphore/Project/Target 1_sort_by_ram.csv","B9F132D7DE7BB6E440CA343EDB72034A36BCDAA96B55D1C5173B1923D5C5019E","B9F132D7DE7BB6E440CA343EDB72034A36BCDAA96B55D1C5173B1923D5C5019E","True"
"projects/05-semaphores/course/05_FreeRTOS_Counting_Semaphore/README.md","E3B0C44298FC1C149AFBF4C8996FB92427AE41E4649B934CA495991B7852B855","E3B0C44298FC1C149AFBF4C8996FB92427AE41E4649B934CA495991B7852B855","True"
"projects/05-semaphores/course/05_FreeRTOS_Counting_Semaphore/User/gd32f4xx_it.c","4AF8D0E30992B84018E763B4465FAF58DB22B108F3E64F997CE229AE1243FBFC","4AF8D0E30992B84018E763B4465FAF58DB22B108F3E64F997CE229AE1243FBFC","True"
"projects/05-semaphores/course/05_FreeRTOS_Counting_Semaphore/User/gd32f4xx_it.h","B4995762AE5CEB7125CC9720CEA7E2BAD8640C23B87ED1856D9B8A380A5FC8C3","B4995762AE5CEB7125CC9720CEA7E2BAD8640C23B87ED1856D9B8A380A5FC8C3","True"
"projects/05-semaphores/course/05_FreeRTOS_Counting_Semaphore/User/gd32f4xx_libopt.h","702C6D85987BCDDDD363A8412C5806255F6C746065DA984EB21896C5DDD6BF09","702C6D85987BCDDDD363A8412C5806255F6C746065DA984EB21896C5DDD6BF09","True"
"projects/05-semaphores/course/05_FreeRTOS_Counting_Semaphore/User/main.c","56E49020E838614E7A58C87303EE296E2728B1AB4D27BFE6368073DC43E7E284","56E49020E838614E7A58C87303EE296E2728B1AB4D27BFE6368073DC43E7E284","True"
"projects/05-semaphores/course/05_FreeRTOS_Counting_Semaphore/User/main.h","32C273B119ABF22DA51E2782C09853A1545B1DF1364A13EFFA2B465379E1A53C","32C273B119ABF22DA51E2782C09853A1545B1DF1364A13EFFA2B465379E1A53C","True"
"projects/05-semaphores/course/05_FreeRTOS_Counting_Semaphore/User/readme.txt","A45BD1E14D470B46BE2D57C9D35147E41204556CC4BB4E25EA3C7B6B424A0B7C","A45BD1E14D470B46BE2D57C9D35147E41204556CC4BB4E25EA3C7B6B424A0B7C","True"
"projects/05-semaphores/course/05_FreeRTOS_Counting_Semaphore/User/systick.c","8D524363D38E222D3E8A2281F06972493AE62F379A138637B65419C59E06CBD2","8D524363D38E222D3E8A2281F06972493AE62F379A138637B65419C59E06CBD2","True"
"projects/05-semaphores/course/05_FreeRTOS_Counting_Semaphore/User/systick.h","E74F1981340E6162CCE52F39F73009B1570EFB7F024410652F494E77997DA025","E74F1981340E6162CCE52F39F73009B1570EFB7F024410652F494E77997DA025","True"
"projects/06-mutex/course/06_FreeRTOS_Mutex_Semaphore/Doc/readme.txt","E3B0C44298FC1C149AFBF4C8996FB92427AE41E4649B934CA495991B7852B855","E3B0C44298FC1C149AFBF4C8996FB92427AE41E4649B934CA495991B7852B855","True"
"projects/06-mutex/course/06_FreeRTOS_Mutex_Semaphore/Firmware/CMSIS/core_cm4_simd.h","0C2A0C2D66C7791B82CA19D10336C96518830EF359F6BFD9DA7477BC2CBCCBBB","0C2A0C2D66C7791B82CA19D10336C96518830EF359F6BFD9DA7477BC2CBCCBBB","True"
"projects/06-mutex/course/06_FreeRTOS_Mutex_Semaphore/Firmware/CMSIS/core_cm4.h","4756546E1449D17B1A7DEE2F3307F2C92C9F1D669C3F5DFC3EE1DEC8AEE9A8F7","4756546E1449D17B1A7DEE2F3307F2C92C9F1D669C3F5DFC3EE1DEC8AEE9A8F7","True"
"projects/06-mutex/course/06_FreeRTOS_Mutex_Semaphore/Firmware/CMSIS/core_cmFunc.h","5075FF67C8E264B83D9B391C07C6512E26ABBC189E321DE0D8B4375476980E5E","5075FF67C8E264B83D9B391C07C6512E26ABBC189E321DE0D8B4375476980E5E","True"
"projects/06-mutex/course/06_FreeRTOS_Mutex_Semaphore/Firmware/CMSIS/core_cmInstr.h","C35DDCA16CA04646DC70ACF2D592AD9EAEAAECD8125A32ABB710069648266EB5","C35DDCA16CA04646DC70ACF2D592AD9EAEAAECD8125A32ABB710069648266EB5","True"
"projects/06-mutex/course/06_FreeRTOS_Mutex_Semaphore/Firmware/CMSIS/GD/GD32F4xx/Include/gd32f4xx.h","96F1F6884C9885D32DF760A385CA0B5E8E9B20C066F71B946771A00503623A62","96F1F6884C9885D32DF760A385CA0B5E8E9B20C066F71B946771A00503623A62","True"
"projects/06-mutex/course/06_FreeRTOS_Mutex_Semaphore/Firmware/CMSIS/GD/GD32F4xx/Include/system_gd32f4xx.h","98EF2DD6DD7F6D2542C4D5CA83E9869BE3630B43300CB9AB453703E4277913BD","98EF2DD6DD7F6D2542C4D5CA83E9869BE3630B43300CB9AB453703E4277913BD","True"
"projects/06-mutex/course/06_FreeRTOS_Mutex_Semaphore/Firmware/CMSIS/GD/GD32F4xx/Source/ARM/startup_gd32f405_425.s","AEF6290F6950C0B7FB922FD12B91B3FC34ADA707A6846AA5D7A1277FDD50FBD9","AEF6290F6950C0B7FB922FD12B91B3FC34ADA707A6846AA5D7A1277FDD50FBD9","True"
"projects/06-mutex/course/06_FreeRTOS_Mutex_Semaphore/Firmware/CMSIS/GD/GD32F4xx/Source/ARM/startup_gd32f407_427.s","65127CC1FFC7BB0C6E3AB3E1EF32C8F935D09EF4A83AC4914E089D40C39B8B5B","65127CC1FFC7BB0C6E3AB3E1EF32C8F935D09EF4A83AC4914E089D40C39B8B5B","True"
"projects/06-mutex/course/06_FreeRTOS_Mutex_Semaphore/Firmware/CMSIS/GD/GD32F4xx/Source/ARM/startup_gd32f450_470.s","A4E9852BA47AAD025DE9645D067FAB33DDA87B8E82DEA6D77B3364F902345299","A4E9852BA47AAD025DE9645D067FAB33DDA87B8E82DEA6D77B3364F902345299","True"
"projects/06-mutex/course/06_FreeRTOS_Mutex_Semaphore/Firmware/CMSIS/GD/GD32F4xx/Source/IAR/startup_gd32f405_425.s","70E76C6AD0182A5682773261E308008BC1102C09839605A0E058851173026836","70E76C6AD0182A5682773261E308008BC1102C09839605A0E058851173026836","True"
"projects/06-mutex/course/06_FreeRTOS_Mutex_Semaphore/Firmware/CMSIS/GD/GD32F4xx/Source/IAR/startup_gd32f407_427.s","550D6CA54DE7F8FCB2791AAF9141666BA15978C55017FA6798BF0CA80A2864C6","550D6CA54DE7F8FCB2791AAF9141666BA15978C55017FA6798BF0CA80A2864C6","True"
"projects/06-mutex/course/06_FreeRTOS_Mutex_Semaphore/Firmware/CMSIS/GD/GD32F4xx/Source/IAR/startup_gd32f450_470.s","EE6654F1D551C6937D014FE943342B0395A32076E5AC8DD688C600EACB9BD343","EE6654F1D551C6937D014FE943342B0395A32076E5AC8DD688C600EACB9BD343","True"
"projects/06-mutex/course/06_FreeRTOS_Mutex_Semaphore/Firmware/CMSIS/GD/GD32F4xx/Source/system_gd32f4xx.c","8F66A123756716CF74297A7B54EEC616F230CBBC37DFB60F21BF05D1BC070836","8F66A123756716CF74297A7B54EEC616F230CBBC37DFB60F21BF05D1BC070836","True"
"projects/06-mutex/course/06_FreeRTOS_Mutex_Semaphore/Firmware/GD32F4xx_standard_peripheral/Include/gd32f4xx_adc.h","D6B41E007F1EE95E5FA1B495F94924F7E6166439FBF3E9234A26B5FA6C32F1DE","D6B41E007F1EE95E5FA1B495F94924F7E6166439FBF3E9234A26B5FA6C32F1DE","True"
"projects/06-mutex/course/06_FreeRTOS_Mutex_Semaphore/Firmware/GD32F4xx_standard_peripheral/Include/gd32f4xx_can.h","62A96066D7B8A1CEF45AB4092FCE5058B962050EB1C9E4B3585F0E19B9F30578","62A96066D7B8A1CEF45AB4092FCE5058B962050EB1C9E4B3585F0E19B9F30578","True"
"projects/06-mutex/course/06_FreeRTOS_Mutex_Semaphore/Firmware/GD32F4xx_standard_peripheral/Include/gd32f4xx_crc.h","4870F145AEEC968F3A7A0A5068105591E1ADEB9A37A5E47FDCC9D27D7D3AFBD6","4870F145AEEC968F3A7A0A5068105591E1ADEB9A37A5E47FDCC9D27D7D3AFBD6","True"
"projects/06-mutex/course/06_FreeRTOS_Mutex_Semaphore/Firmware/GD32F4xx_standard_peripheral/Include/gd32f4xx_ctc.h","900AB7D5F9C585834166A58966C8D523FF91D410066D00BBED3E6522C25782D7","900AB7D5F9C585834166A58966C8D523FF91D410066D00BBED3E6522C25782D7","True"
"projects/06-mutex/course/06_FreeRTOS_Mutex_Semaphore/Firmware/GD32F4xx_standard_peripheral/Include/gd32f4xx_dac.h","86057CC0C52A32F955A12F47ABA1E4997AC2DABA13B10A686D8777579F638AFB","86057CC0C52A32F955A12F47ABA1E4997AC2DABA13B10A686D8777579F638AFB","True"
"projects/06-mutex/course/06_FreeRTOS_Mutex_Semaphore/Firmware/GD32F4xx_standard_peripheral/Include/gd32f4xx_dbg.h","21A089B5880F1D101116BD37EAAC7A085A103901A40900E75941130D901B150E","21A089B5880F1D101116BD37EAAC7A085A103901A40900E75941130D901B150E","True"
"projects/06-mutex/course/06_FreeRTOS_Mutex_Semaphore/Firmware/GD32F4xx_standard_peripheral/Include/gd32f4xx_dci.h","787F449F0B2EBA5BBCC92B0D50899FA668CEA6ED9CCAB3960EBA0B2253CC7748","787F449F0B2EBA5BBCC92B0D50899FA668CEA6ED9CCAB3960EBA0B2253CC7748","True"
"projects/06-mutex/course/06_FreeRTOS_Mutex_Semaphore/Firmware/GD32F4xx_standard_peripheral/Include/gd32f4xx_dma.h","F358957EBF98C4C449480A088E349CDAC2716394C24FA4111DE08B06FCDC5094","F358957EBF98C4C449480A088E349CDAC2716394C24FA4111DE08B06FCDC5094","True"
"projects/06-mutex/course/06_FreeRTOS_Mutex_Semaphore/Firmware/GD32F4xx_standard_peripheral/Include/gd32f4xx_enet.h","2BDBC2BE9B0E3BA398DEEAB38021442A2CFEEDFF21FC353CF3B16C717A2CDF9B","2BDBC2BE9B0E3BA398DEEAB38021442A2CFEEDFF21FC353CF3B16C717A2CDF9B","True"
"projects/06-mutex/course/06_FreeRTOS_Mutex_Semaphore/Firmware/GD32F4xx_standard_peripheral/Include/gd32f4xx_exmc.h","68482B678DD868085A6BE6317EEC18873D43F895936E503487E843E561A0D55E","68482B678DD868085A6BE6317EEC18873D43F895936E503487E843E561A0D55E","True"
"projects/06-mutex/course/06_FreeRTOS_Mutex_Semaphore/Firmware/GD32F4xx_standard_peripheral/Include/gd32f4xx_exti.h","705948F029F63A5995D9849A60E417D6210ECE34C8E942C76A2D4E7A2B927426","705948F029F63A5995D9849A60E417D6210ECE34C8E942C76A2D4E7A2B927426","True"
"projects/06-mutex/course/06_FreeRTOS_Mutex_Semaphore/Firmware/GD32F4xx_standard_peripheral/Include/gd32f4xx_fmc.h","5A5D9F0B1CE1E7486206130F80048F81A6D3E9E6337BF0A4C69D4A1D5EDC9F7E","5A5D9F0B1CE1E7486206130F80048F81A6D3E9E6337BF0A4C69D4A1D5EDC9F7E","True"
"projects/06-mutex/course/06_FreeRTOS_Mutex_Semaphore/Firmware/GD32F4xx_standard_peripheral/Include/gd32f4xx_fwdgt.h","04CB4EE0D6526910CF9CA8BEFC437FC6DF3FDFE09FB0BC418AB7EA5C19611A50","04CB4EE0D6526910CF9CA8BEFC437FC6DF3FDFE09FB0BC418AB7EA5C19611A50","True"
"projects/06-mutex/course/06_FreeRTOS_Mutex_Semaphore/Firmware/GD32F4xx_standard_peripheral/Include/gd32f4xx_gpio.h","A20501A28644BF45B8E3C4AB2A7237466805C1480B06E7D6C8585296D7F08787","A20501A28644BF45B8E3C4AB2A7237466805C1480B06E7D6C8585296D7F08787","True"
"projects/06-mutex/course/06_FreeRTOS_Mutex_Semaphore/Firmware/GD32F4xx_standard_peripheral/Include/gd32f4xx_i2c.h","6CF4053E2452263CDFCB98DA0832CE1F2F1B0380C1BEA5D4284C1DF0D5CBBB05","6CF4053E2452263CDFCB98DA0832CE1F2F1B0380C1BEA5D4284C1DF0D5CBBB05","True"
"projects/06-mutex/course/06_FreeRTOS_Mutex_Semaphore/Firmware/GD32F4xx_standard_peripheral/Include/gd32f4xx_ipa.h","1AD22068402E09BAE4117E637ED972FCD7452751CCBE01C7829AEA7DF45AE8AE","1AD22068402E09BAE4117E637ED972FCD7452751CCBE01C7829AEA7DF45AE8AE","True"
"projects/06-mutex/course/06_FreeRTOS_Mutex_Semaphore/Firmware/GD32F4xx_standard_peripheral/Include/gd32f4xx_iref.h","D9D1E67FD4473F44B2F7E22BB78C3DFA9B5109D083AF1B0FDC63EC657B241C4A","D9D1E67FD4473F44B2F7E22BB78C3DFA9B5109D083AF1B0FDC63EC657B241C4A","True"
"projects/06-mutex/course/06_FreeRTOS_Mutex_Semaphore/Firmware/GD32F4xx_standard_peripheral/Include/gd32f4xx_misc.h","0A918F830F0200C0E806DFB50594259783E69D8ADBC27708705567F7193D35FB","0A918F830F0200C0E806DFB50594259783E69D8ADBC27708705567F7193D35FB","True"
"projects/06-mutex/course/06_FreeRTOS_Mutex_Semaphore/Firmware/GD32F4xx_standard_peripheral/Include/gd32f4xx_pmu.h","B9A72B6E42083EFD170C0C5FBE579C5D6417F9BBF674DB36041BE96FCBD84636","B9A72B6E42083EFD170C0C5FBE579C5D6417F9BBF674DB36041BE96FCBD84636","True"
"projects/06-mutex/course/06_FreeRTOS_Mutex_Semaphore/Firmware/GD32F4xx_standard_peripheral/Include/gd32f4xx_rcu.h","AC2B2AE653EDC89E674EDA24E1CFE8B511B73984AE0CABED3DF60BA61F8EEF08","AC2B2AE653EDC89E674EDA24E1CFE8B511B73984AE0CABED3DF60BA61F8EEF08","True"
"projects/06-mutex/course/06_FreeRTOS_Mutex_Semaphore/Firmware/GD32F4xx_standard_peripheral/Include/gd32f4xx_rtc.h","1798B1B495683096D4491CF0F854957D2AD60612F65A801ED0E7A4BEE49FA549","1798B1B495683096D4491CF0F854957D2AD60612F65A801ED0E7A4BEE49FA549","True"
"projects/06-mutex/course/06_FreeRTOS_Mutex_Semaphore/Firmware/GD32F4xx_standard_peripheral/Include/gd32f4xx_sdio.h","8D6813EFC565E3085611D767EA4E670E0C76A256C6F17FC93F313BCB11D0385A","8D6813EFC565E3085611D767EA4E670E0C76A256C6F17FC93F313BCB11D0385A","True"
"projects/06-mutex/course/06_FreeRTOS_Mutex_Semaphore/Firmware/GD32F4xx_standard_peripheral/Include/gd32f4xx_spi.h","4C6360C8FE58D4A38E4870BCBA17630857551D3EC7B4BD3DDEB5085C31240B1C","4C6360C8FE58D4A38E4870BCBA17630857551D3EC7B4BD3DDEB5085C31240B1C","True"
"projects/06-mutex/course/06_FreeRTOS_Mutex_Semaphore/Firmware/GD32F4xx_standard_peripheral/Include/gd32f4xx_syscfg.h","5060FEF0A07A3FC1396A31F09F95FE1D134F8A1FB1581E3DD98BB6078108C447","5060FEF0A07A3FC1396A31F09F95FE1D134F8A1FB1581E3DD98BB6078108C447","True"
"projects/06-mutex/course/06_FreeRTOS_Mutex_Semaphore/Firmware/GD32F4xx_standard_peripheral/Include/gd32f4xx_timer.h","7A79F81F1D862A1B49F23BFE05B1AC751A71E761B6E63C2DFFABE6C7BC69AC49","7A79F81F1D862A1B49F23BFE05B1AC751A71E761B6E63C2DFFABE6C7BC69AC49","True"
"projects/06-mutex/course/06_FreeRTOS_Mutex_Semaphore/Firmware/GD32F4xx_standard_peripheral/Include/gd32f4xx_tli.h","1B94EA157AC8CE2FED962B0C4FF95B6702C6194300AA51B04C3AAFE493768D2A","1B94EA157AC8CE2FED962B0C4FF95B6702C6194300AA51B04C3AAFE493768D2A","True"
"projects/06-mutex/course/06_FreeRTOS_Mutex_Semaphore/Firmware/GD32F4xx_standard_peripheral/Include/gd32f4xx_trng.h","91E2BB5AFFEFA65F90927FAD795FAA0F4204516284ECA38E461506F0CD9CA924","91E2BB5AFFEFA65F90927FAD795FAA0F4204516284ECA38E461506F0CD9CA924","True"
"projects/06-mutex/course/06_FreeRTOS_Mutex_Semaphore/Firmware/GD32F4xx_standard_peripheral/Include/gd32f4xx_usart.h","6CF40E957A1216C99E3663D667DE1944C42272897011834BF20ADCD97E791074","6CF40E957A1216C99E3663D667DE1944C42272897011834BF20ADCD97E791074","True"
"projects/06-mutex/course/06_FreeRTOS_Mutex_Semaphore/Firmware/GD32F4xx_standard_peripheral/Include/gd32f4xx_wwdgt.h","01EECFC98B4507AEB8F0AFBE7D994EA0A617A79E5D4EB2D1D4A85979BA014EFE","01EECFC98B4507AEB8F0AFBE7D994EA0A617A79E5D4EB2D1D4A85979BA014EFE","True"
"projects/06-mutex/course/06_FreeRTOS_Mutex_Semaphore/Firmware/GD32F4xx_standard_peripheral/Source/gd32f4xx_adc.c","8A5C91EC7A397B53EFD086646674D273ECE00F36C9610AB50715FE1521BA4112","8A5C91EC7A397B53EFD086646674D273ECE00F36C9610AB50715FE1521BA4112","True"
"projects/06-mutex/course/06_FreeRTOS_Mutex_Semaphore/Firmware/GD32F4xx_standard_peripheral/Source/gd32f4xx_can.c","CE0E343B00856972EABACCC1F4D88C051796A8D1E30C4596312FC29A533DB8BA","CE0E343B00856972EABACCC1F4D88C051796A8D1E30C4596312FC29A533DB8BA","True"
"projects/06-mutex/course/06_FreeRTOS_Mutex_Semaphore/Firmware/GD32F4xx_standard_peripheral/Source/gd32f4xx_crc.c","C14034159E72E082AA70E2A8CBA60FFCF950B63D75AE467706632F32EC00F315","C14034159E72E082AA70E2A8CBA60FFCF950B63D75AE467706632F32EC00F315","True"
"projects/06-mutex/course/06_FreeRTOS_Mutex_Semaphore/Firmware/GD32F4xx_standard_peripheral/Source/gd32f4xx_ctc.c","07F4A6385C6FFB2E18ECF95DAAE6A431FB91262FA988835A249A64F4002280A1","07F4A6385C6FFB2E18ECF95DAAE6A431FB91262FA988835A249A64F4002280A1","True"
"projects/06-mutex/course/06_FreeRTOS_Mutex_Semaphore/Firmware/GD32F4xx_standard_peripheral/Source/gd32f4xx_dac.c","ACE5C99F1E2774D955CA4E4D5D6E81B2D831F718098487EA3E8C2C34C960E160","ACE5C99F1E2774D955CA4E4D5D6E81B2D831F718098487EA3E8C2C34C960E160","True"
"projects/06-mutex/course/06_FreeRTOS_Mutex_Semaphore/Firmware/GD32F4xx_standard_peripheral/Source/gd32f4xx_dbg.c","6EEC659FD6B5C549226BAE8E9C9C78785B064D557434189BB221287D550FE291","6EEC659FD6B5C549226BAE8E9C9C78785B064D557434189BB221287D550FE291","True"
"projects/06-mutex/course/06_FreeRTOS_Mutex_Semaphore/Firmware/GD32F4xx_standard_peripheral/Source/gd32f4xx_dci.c","B99613D9A21A02DD39117F30B9A488B859209AB3489DCFDE7361D147CDF76516","B99613D9A21A02DD39117F30B9A488B859209AB3489DCFDE7361D147CDF76516","True"
"projects/06-mutex/course/06_FreeRTOS_Mutex_Semaphore/Firmware/GD32F4xx_standard_peripheral/Source/gd32f4xx_dma.c","2D943A169ABABCC22CBC6C41665F5CE375C30B63005954E1D34BB3218CB63FAF","2D943A169ABABCC22CBC6C41665F5CE375C30B63005954E1D34BB3218CB63FAF","True"
"projects/06-mutex/course/06_FreeRTOS_Mutex_Semaphore/Firmware/GD32F4xx_standard_peripheral/Source/gd32f4xx_enet.c","3051E8737C463D23D07B9C9AD937BC7C488BB573738B2313982870DAA670E87E","3051E8737C463D23D07B9C9AD937BC7C488BB573738B2313982870DAA670E87E","True"
"projects/06-mutex/course/06_FreeRTOS_Mutex_Semaphore/Firmware/GD32F4xx_standard_peripheral/Source/gd32f4xx_exmc.c","E4A79B377C89D9EB8BD5BE101E273AD5EFBA0C2A24FB4621AB7BC124BEEEAEBF","E4A79B377C89D9EB8BD5BE101E273AD5EFBA0C2A24FB4621AB7BC124BEEEAEBF","True"
"projects/06-mutex/course/06_FreeRTOS_Mutex_Semaphore/Firmware/GD32F4xx_standard_peripheral/Source/gd32f4xx_exti.c","FCE4A7ECA93486D71A9E5758642F2282AE7F8805DBB559312837A0B17577FE58","FCE4A7ECA93486D71A9E5758642F2282AE7F8805DBB559312837A0B17577FE58","True"
"projects/06-mutex/course/06_FreeRTOS_Mutex_Semaphore/Firmware/GD32F4xx_standard_peripheral/Source/gd32f4xx_fmc.c","15408829D2405432FC8ED73D5D8C6BBB1E6C74540F1B817983BABD62E22CAB16","15408829D2405432FC8ED73D5D8C6BBB1E6C74540F1B817983BABD62E22CAB16","True"
"projects/06-mutex/course/06_FreeRTOS_Mutex_Semaphore/Firmware/GD32F4xx_standard_peripheral/Source/gd32f4xx_fwdgt.c","05B67D15069CED6F0472E4115ECD16064402E0D6220561499000025A8CD189B7","05B67D15069CED6F0472E4115ECD16064402E0D6220561499000025A8CD189B7","True"
"projects/06-mutex/course/06_FreeRTOS_Mutex_Semaphore/Firmware/GD32F4xx_standard_peripheral/Source/gd32f4xx_gpio.c","262BEFE864D5DA3BADA64D0B3DAB29E5C2747E46B154EDE8BCAB0B788DB614E0","262BEFE864D5DA3BADA64D0B3DAB29E5C2747E46B154EDE8BCAB0B788DB614E0","True"
"projects/06-mutex/course/06_FreeRTOS_Mutex_Semaphore/Firmware/GD32F4xx_standard_peripheral/Source/gd32f4xx_i2c.c","8EDFAF1A8F0BF2833923D0072FE1B9D0467382B3EC1D243E918D0DE9711CCCD2","8EDFAF1A8F0BF2833923D0072FE1B9D0467382B3EC1D243E918D0DE9711CCCD2","True"
"projects/06-mutex/course/06_FreeRTOS_Mutex_Semaphore/Firmware/GD32F4xx_standard_peripheral/Source/gd32f4xx_ipa.c","38A8350304763C1C83B4D2341F6782B090CA09ABE541AC360089B5CB454BCF57","38A8350304763C1C83B4D2341F6782B090CA09ABE541AC360089B5CB454BCF57","True"
"projects/06-mutex/course/06_FreeRTOS_Mutex_Semaphore/Firmware/GD32F4xx_standard_peripheral/Source/gd32f4xx_iref.c","24F2FCFCD20882FD3E65773A281A827BF5391A0A8054324EEF7C98BB3F2B9B80","24F2FCFCD20882FD3E65773A281A827BF5391A0A8054324EEF7C98BB3F2B9B80","True"
"projects/06-mutex/course/06_FreeRTOS_Mutex_Semaphore/Firmware/GD32F4xx_standard_peripheral/Source/gd32f4xx_misc.c","1CD262F295155428C25DEDC69BFBAB99F7A99DE09E0B602ECA1F2C6017CFE2DA","1CD262F295155428C25DEDC69BFBAB99F7A99DE09E0B602ECA1F2C6017CFE2DA","True"
"projects/06-mutex/course/06_FreeRTOS_Mutex_Semaphore/Firmware/GD32F4xx_standard_peripheral/Source/gd32f4xx_pmu.c","DAFA94838A55132E3313234C5AC2BE6172116DC26574347363D554EFFB186D79","DAFA94838A55132E3313234C5AC2BE6172116DC26574347363D554EFFB186D79","True"
"projects/06-mutex/course/06_FreeRTOS_Mutex_Semaphore/Firmware/GD32F4xx_standard_peripheral/Source/gd32f4xx_rcu.c","6C1030EB58EC7CB9C41E2A1FF31DDEF87F70DD083222327978234004C4E95B98","6C1030EB58EC7CB9C41E2A1FF31DDEF87F70DD083222327978234004C4E95B98","True"
"projects/06-mutex/course/06_FreeRTOS_Mutex_Semaphore/Firmware/GD32F4xx_standard_peripheral/Source/gd32f4xx_rtc.c","EEA5BCB92C88A7BAB9F3740F8E9408236412A546B03A5467F21B0F94A01183E7","EEA5BCB92C88A7BAB9F3740F8E9408236412A546B03A5467F21B0F94A01183E7","True"
"projects/06-mutex/course/06_FreeRTOS_Mutex_Semaphore/Firmware/GD32F4xx_standard_peripheral/Source/gd32f4xx_sdio.c","9D8F3E488C74C44A30C4D0BBB9CD8D86555D898CA9C36F259CE57609959B9854","9D8F3E488C74C44A30C4D0BBB9CD8D86555D898CA9C36F259CE57609959B9854","True"
"projects/06-mutex/course/06_FreeRTOS_Mutex_Semaphore/Firmware/GD32F4xx_standard_peripheral/Source/gd32f4xx_spi.c","CE06438E9AD5882A0FCA88DFE658DD925ED3320BA574C2797E2F93ACF6142459","CE06438E9AD5882A0FCA88DFE658DD925ED3320BA574C2797E2F93ACF6142459","True"
"projects/06-mutex/course/06_FreeRTOS_Mutex_Semaphore/Firmware/GD32F4xx_standard_peripheral/Source/gd32f4xx_syscfg.c","51A7A5E70F3064424CC6E2F6A06942B47ADAAC8C36A6612EE08B1643557B3CA3","51A7A5E70F3064424CC6E2F6A06942B47ADAAC8C36A6612EE08B1643557B3CA3","True"
"projects/06-mutex/course/06_FreeRTOS_Mutex_Semaphore/Firmware/GD32F4xx_standard_peripheral/Source/gd32f4xx_timer.c","3961465CF6BA39554E34C02183C50676A4AB9B3991A6AAD32D271754B2506B14","3961465CF6BA39554E34C02183C50676A4AB9B3991A6AAD32D271754B2506B14","True"
"projects/06-mutex/course/06_FreeRTOS_Mutex_Semaphore/Firmware/GD32F4xx_standard_peripheral/Source/gd32f4xx_tli.c","881A02E692AFD4A0B6848A929B0B8C79148911AD7543CF611287C45E82372541","881A02E692AFD4A0B6848A929B0B8C79148911AD7543CF611287C45E82372541","True"
"projects/06-mutex/course/06_FreeRTOS_Mutex_Semaphore/Firmware/GD32F4xx_standard_peripheral/Source/gd32f4xx_trng.c","BA9093D046A01C997AA54D2DE9F663E8AF32FB9E53C950CFC640F1033FCD6C53","BA9093D046A01C997AA54D2DE9F663E8AF32FB9E53C950CFC640F1033FCD6C53","True"
"projects/06-mutex/course/06_FreeRTOS_Mutex_Semaphore/Firmware/GD32F4xx_standard_peripheral/Source/gd32f4xx_usart.c","F67FA54D9C9537317BE92D95FD880A394D9ABE98DF708E5AA821FBFA392AE9B0","F67FA54D9C9537317BE92D95FD880A394D9ABE98DF708E5AA821FBFA392AE9B0","True"
"projects/06-mutex/course/06_FreeRTOS_Mutex_Semaphore/Firmware/GD32F4xx_standard_peripheral/Source/gd32f4xx_wwdgt.c","0ED39DE6F0101E10DDCB476E6EF21C44D2282D4F689D0D0D70F9E04940E6F0FE","0ED39DE6F0101E10DDCB476E6EF21C44D2282D4F689D0D0D70F9E04940E6F0FE","True"
"projects/06-mutex/course/06_FreeRTOS_Mutex_Semaphore/Firmware/GD32F4xx_usb_library/device/class/audio/Include/audio_core.h","D4550583AD93FB3EED7D288FB84CA5E1B57269E088FB073E541A666B636FEC00","D4550583AD93FB3EED7D288FB84CA5E1B57269E088FB073E541A666B636FEC00","True"
"projects/06-mutex/course/06_FreeRTOS_Mutex_Semaphore/Firmware/GD32F4xx_usb_library/device/class/audio/Include/audio_out_itf.h","77FB54DEA6431AF26C1DE2B1CCFB8186FAC92519D817556FE6B31FDE7947310B","77FB54DEA6431AF26C1DE2B1CCFB8186FAC92519D817556FE6B31FDE7947310B","True"
"projects/06-mutex/course/06_FreeRTOS_Mutex_Semaphore/Firmware/GD32F4xx_usb_library/device/class/audio/Source/audio_core.c","E134ABAB42ADA7E2D9C6BAD56032F4358FBD37B82E3861496BFE8DC7B4263D32","E134ABAB42ADA7E2D9C6BAD56032F4358FBD37B82E3861496BFE8DC7B4263D32","True"
"projects/06-mutex/course/06_FreeRTOS_Mutex_Semaphore/Firmware/GD32F4xx_usb_library/device/class/audio/Source/audio_out_itf.c","33F0490E4B3CE2315D51257BB877A233BA7293BF83F1272113382989476B887B","33F0490E4B3CE2315D51257BB877A233BA7293BF83F1272113382989476B887B","True"
"projects/06-mutex/course/06_FreeRTOS_Mutex_Semaphore/Firmware/GD32F4xx_usb_library/device/class/cdc/Include/cdc_acm_core.h","58A53B46A222A4CA1B4F35901A48555A22FF6C8EF95DCB23E651A64512A0B8EC","58A53B46A222A4CA1B4F35901A48555A22FF6C8EF95DCB23E651A64512A0B8EC","True"
"projects/06-mutex/course/06_FreeRTOS_Mutex_Semaphore/Firmware/GD32F4xx_usb_library/device/class/cdc/Source/cdc_acm_core.c","92F6D272CB501A2E0E8020A5C7C3FDBF3F6267044A5F00C248A53BDC23867E71","92F6D272CB501A2E0E8020A5C7C3FDBF3F6267044A5F00C248A53BDC23867E71","True"
"projects/06-mutex/course/06_FreeRTOS_Mutex_Semaphore/Firmware/GD32F4xx_usb_library/device/class/dfu/Include/dfu_core.h","B074E46C11DFC3D6F057E7C91263A7894A8598F5AD27062A8F0C737739F0AC4B","B074E46C11DFC3D6F057E7C91263A7894A8598F5AD27062A8F0C737739F0AC4B","True"
"projects/06-mutex/course/06_FreeRTOS_Mutex_Semaphore/Firmware/GD32F4xx_usb_library/device/class/dfu/Include/dfu_mem.h","EE0FA900E1595041DB2524E57A7684A911AFEC27BD737544CB8ACC1A419B54F3","EE0FA900E1595041DB2524E57A7684A911AFEC27BD737544CB8ACC1A419B54F3","True"
"projects/06-mutex/course/06_FreeRTOS_Mutex_Semaphore/Firmware/GD32F4xx_usb_library/device/class/dfu/Source/dfu_core.c","EE0B61F48E523F816E1977AB5667701D4A30C9D7994809DAEC56A6C22B6B23F2","EE0B61F48E523F816E1977AB5667701D4A30C9D7994809DAEC56A6C22B6B23F2","True"
"projects/06-mutex/course/06_FreeRTOS_Mutex_Semaphore/Firmware/GD32F4xx_usb_library/device/class/dfu/Source/dfu_mem.c","1740852FD0411642AAD47BF10951D51DE5338CA02239C634C4A28211CC0B6BD5","1740852FD0411642AAD47BF10951D51DE5338CA02239C634C4A28211CC0B6BD5","True"
"projects/06-mutex/course/06_FreeRTOS_Mutex_Semaphore/Firmware/GD32F4xx_usb_library/device/class/hid/Include/custom_hid_core.h","3D8630539B539B75241B088BA5CB2BD6A6377EBE6A0C026E14E4D9F618149F3C","3D8630539B539B75241B088BA5CB2BD6A6377EBE6A0C026E14E4D9F618149F3C","True"
"projects/06-mutex/course/06_FreeRTOS_Mutex_Semaphore/Firmware/GD32F4xx_usb_library/device/class/hid/Include/standard_hid_core.h","B43958E8EF0BB4E5939D1B1279F2B4D25791ABD357C51504FB08C6BF5CDE5A55","B43958E8EF0BB4E5939D1B1279F2B4D25791ABD357C51504FB08C6BF5CDE5A55","True"
"projects/06-mutex/course/06_FreeRTOS_Mutex_Semaphore/Firmware/GD32F4xx_usb_library/device/class/hid/Source/custom_hid_core.c","E31D924422097B600884693E2CFB38C20E4215861DFC8BBDFF3058C9A9133668","E31D924422097B600884693E2CFB38C20E4215861DFC8BBDFF3058C9A9133668","True"
"projects/06-mutex/course/06_FreeRTOS_Mutex_Semaphore/Firmware/GD32F4xx_usb_library/device/class/hid/Source/standard_hid_core.c","976542C7FC8C038846C71E4C5E6755B3C9364C8C09425F671FA694F1F14889A1","976542C7FC8C038846C71E4C5E6755B3C9364C8C09425F671FA694F1F14889A1","True"
"projects/06-mutex/course/06_FreeRTOS_Mutex_Semaphore/Firmware/GD32F4xx_usb_library/device/class/iap/Include/usb_iap_core.h","0C5491567E7452BE4CDC0099BC8F6E5B6ACA7B9C273FDB95647264938337C163","0C5491567E7452BE4CDC0099BC8F6E5B6ACA7B9C273FDB95647264938337C163","True"
"projects/06-mutex/course/06_FreeRTOS_Mutex_Semaphore/Firmware/GD32F4xx_usb_library/device/class/iap/Source/usb_iap_core.c","B48D8EDB4882F57E2EE0B7CD17D94A4EA574BBFDB3EF72F35355FB7B8CBF374D","B48D8EDB4882F57E2EE0B7CD17D94A4EA574BBFDB3EF72F35355FB7B8CBF374D","True"
"projects/06-mutex/course/06_FreeRTOS_Mutex_Semaphore/Firmware/GD32F4xx_usb_library/device/class/msc/Include/usbd_msc_bbb.h","FCE4E4A9E17E3C7AD6EF23BF6284354B3C1E0BC79E2E3D8C51C00C7CBA88598F","FCE4E4A9E17E3C7AD6EF23BF6284354B3C1E0BC79E2E3D8C51C00C7CBA88598F","True"
"projects/06-mutex/course/06_FreeRTOS_Mutex_Semaphore/Firmware/GD32F4xx_usb_library/device/class/msc/Include/usbd_msc_core.h","1B56E50C7F78BD46CC86E131565DA5A3CA050901171A99D33526283996D0062C","1B56E50C7F78BD46CC86E131565DA5A3CA050901171A99D33526283996D0062C","True"
"projects/06-mutex/course/06_FreeRTOS_Mutex_Semaphore/Firmware/GD32F4xx_usb_library/device/class/msc/Include/usbd_msc_mem.h","4219910F0D5565CBF2CB7DE2191FFFAD41F01F9903EC160827C6F441FC9FE241","4219910F0D5565CBF2CB7DE2191FFFAD41F01F9903EC160827C6F441FC9FE241","True"
"projects/06-mutex/course/06_FreeRTOS_Mutex_Semaphore/Firmware/GD32F4xx_usb_library/device/class/msc/Include/usbd_msc_scsi.h","8A843A759A5D1013DB6524B1547453013DA00C202F03A7011B604C8E79F96A2D","8A843A759A5D1013DB6524B1547453013DA00C202F03A7011B604C8E79F96A2D","True"
"projects/06-mutex/course/06_FreeRTOS_Mutex_Semaphore/Firmware/GD32F4xx_usb_library/device/class/msc/Source/usbd_msc_bbb.c","D613ECDDAB72A03DE672E4669F2549F5CE93259C09819FCBD78DB49DBBEFA4A5","D613ECDDAB72A03DE672E4669F2549F5CE93259C09819FCBD78DB49DBBEFA4A5","True"
"projects/06-mutex/course/06_FreeRTOS_Mutex_Semaphore/Firmware/GD32F4xx_usb_library/device/class/msc/Source/usbd_msc_core.c","5C5983C2884B08AA4A480B29929E20A502741C56CEFD717E48A6FE5C807BBB5C","5C5983C2884B08AA4A480B29929E20A502741C56CEFD717E48A6FE5C807BBB5C","True"
"projects/06-mutex/course/06_FreeRTOS_Mutex_Semaphore/Firmware/GD32F4xx_usb_library/device/class/msc/Source/usbd_msc_scsi.c","062E1DF310C0FEED9372585E09D4A317F65B8E0E03BD70C14AA7418A99C5EFFD","062E1DF310C0FEED9372585E09D4A317F65B8E0E03BD70C14AA7418A99C5EFFD","True"
"projects/06-mutex/course/06_FreeRTOS_Mutex_Semaphore/Firmware/GD32F4xx_usb_library/device/class/printer/Include/printer_core.h","4231DAE7349CC3643150EC1E90A5CEFB4ADF23ADC0314E82EF001BDFCD7D7E8C","4231DAE7349CC3643150EC1E90A5CEFB4ADF23ADC0314E82EF001BDFCD7D7E8C","True"
"projects/06-mutex/course/06_FreeRTOS_Mutex_Semaphore/Firmware/GD32F4xx_usb_library/device/class/printer/Source/printer_core.c","93EB77FF7A45DA1424244E1FFA25755A259E43B815D00B14C319BEC17A079831","93EB77FF7A45DA1424244E1FFA25755A259E43B815D00B14C319BEC17A079831","True"
"projects/06-mutex/course/06_FreeRTOS_Mutex_Semaphore/Firmware/GD32F4xx_usb_library/device/core/Include/usbd_core.h","A205D78D7C4299519538D5057744916BCB5459EC963BFBD6AA42101197B15041","A205D78D7C4299519538D5057744916BCB5459EC963BFBD6AA42101197B15041","True"
"projects/06-mutex/course/06_FreeRTOS_Mutex_Semaphore/Firmware/GD32F4xx_usb_library/device/core/Include/usbd_enum.h","9DE97ED85BA71120379BF876FAF752FA7900784D1614C18D1E9ECEA6C7E2C897","9DE97ED85BA71120379BF876FAF752FA7900784D1614C18D1E9ECEA6C7E2C897","True"
"projects/06-mutex/course/06_FreeRTOS_Mutex_Semaphore/Firmware/GD32F4xx_usb_library/device/core/Include/usbd_transc.h","7598A18B6AA5696B7D15C3F8DA6F0F04C37BCA44D48C86FD5A7BD92850A17681","7598A18B6AA5696B7D15C3F8DA6F0F04C37BCA44D48C86FD5A7BD92850A17681","True"
"projects/06-mutex/course/06_FreeRTOS_Mutex_Semaphore/Firmware/GD32F4xx_usb_library/device/core/Source/usbd_core.c","74A04240E3912EF2D959396250678FF65E41A6D65E4C92CDDB7BABEBC646A12F","74A04240E3912EF2D959396250678FF65E41A6D65E4C92CDDB7BABEBC646A12F","True"
"projects/06-mutex/course/06_FreeRTOS_Mutex_Semaphore/Firmware/GD32F4xx_usb_library/device/core/Source/usbd_enum.c","07C9D4AF518D9659D3696A574638D2238413C849345915F347B1CE91C02A81EE","07C9D4AF518D9659D3696A574638D2238413C849345915F347B1CE91C02A81EE","True"
"projects/06-mutex/course/06_FreeRTOS_Mutex_Semaphore/Firmware/GD32F4xx_usb_library/device/core/Source/usbd_transc.c","CE5E569F4CBB0918250C03000276FD987E116E69F489EEC7B049B790A5A87F37","CE5E569F4CBB0918250C03000276FD987E116E69F489EEC7B049B790A5A87F37","True"
"projects/06-mutex/course/06_FreeRTOS_Mutex_Semaphore/Firmware/GD32F4xx_usb_library/driver/Include/drv_usb_core.h","D7957D291F199B35772CE89782B17558BCC73B935F66F80C5B7FBE16DDBA5875","D7957D291F199B35772CE89782B17558BCC73B935F66F80C5B7FBE16DDBA5875","True"
"projects/06-mutex/course/06_FreeRTOS_Mutex_Semaphore/Firmware/GD32F4xx_usb_library/driver/Include/drv_usb_dev.h","CAF5D56EBAFDBA9FC9F167418A1616E4291B112EDBF47A8654BD9A98F8C17B9A","CAF5D56EBAFDBA9FC9F167418A1616E4291B112EDBF47A8654BD9A98F8C17B9A","True"
"projects/06-mutex/course/06_FreeRTOS_Mutex_Semaphore/Firmware/GD32F4xx_usb_library/driver/Include/drv_usb_host.h","FB4056A260F60FDA977AB1139EBFCF00E53B5C3E697FDDA573B902A413BFFF14","FB4056A260F60FDA977AB1139EBFCF00E53B5C3E697FDDA573B902A413BFFF14","True"
"projects/06-mutex/course/06_FreeRTOS_Mutex_Semaphore/Firmware/GD32F4xx_usb_library/driver/Include/drv_usb_hw.h","81DBB2D76CD496106998EAA694DA78184988C9618E06CFE573E5D6B5FA1C1F20","81DBB2D76CD496106998EAA694DA78184988C9618E06CFE573E5D6B5FA1C1F20","True"
"projects/06-mutex/course/06_FreeRTOS_Mutex_Semaphore/Firmware/GD32F4xx_usb_library/driver/Include/drv_usb_regs.h","048A97F0FF66F557EE6A5E829F8AA0336D69E13E63151CF4D64092D0FF9606BA","048A97F0FF66F557EE6A5E829F8AA0336D69E13E63151CF4D64092D0FF9606BA","True"
"projects/06-mutex/course/06_FreeRTOS_Mutex_Semaphore/Firmware/GD32F4xx_usb_library/driver/Include/drv_usbd_int.h","3B71749A04450BBEC4838039BC3C6482EE1D7ECB509B97DA5151F362F918A8F4","3B71749A04450BBEC4838039BC3C6482EE1D7ECB509B97DA5151F362F918A8F4","True"
"projects/06-mutex/course/06_FreeRTOS_Mutex_Semaphore/Firmware/GD32F4xx_usb_library/driver/Include/drv_usbh_int.h","5268EE8F0ACCEE9C9E848AE421F3F1B83B8EFA72B8854F08A5756C16C3873997","5268EE8F0ACCEE9C9E848AE421F3F1B83B8EFA72B8854F08A5756C16C3873997","True"
"projects/06-mutex/course/06_FreeRTOS_Mutex_Semaphore/Firmware/GD32F4xx_usb_library/driver/Source/drv_usb_core.c","B90492A8404BCBDCBBA9D31D38AD75D2D85B6014CCACF6EEA77B23F69CF5F623","B90492A8404BCBDCBBA9D31D38AD75D2D85B6014CCACF6EEA77B23F69CF5F623","True"
"projects/06-mutex/course/06_FreeRTOS_Mutex_Semaphore/Firmware/GD32F4xx_usb_library/driver/Source/drv_usb_dev.c","93CA6CD491C5E0FEA197D5AC7F10BA23E6973543DA7AEED38BFC1AE3A0DC474B","93CA6CD491C5E0FEA197D5AC7F10BA23E6973543DA7AEED38BFC1AE3A0DC474B","True"
"projects/06-mutex/course/06_FreeRTOS_Mutex_Semaphore/Firmware/GD32F4xx_usb_library/driver/Source/drv_usb_host.c","D9F6DE1A16C13351C6947A1D8C735A2FA2EF6495159EF75E8C84A903003853EA","D9F6DE1A16C13351C6947A1D8C735A2FA2EF6495159EF75E8C84A903003853EA","True"
"projects/06-mutex/course/06_FreeRTOS_Mutex_Semaphore/Firmware/GD32F4xx_usb_library/driver/Source/drv_usbd_int.c","6D629C1B2EE8A05BD9C1B8E20F2664410AFC9608E9489CCAC5BE881D10D0A715","6D629C1B2EE8A05BD9C1B8E20F2664410AFC9608E9489CCAC5BE881D10D0A715","True"
"projects/06-mutex/course/06_FreeRTOS_Mutex_Semaphore/Firmware/GD32F4xx_usb_library/driver/Source/drv_usbh_int.c","4D390034615DF35FB792026BD76844C922F387580E291039F1BC5F6B6C982486","4D390034615DF35FB792026BD76844C922F387580E291039F1BC5F6B6C982486","True"
"projects/06-mutex/course/06_FreeRTOS_Mutex_Semaphore/Firmware/GD32F4xx_usb_library/host/class/hid/Include/usbh_hid_core.h","0DEC84719141C68389EC4F957111FB6DC21A5BE55159A808A9D4D20759E447AA","0DEC84719141C68389EC4F957111FB6DC21A5BE55159A808A9D4D20759E447AA","True"
"projects/06-mutex/course/06_FreeRTOS_Mutex_Semaphore/Firmware/GD32F4xx_usb_library/host/class/hid/Include/usbh_standard_hid.h","9DFF3D162D5690F986145FC6A50E8BE49EE6EA57B0DF5DE92708173ECE1231A8","9DFF3D162D5690F986145FC6A50E8BE49EE6EA57B0DF5DE92708173ECE1231A8","True"
"projects/06-mutex/course/06_FreeRTOS_Mutex_Semaphore/Firmware/GD32F4xx_usb_library/host/class/hid/Source/usbh_hid_core.c","2CDAFDF63EBB98A454A09ACC070B9C2E925C7EEC29AF318F1A8CE5F913C5D200","2CDAFDF63EBB98A454A09ACC070B9C2E925C7EEC29AF318F1A8CE5F913C5D200","True"
"projects/06-mutex/course/06_FreeRTOS_Mutex_Semaphore/Firmware/GD32F4xx_usb_library/host/class/hid/Source/usbh_standard_hid.c","324F535D3213364159EF30D0AB69CB69472D94EE6A25F07D1C624D1B4BB315C3","324F535D3213364159EF30D0AB69CB69472D94EE6A25F07D1C624D1B4BB315C3","True"
"projects/06-mutex/course/06_FreeRTOS_Mutex_Semaphore/Firmware/GD32F4xx_usb_library/host/class/msc/Include/usbh_msc_bbb.h","FE164E019DB850549FA0EDB8A4B2F0C38FF1C7540A834B935C91268D0E275FF8","FE164E019DB850549FA0EDB8A4B2F0C38FF1C7540A834B935C91268D0E275FF8","True"
"projects/06-mutex/course/06_FreeRTOS_Mutex_Semaphore/Firmware/GD32F4xx_usb_library/host/class/msc/Include/usbh_msc_core.h","34B4B4AED85F332B815096EE4C39FBA67C77FEF1F9EB79FC470603568CBE2DC9","34B4B4AED85F332B815096EE4C39FBA67C77FEF1F9EB79FC470603568CBE2DC9","True"
"projects/06-mutex/course/06_FreeRTOS_Mutex_Semaphore/Firmware/GD32F4xx_usb_library/host/class/msc/Include/usbh_msc_scsi.h","E6E8CA26D9A2ABFFE14A21AF356CB07C4058D9052DFD22B46205EC11884A867A","E6E8CA26D9A2ABFFE14A21AF356CB07C4058D9052DFD22B46205EC11884A867A","True"
"projects/06-mutex/course/06_FreeRTOS_Mutex_Semaphore/Firmware/GD32F4xx_usb_library/host/class/msc/Source/usbh_msc_bbb.c","2A82AD623D78CCC1802D851AB7FB124D6ABB5DBEA980AA8C6517E26FF906E049","2A82AD623D78CCC1802D851AB7FB124D6ABB5DBEA980AA8C6517E26FF906E049","True"
"projects/06-mutex/course/06_FreeRTOS_Mutex_Semaphore/Firmware/GD32F4xx_usb_library/host/class/msc/Source/usbh_msc_core.c","5DF338C15161E6C7A6424179245E0E373973B22E81DEA91111AD5613AE0C8690","5DF338C15161E6C7A6424179245E0E373973B22E81DEA91111AD5613AE0C8690","True"
"projects/06-mutex/course/06_FreeRTOS_Mutex_Semaphore/Firmware/GD32F4xx_usb_library/host/class/msc/Source/usbh_msc_fatfs.c","8FD0C5B44F9AC0E35427803F9761E40A5297CAA2ACC078CB9FDE3C25BA4036B1","8FD0C5B44F9AC0E35427803F9761E40A5297CAA2ACC078CB9FDE3C25BA4036B1","True"
"projects/06-mutex/course/06_FreeRTOS_Mutex_Semaphore/Firmware/GD32F4xx_usb_library/host/class/msc/Source/usbh_msc_scsi.c","45E6AD746800250C90834AC684D207DA486F3F0FDA8503284DEF2C537F952A85","45E6AD746800250C90834AC684D207DA486F3F0FDA8503284DEF2C537F952A85","True"
"projects/06-mutex/course/06_FreeRTOS_Mutex_Semaphore/Firmware/GD32F4xx_usb_library/host/core/Include/usbh_core.h","8919B0DA3BC89862AC89DA53BD34CC4F8AF2F7ECEBF23493D3BC0980570EC67D","8919B0DA3BC89862AC89DA53BD34CC4F8AF2F7ECEBF23493D3BC0980570EC67D","True"
"projects/06-mutex/course/06_FreeRTOS_Mutex_Semaphore/Firmware/GD32F4xx_usb_library/host/core/Include/usbh_enum.h","A08D6A471BE77A6BFDF916E166E4A95B49358F209E0708080E4A441D7D454897","A08D6A471BE77A6BFDF916E166E4A95B49358F209E0708080E4A441D7D454897","True"
"projects/06-mutex/course/06_FreeRTOS_Mutex_Semaphore/Firmware/GD32F4xx_usb_library/host/core/Include/usbh_pipe.h","D1AA31749DB419F147E34BF1608F3C79D8846FC9067B138CE90DCC6D68A724B2","D1AA31749DB419F147E34BF1608F3C79D8846FC9067B138CE90DCC6D68A724B2","True"
"projects/06-mutex/course/06_FreeRTOS_Mutex_Semaphore/Firmware/GD32F4xx_usb_library/host/core/Include/usbh_transc.h","B0A9300C836592E16782062A0D898645ADC64EFD21AD96F46B8EF6EBD876499C","B0A9300C836592E16782062A0D898645ADC64EFD21AD96F46B8EF6EBD876499C","True"
"projects/06-mutex/course/06_FreeRTOS_Mutex_Semaphore/Firmware/GD32F4xx_usb_library/host/core/Source/usbh_core.c","2E61C1493A0F04D944A9B1E01924A57908552C5C5920F357DF984F098988DF08","2E61C1493A0F04D944A9B1E01924A57908552C5C5920F357DF984F098988DF08","True"
"projects/06-mutex/course/06_FreeRTOS_Mutex_Semaphore/Firmware/GD32F4xx_usb_library/host/core/Source/usbh_enum.c","273217F6826C6D57A1D210D2A58974AE97A27E15951B98BE25BBCCDEA8133871","273217F6826C6D57A1D210D2A58974AE97A27E15951B98BE25BBCCDEA8133871","True"
"projects/06-mutex/course/06_FreeRTOS_Mutex_Semaphore/Firmware/GD32F4xx_usb_library/host/core/Source/usbh_pipe.c","E8A4253E2A4224333C4343EE0FFD5F280C9875EF57702F44C1973CBD42EDD2E0","E8A4253E2A4224333C4343EE0FFD5F280C9875EF57702F44C1973CBD42EDD2E0","True"
"projects/06-mutex/course/06_FreeRTOS_Mutex_Semaphore/Firmware/GD32F4xx_usb_library/host/core/Source/usbh_transc.c","CF1AE1FCF884275E82634538E997D8D24C31FBE959140909F5BB4E34BCA0BBEF","CF1AE1FCF884275E82634538E997D8D24C31FBE959140909F5BB4E34BCA0BBEF","True"
"projects/06-mutex/course/06_FreeRTOS_Mutex_Semaphore/Firmware/GD32F4xx_usb_library/ustd/class/cdc/usb_cdc.h","FCD43C4F51573D30F01573E2D2856E0BE969C8FFD02D415AADFB69A595DECF4E","FCD43C4F51573D30F01573E2D2856E0BE969C8FFD02D415AADFB69A595DECF4E","True"
"projects/06-mutex/course/06_FreeRTOS_Mutex_Semaphore/Firmware/GD32F4xx_usb_library/ustd/class/hid/usb_hid.h","F3C6A02D4FC46F9512465B6EB2951C8CDDB956AF73422AAB9D2A1BAFC69F2E7B","F3C6A02D4FC46F9512465B6EB2951C8CDDB956AF73422AAB9D2A1BAFC69F2E7B","True"
"projects/06-mutex/course/06_FreeRTOS_Mutex_Semaphore/Firmware/GD32F4xx_usb_library/ustd/class/msc/msc_bbb.h","B884B8F8F7CFAF22512EDE7AE709B5F3591E126D2919AECF4E2B4D7EFEA1F5D6","B884B8F8F7CFAF22512EDE7AE709B5F3591E126D2919AECF4E2B4D7EFEA1F5D6","True"
"projects/06-mutex/course/06_FreeRTOS_Mutex_Semaphore/Firmware/GD32F4xx_usb_library/ustd/class/msc/msc_scsi.h","8842CF305E996369687FA89568C9AEE3D46F745E1AEF6EB58B1A3F519F863631","8842CF305E996369687FA89568C9AEE3D46F745E1AEF6EB58B1A3F519F863631","True"
"projects/06-mutex/course/06_FreeRTOS_Mutex_Semaphore/Firmware/GD32F4xx_usb_library/ustd/class/msc/usb_msc.h","E3C2A096085131687F121DE426EF9154F23CCC26E877129243A648FB8C90B216","E3C2A096085131687F121DE426EF9154F23CCC26E877129243A648FB8C90B216","True"
"projects/06-mutex/course/06_FreeRTOS_Mutex_Semaphore/Firmware/GD32F4xx_usb_library/ustd/common/usb_ch9_std.h","B5249865F377709E456F76CA76CA5499ACE39BAD6A452832DBE535F1989C6D22","B5249865F377709E456F76CA76CA5499ACE39BAD6A452832DBE535F1989C6D22","True"
"projects/06-mutex/course/06_FreeRTOS_Mutex_Semaphore/FreeRTOS/CMakeLists.txt","277777817A51C3B8548C84A61CF5341C43DA40769C833A05AD46FDBD6F7CEED7","277777817A51C3B8548C84A61CF5341C43DA40769C833A05AD46FDBD6F7CEED7","True"
"projects/06-mutex/course/06_FreeRTOS_Mutex_Semaphore/FreeRTOS/croutine.c","EBF0CDCE261DC4A256C06C0D4AD2582E6026A6DA0E973D4CB92092E94CE8F370","EBF0CDCE261DC4A256C06C0D4AD2582E6026A6DA0E973D4CB92092E94CE8F370","True"
"projects/06-mutex/course/06_FreeRTOS_Mutex_Semaphore/FreeRTOS/event_groups.c","76E967B14D231E4F31F014F1564F359A7BFD36BFA263EE6F437AFA8C056DF657","76E967B14D231E4F31F014F1564F359A7BFD36BFA263EE6F437AFA8C056DF657","True"
"projects/06-mutex/course/06_FreeRTOS_Mutex_Semaphore/FreeRTOS/FreeRTOSConfig.h","39B67078D0BB8FD3849F2BB44091A07464B4877075443CB4F6D28AA464C8C05C","39B67078D0BB8FD3849F2BB44091A07464B4877075443CB4F6D28AA464C8C05C","True"
"projects/06-mutex/course/06_FreeRTOS_Mutex_Semaphore/FreeRTOS/include/atomic.h","E6EB26727C6CD0A87E4DEC91CC55B2B1313CC3829E06662A0C73E62CAFD1E751","E6EB26727C6CD0A87E4DEC91CC55B2B1313CC3829E06662A0C73E62CAFD1E751","True"
"projects/06-mutex/course/06_FreeRTOS_Mutex_Semaphore/FreeRTOS/include/croutine.h","CF52C15FA26A8D4F82B55909B75EBFE2AAB25468BA7780748912DDEAD9812B4E","CF52C15FA26A8D4F82B55909B75EBFE2AAB25468BA7780748912DDEAD9812B4E","True"
"projects/06-mutex/course/06_FreeRTOS_Mutex_Semaphore/FreeRTOS/include/deprecated_definitions.h","35000A143464BBBD8DF7C9A6F066A64598A24DA5174A7BE33972E62BFBD75F4D","35000A143464BBBD8DF7C9A6F066A64598A24DA5174A7BE33972E62BFBD75F4D","True"
"projects/06-mutex/course/06_FreeRTOS_Mutex_Semaphore/FreeRTOS/include/event_groups.h","7A38D7A3CE24BD2FF6C6003C94EEA7AA7972179B1F17C1A91374334C6069F027","7A38D7A3CE24BD2FF6C6003C94EEA7AA7972179B1F17C1A91374334C6069F027","True"
"projects/06-mutex/course/06_FreeRTOS_Mutex_Semaphore/FreeRTOS/include/FreeRTOS.h","03E9C94ABA57E3CF7F4F73BC2D3EB4A96AE38F3425EEDB5450622CA286475A0B","03E9C94ABA57E3CF7F4F73BC2D3EB4A96AE38F3425EEDB5450622CA286475A0B","True"
"projects/06-mutex/course/06_FreeRTOS_Mutex_Semaphore/FreeRTOS/include/list.h","DC572F54391C0407FC25DB360D912FCA9118CDDAE7BD2E3099EB13F18804E5A9","DC572F54391C0407FC25DB360D912FCA9118CDDAE7BD2E3099EB13F18804E5A9","True"
"projects/06-mutex/course/06_FreeRTOS_Mutex_Semaphore/FreeRTOS/include/message_buffer.h","9A8141D3D6C8044A57D7E448180C9BD2ED32E45DED32BE288D095A39DCED91AB","9A8141D3D6C8044A57D7E448180C9BD2ED32E45DED32BE288D095A39DCED91AB","True"
"projects/06-mutex/course/06_FreeRTOS_Mutex_Semaphore/FreeRTOS/include/mpu_prototypes.h","2B46A2511CE5D23A56BC83079333D8D0A2E33763E5829C9383252806887A3DC0","2B46A2511CE5D23A56BC83079333D8D0A2E33763E5829C9383252806887A3DC0","True"
"projects/06-mutex/course/06_FreeRTOS_Mutex_Semaphore/FreeRTOS/include/mpu_wrappers.h","5014408CC33F0F616215F2B48C67B0D47CCC35BFD5F0044AC653B5BBC6CF5778","5014408CC33F0F616215F2B48C67B0D47CCC35BFD5F0044AC653B5BBC6CF5778","True"
"projects/06-mutex/course/06_FreeRTOS_Mutex_Semaphore/FreeRTOS/include/portable.h","7ADE8F368002778C723B3C4E14084910B7225CD36363ED0C948E9EA36C6F251F","7ADE8F368002778C723B3C4E14084910B7225CD36363ED0C948E9EA36C6F251F","True"
"projects/06-mutex/course/06_FreeRTOS_Mutex_Semaphore/FreeRTOS/include/projdefs.h","F1FA9FAA0D14851DFF86AACA00559F4B474E5F6D68772D0072842E25351D98B3","F1FA9FAA0D14851DFF86AACA00559F4B474E5F6D68772D0072842E25351D98B3","True"
"projects/06-mutex/course/06_FreeRTOS_Mutex_Semaphore/FreeRTOS/include/queue.h","A3763E24A5A3A38413996FC8392EFD6ADD1D1EE3EF507FBA22DAF75682241FEB","A3763E24A5A3A38413996FC8392EFD6ADD1D1EE3EF507FBA22DAF75682241FEB","True"
"projects/06-mutex/course/06_FreeRTOS_Mutex_Semaphore/FreeRTOS/include/semphr.h","C624E8CDFC07844D4CF35382F3CC908C872375C7A3048482BDC110BDA88CC4F2","C624E8CDFC07844D4CF35382F3CC908C872375C7A3048482BDC110BDA88CC4F2","True"
"projects/06-mutex/course/06_FreeRTOS_Mutex_Semaphore/FreeRTOS/include/stack_macros.h","3CDDF2B3D47AE387E376AC75EB468F9D8FFB575D68C143E08D54AF4087474CCE","3CDDF2B3D47AE387E376AC75EB468F9D8FFB575D68C143E08D54AF4087474CCE","True"
"projects/06-mutex/course/06_FreeRTOS_Mutex_Semaphore/FreeRTOS/include/StackMacros.h","6460E81C910496D51BC39011E35D17F5B5437B5DEB03F9E91222F796D8C8BF79","6460E81C910496D51BC39011E35D17F5B5437B5DEB03F9E91222F796D8C8BF79","True"
"projects/06-mutex/course/06_FreeRTOS_Mutex_Semaphore/FreeRTOS/include/stream_buffer.h","B876D839460197D94D0F95FB93C6AEB457F6FC572D32258480FED7D4DE686B6B","B876D839460197D94D0F95FB93C6AEB457F6FC572D32258480FED7D4DE686B6B","True"
"projects/06-mutex/course/06_FreeRTOS_Mutex_Semaphore/FreeRTOS/include/task.h","CB1B0BBCDC66E39BA3B5A09B3E2829A5D376B8990735980613514903A3C5F493","CB1B0BBCDC66E39BA3B5A09B3E2829A5D376B8990735980613514903A3C5F493","True"
"projects/06-mutex/course/06_FreeRTOS_Mutex_Semaphore/FreeRTOS/include/timers.h","08D73A99380A1BA61376258C52F4FDDF5DF5B6DCBE0F86B0EA03F11A5CA58459","08D73A99380A1BA61376258C52F4FDDF5DF5B6DCBE0F86B0EA03F11A5CA58459","True"
"projects/06-mutex/course/06_FreeRTOS_Mutex_Semaphore/FreeRTOS/list.c","DB5C169CF3EFD68DA1C6A923AC84EEBC724D602C940BDE0B9B5F01F05028FDE4","DB5C169CF3EFD68DA1C6A923AC84EEBC724D602C940BDE0B9B5F01F05028FDE4","True"
"projects/06-mutex/course/06_FreeRTOS_Mutex_Semaphore/FreeRTOS/manifest.yml","F71AEBB742E00AD33F877B3B679B4C24CDB709D7980C3E7836438758DBAA0139","F71AEBB742E00AD33F877B3B679B4C24CDB709D7980C3E7836438758DBAA0139","True"
"projects/06-mutex/course/06_FreeRTOS_Mutex_Semaphore/FreeRTOS/portable/GCC/ARM_CM4F/port.c","11F2202099ED9A73F5AE5EF9DAC414F6D9B257D6480BD9C9A1E38A71B3EE8D41","11F2202099ED9A73F5AE5EF9DAC414F6D9B257D6480BD9C9A1E38A71B3EE8D41","True"
"projects/06-mutex/course/06_FreeRTOS_Mutex_Semaphore/FreeRTOS/portable/GCC/ARM_CM4F/portmacro.h","D569E2A29AF1C742B69CB16E15D256611FA7979BDA2B355E03426D3C40369E42","D569E2A29AF1C742B69CB16E15D256611FA7979BDA2B355E03426D3C40369E42","True"
"projects/06-mutex/course/06_FreeRTOS_Mutex_Semaphore/FreeRTOS/portable/MemMang/heap_1.c","286E3FEE81C9107FC6DEC40405F500CABDCA56836D29747C182F0899BB8997FD","286E3FEE81C9107FC6DEC40405F500CABDCA56836D29747C182F0899BB8997FD","True"
"projects/06-mutex/course/06_FreeRTOS_Mutex_Semaphore/FreeRTOS/portable/MemMang/heap_2.c","A7B035B9ED786593143C8317ACFB49DE21B6450F246036A72331593577E5408B","A7B035B9ED786593143C8317ACFB49DE21B6450F246036A72331593577E5408B","True"
"projects/06-mutex/course/06_FreeRTOS_Mutex_Semaphore/FreeRTOS/portable/MemMang/heap_3.c","E2D5DBB3F3CCBADD8E7AE778F30C18D28B0532EBFE81B03AA6A20E3F75242853","E2D5DBB3F3CCBADD8E7AE778F30C18D28B0532EBFE81B03AA6A20E3F75242853","True"
"projects/06-mutex/course/06_FreeRTOS_Mutex_Semaphore/FreeRTOS/portable/MemMang/heap_4.c","D48A51E34CAED771E6650D95F6C2527E52FDE2A6EBC6F83B49D003AEF0135E05","D48A51E34CAED771E6650D95F6C2527E52FDE2A6EBC6F83B49D003AEF0135E05","True"
"projects/06-mutex/course/06_FreeRTOS_Mutex_Semaphore/FreeRTOS/portable/MemMang/heap_5.c","71B7988059E801A962DC76B956666AAB5564788D5AE437F590080DCB3FDF1881","71B7988059E801A962DC76B956666AAB5564788D5AE437F590080DCB3FDF1881","True"
"projects/06-mutex/course/06_FreeRTOS_Mutex_Semaphore/FreeRTOS/portable/RVDS/ARM_CA9/port.c","484F1EF17F58F3DF0B06026E1BFC8E44471DF51B33CB36D196A2D61369085A9B","484F1EF17F58F3DF0B06026E1BFC8E44471DF51B33CB36D196A2D61369085A9B","True"
"projects/06-mutex/course/06_FreeRTOS_Mutex_Semaphore/FreeRTOS/portable/RVDS/ARM_CA9/portASM.s","CECD728B929B81E8484C603CA00A0F95754C8EC3FF5F6D51728A3563C2E1187C","CECD728B929B81E8484C603CA00A0F95754C8EC3FF5F6D51728A3563C2E1187C","True"
"projects/06-mutex/course/06_FreeRTOS_Mutex_Semaphore/FreeRTOS/portable/RVDS/ARM_CA9/portmacro.h","AF5E80736D03E02590745B6781BB03809D68721BFAB0213C02B3697A4C4F8814","AF5E80736D03E02590745B6781BB03809D68721BFAB0213C02B3697A4C4F8814","True"
"projects/06-mutex/course/06_FreeRTOS_Mutex_Semaphore/FreeRTOS/portable/RVDS/ARM_CM0/port.c","76BE44D607E9E2CB32743386F1A97FF98E7463744DAF687773A0967B00B7F20F","76BE44D607E9E2CB32743386F1A97FF98E7463744DAF687773A0967B00B7F20F","True"
"projects/06-mutex/course/06_FreeRTOS_Mutex_Semaphore/FreeRTOS/portable/RVDS/ARM_CM0/portmacro.h","8E89F1A754EFF06CDCC206A4BDC13F41211D31A432981759FA25B184941078DE","8E89F1A754EFF06CDCC206A4BDC13F41211D31A432981759FA25B184941078DE","True"
"projects/06-mutex/course/06_FreeRTOS_Mutex_Semaphore/FreeRTOS/portable/RVDS/ARM_CM3/port.c","0F5A2323E1BDC135D37FA40DAFAC766095C46FE623F9A20CBF2F0D92405B4067","0F5A2323E1BDC135D37FA40DAFAC766095C46FE623F9A20CBF2F0D92405B4067","True"
"projects/06-mutex/course/06_FreeRTOS_Mutex_Semaphore/FreeRTOS/portable/RVDS/ARM_CM3/portmacro.h","7B6EEFBBA5194658CF11B14F97DD540B1CEEDCB40178F0C97244A063AC53F4E2","7B6EEFBBA5194658CF11B14F97DD540B1CEEDCB40178F0C97244A063AC53F4E2","True"
"projects/06-mutex/course/06_FreeRTOS_Mutex_Semaphore/FreeRTOS/portable/RVDS/ARM_CM4_MPU/port.c","1EBEB0A72801D79FAB99F4D1C43B5D2F34DC75C34E9D39A25F057B304E40685C","1EBEB0A72801D79FAB99F4D1C43B5D2F34DC75C34E9D39A25F057B304E40685C","True"
"projects/06-mutex/course/06_FreeRTOS_Mutex_Semaphore/FreeRTOS/portable/RVDS/ARM_CM4_MPU/portmacro.h","4149E8C08E5AE89F05E1E1E8C5B3BD87143321FDF4510F5693885624B8148DDE","4149E8C08E5AE89F05E1E1E8C5B3BD87143321FDF4510F5693885624B8148DDE","True"
"projects/06-mutex/course/06_FreeRTOS_Mutex_Semaphore/FreeRTOS/portable/RVDS/ARM_CM4F/port.c","6493BDBCD8AC57B5739EDB5CECC8E55EF9C82A8F978FC2F05BE19B2FAF46CEDF","6493BDBCD8AC57B5739EDB5CECC8E55EF9C82A8F978FC2F05BE19B2FAF46CEDF","True"
"projects/06-mutex/course/06_FreeRTOS_Mutex_Semaphore/FreeRTOS/portable/RVDS/ARM_CM4F/portmacro.h","9AA2265C543E086FD40A1B22C3BAFE0E4C2950E1E1F6DE05C803E13D621F9438","9AA2265C543E086FD40A1B22C3BAFE0E4C2950E1E1F6DE05C803E13D621F9438","True"
"projects/06-mutex/course/06_FreeRTOS_Mutex_Semaphore/FreeRTOS/portable/RVDS/ARM_CM7/r0p1/port.c","0B428C045198D97CBF2C7B4BECB063FB067EE8F765F263A37EF3286839B4FE12","0B428C045198D97CBF2C7B4BECB063FB067EE8F765F263A37EF3286839B4FE12","True"
"projects/06-mutex/course/06_FreeRTOS_Mutex_Semaphore/FreeRTOS/portable/RVDS/ARM_CM7/r0p1/portmacro.h","641CCD46A7EBA0E476DEFE30B350847FEE8044DFBF503B6E1ECB9CE3CDACF9F9","641CCD46A7EBA0E476DEFE30B350847FEE8044DFBF503B6E1ECB9CE3CDACF9F9","True"
"projects/06-mutex/course/06_FreeRTOS_Mutex_Semaphore/FreeRTOS/portable/RVDS/ARM_CM7/ReadMe.txt","710C88C6D9BFCC4645C414F151EE23F4C28FB8B4932308B5EB7109EF07B1D1C6","710C88C6D9BFCC4645C414F151EE23F4C28FB8B4932308B5EB7109EF07B1D1C6","True"
"projects/06-mutex/course/06_FreeRTOS_Mutex_Semaphore/FreeRTOS/portable/RVDS/ARM7_LPC21xx/port.c","4F79AF04C94548F73D9DEEA4A81CC841FF172B8D1E27C5E544FB243BD3F147B3","4F79AF04C94548F73D9DEEA4A81CC841FF172B8D1E27C5E544FB243BD3F147B3","True"
"projects/06-mutex/course/06_FreeRTOS_Mutex_Semaphore/FreeRTOS/portable/RVDS/ARM7_LPC21xx/portASM.s","EEC6FD2E493EE97E8592C715AEC32C12EF8E5CEC861DEFCCCC6E30AE584FAFD6","EEC6FD2E493EE97E8592C715AEC32C12EF8E5CEC861DEFCCCC6E30AE584FAFD6","True"
"projects/06-mutex/course/06_FreeRTOS_Mutex_Semaphore/FreeRTOS/portable/RVDS/ARM7_LPC21xx/portmacro.h","7B796FC47E27A4AC381510536369605571DB0ECDD36BA9DBDB7AB4C02FC81C92","7B796FC47E27A4AC381510536369605571DB0ECDD36BA9DBDB7AB4C02FC81C92","True"
"projects/06-mutex/course/06_FreeRTOS_Mutex_Semaphore/FreeRTOS/queue.c","5CDF4FA35FE059446EFFFF5BF20DEAF83DDFFB08921BC198FDA106B1D17DD894","5CDF4FA35FE059446EFFFF5BF20DEAF83DDFFB08921BC198FDA106B1D17DD894","True"
"projects/06-mutex/course/06_FreeRTOS_Mutex_Semaphore/FreeRTOS/stream_buffer.c","86D948694C723B814C9606A6C804EA7C1BD30B3DA518D1D6A83B81F972E3A152","86D948694C723B814C9606A6C804EA7C1BD30B3DA518D1D6A83B81F972E3A152","True"
"projects/06-mutex/course/06_FreeRTOS_Mutex_Semaphore/FreeRTOS/tasks.c","14020D617B96DD2814E1211F6E3B645BCF5E2BD3179C23FE7DD16BC666FE9463","14020D617B96DD2814E1211F6E3B645BCF5E2BD3179C23FE7DD16BC666FE9463","True"
"projects/06-mutex/course/06_FreeRTOS_Mutex_Semaphore/FreeRTOS/timers.c","24962EF361F396AAA5E6E33776EEEDDAF2FB251C87B6FE50602ACC56C537B093","24962EF361F396AAA5E6E33776EEEDDAF2FB251C87B6FE50602ACC56C537B093","True"
"projects/06-mutex/course/06_FreeRTOS_Mutex_Semaphore/Hardware/bsp_buzzer.c","DB132610BB9FD25BB3606FEE7C189AD01FB3F68FEF38D105A74C0609C66B5CEE","DB132610BB9FD25BB3606FEE7C189AD01FB3F68FEF38D105A74C0609C66B5CEE","True"
"projects/06-mutex/course/06_FreeRTOS_Mutex_Semaphore/Hardware/bsp_buzzer.h","A849E5A19D17A5DED0E7438846AFA0D5E3636544ABFC356B361024CA882EC6C5","A849E5A19D17A5DED0E7438846AFA0D5E3636544ABFC356B361024CA882EC6C5","True"
"projects/06-mutex/course/06_FreeRTOS_Mutex_Semaphore/Hardware/bsp_buzzer2.c","D4F400CA00C8ACE082181E1D587A2B1CE7CC29C870BCA80C8A920BF78710B2C1","D4F400CA00C8ACE082181E1D587A2B1CE7CC29C870BCA80C8A920BF78710B2C1","True"
"projects/06-mutex/course/06_FreeRTOS_Mutex_Semaphore/Hardware/bsp_buzzer2.h","A849E5A19D17A5DED0E7438846AFA0D5E3636544ABFC356B361024CA882EC6C5","A849E5A19D17A5DED0E7438846AFA0D5E3636544ABFC356B361024CA882EC6C5","True"
"projects/06-mutex/course/06_FreeRTOS_Mutex_Semaphore/Hardware/bsp_keys.c","F9CE7CA7732415114E7154146B0D490E39AAE7E2C05E7344F24461B46FA985EC","F9CE7CA7732415114E7154146B0D490E39AAE7E2C05E7344F24461B46FA985EC","True"
"projects/06-mutex/course/06_FreeRTOS_Mutex_Semaphore/Hardware/bsp_keys.h","F64D5E4FADDC660DB8D181B7C63C92E9D3E84B21940BE4B1B930D9F2088E95CC","F64D5E4FADDC660DB8D181B7C63C92E9D3E84B21940BE4B1B930D9F2088E95CC","True"
"projects/06-mutex/course/06_FreeRTOS_Mutex_Semaphore/Library/EXTI_config.h","3FC4D72800A241220830F878A4A41597CFA7754FF9D907C88BCFE6B5DC2F95A4","3FC4D72800A241220830F878A4A41597CFA7754FF9D907C88BCFE6B5DC2F95A4","True"
"projects/06-mutex/course/06_FreeRTOS_Mutex_Semaphore/Library/EXTI.c","FB93261F829F40640F1A433BC5AAB1BBFA435DE2091BD64B2D1AFF65CDA4F2A6","FB93261F829F40640F1A433BC5AAB1BBFA435DE2091BD64B2D1AFF65CDA4F2A6","True"
"projects/06-mutex/course/06_FreeRTOS_Mutex_Semaphore/Library/EXTI.h","4F9D3299CE5AC87CA0A74350C61AA1E7BB6D6CA2151C36A683A2334CAC926B84","4F9D3299CE5AC87CA0A74350C61AA1E7BB6D6CA2151C36A683A2334CAC926B84","True"
"projects/06-mutex/course/06_FreeRTOS_Mutex_Semaphore/Library/I2C0.c","1902450E399F26AB11BABACB640C9C56389B2188FF852E3E6A58D60E16AF528E","1902450E399F26AB11BABACB640C9C56389B2188FF852E3E6A58D60E16AF528E","True"
"projects/06-mutex/course/06_FreeRTOS_Mutex_Semaphore/Library/I2C0.h","E30F8BA27DF76E3682B8D0325EB2B9DAAF13A20CFF0E1FC59A4625625996AF42","E30F8BA27DF76E3682B8D0325EB2B9DAAF13A20CFF0E1FC59A4625625996AF42","True"
"projects/06-mutex/course/06_FreeRTOS_Mutex_Semaphore/Library/TIMER_config.h","0F71149D9C614C36E340E830A0AD8003015C8C656A3DB89ABA39760C24389263","0F71149D9C614C36E340E830A0AD8003015C8C656A3DB89ABA39760C24389263","True"
"projects/06-mutex/course/06_FreeRTOS_Mutex_Semaphore/Library/TIMER.c","68A9D9BBDB446C51E0C577B7E7969E8F3513AF7E4736C10BC6D579FBF5661435","68A9D9BBDB446C51E0C577B7E7969E8F3513AF7E4736C10BC6D579FBF5661435","True"
"projects/06-mutex/course/06_FreeRTOS_Mutex_Semaphore/Library/TIMER.h","51A72D9863C245195AD3CD40ADDB0D573930D5AB540B30D3D971AD2AF6B2E80E","51A72D9863C245195AD3CD40ADDB0D573930D5AB540B30D3D971AD2AF6B2E80E","True"
"projects/06-mutex/course/06_FreeRTOS_Mutex_Semaphore/Library/USART_config.h","73E72408B41955E419784B2A24B0FBD8AD81A334AA38EB9DB60A7DDAE97AD633","73E72408B41955E419784B2A24B0FBD8AD81A334AA38EB9DB60A7DDAE97AD633","True"
"projects/06-mutex/course/06_FreeRTOS_Mutex_Semaphore/Library/USART0.c","090832CB28525FC58A2B62D32A0CBFABA134C47E9A79E47573855CF78EEB67E9","090832CB28525FC58A2B62D32A0CBFABA134C47E9A79E47573855CF78EEB67E9","True"
"projects/06-mutex/course/06_FreeRTOS_Mutex_Semaphore/Library/USART0.h","6016FD90E22446BB90BE0996EA5EE6493AB9CDF6E7F71024ED583F05C4860399","6016FD90E22446BB90BE0996EA5EE6493AB9CDF6E7F71024ED583F05C4860399","True"
"projects/06-mutex/course/06_FreeRTOS_Mutex_Semaphore/Project/GD32F407.uvprojx","DFA735BB80FB328EACB866BAD99B5B65EAB8BB5B336B19E663010896F5E83D17","DFA735BB80FB328EACB866BAD99B5B65EAB8BB5B336B19E663010896F5E83D17","True"
"projects/06-mutex/course/06_FreeRTOS_Mutex_Semaphore/Project/Target 1_alog.txt","3E5B4AC47C391E8AAE282CCC5277CA6AA9E32D9446760D3916A740F99193D2A0","3E5B4AC47C391E8AAE282CCC5277CA6AA9E32D9446760D3916A740F99193D2A0","True"
"projects/06-mutex/course/06_FreeRTOS_Mutex_Semaphore/Project/Target 1_analysis.xlsx","D684170681FCEBFD7637C9F9D6B8FD997FB2488484E1E6F97C256CA1389874BD","D684170681FCEBFD7637C9F9D6B8FD997FB2488484E1E6F97C256CA1389874BD","True"
"projects/06-mutex/course/06_FreeRTOS_Mutex_Semaphore/Project/Target 1_sort_by_flash.csv","B44FDA7D7BA0F9D8F6E0CA80B335DC99D8E9EE572759280D49B29298CE3017E4","B44FDA7D7BA0F9D8F6E0CA80B335DC99D8E9EE572759280D49B29298CE3017E4","True"
"projects/06-mutex/course/06_FreeRTOS_Mutex_Semaphore/Project/Target 1_sort_by_ram.csv","D2407DA8D0CA0EF1724500321B279711D6A278397C62C9E2EAC9F08A1858A383","D2407DA8D0CA0EF1724500321B279711D6A278397C62C9E2EAC9F08A1858A383","True"
"projects/06-mutex/course/06_FreeRTOS_Mutex_Semaphore/README.md","E3B0C44298FC1C149AFBF4C8996FB92427AE41E4649B934CA495991B7852B855","E3B0C44298FC1C149AFBF4C8996FB92427AE41E4649B934CA495991B7852B855","True"
"projects/06-mutex/course/06_FreeRTOS_Mutex_Semaphore/User/gd32f4xx_it.c","4AF8D0E30992B84018E763B4465FAF58DB22B108F3E64F997CE229AE1243FBFC","4AF8D0E30992B84018E763B4465FAF58DB22B108F3E64F997CE229AE1243FBFC","True"
"projects/06-mutex/course/06_FreeRTOS_Mutex_Semaphore/User/gd32f4xx_it.h","B4995762AE5CEB7125CC9720CEA7E2BAD8640C23B87ED1856D9B8A380A5FC8C3","B4995762AE5CEB7125CC9720CEA7E2BAD8640C23B87ED1856D9B8A380A5FC8C3","True"
"projects/06-mutex/course/06_FreeRTOS_Mutex_Semaphore/User/gd32f4xx_libopt.h","702C6D85987BCDDDD363A8412C5806255F6C746065DA984EB21896C5DDD6BF09","702C6D85987BCDDDD363A8412C5806255F6C746065DA984EB21896C5DDD6BF09","True"
"projects/06-mutex/course/06_FreeRTOS_Mutex_Semaphore/User/main.c","BFA09AE82D727BD41968F6A350D19127B45B579091A20BC7DB800F3E76D0A1D4","BFA09AE82D727BD41968F6A350D19127B45B579091A20BC7DB800F3E76D0A1D4","True"
"projects/06-mutex/course/06_FreeRTOS_Mutex_Semaphore/User/main.h","32C273B119ABF22DA51E2782C09853A1545B1DF1364A13EFFA2B465379E1A53C","32C273B119ABF22DA51E2782C09853A1545B1DF1364A13EFFA2B465379E1A53C","True"
"projects/06-mutex/course/06_FreeRTOS_Mutex_Semaphore/User/readme.txt","A45BD1E14D470B46BE2D57C9D35147E41204556CC4BB4E25EA3C7B6B424A0B7C","A45BD1E14D470B46BE2D57C9D35147E41204556CC4BB4E25EA3C7B6B424A0B7C","True"
"projects/06-mutex/course/06_FreeRTOS_Mutex_Semaphore/User/systick.c","8D524363D38E222D3E8A2281F06972493AE62F379A138637B65419C59E06CBD2","8D524363D38E222D3E8A2281F06972493AE62F379A138637B65419C59E06CBD2","True"
"projects/06-mutex/course/06_FreeRTOS_Mutex_Semaphore/User/systick.h","E74F1981340E6162CCE52F39F73009B1570EFB7F024410652F494E77997DA025","E74F1981340E6162CCE52F39F73009B1570EFB7F024410652F494E77997DA025","True"
"projects/06-mutex/course/07_FreeRTOS_RecursiveMutex_Semaphore/Doc/readme.txt","E3B0C44298FC1C149AFBF4C8996FB92427AE41E4649B934CA495991B7852B855","E3B0C44298FC1C149AFBF4C8996FB92427AE41E4649B934CA495991B7852B855","True"
"projects/06-mutex/course/07_FreeRTOS_RecursiveMutex_Semaphore/Firmware/CMSIS/core_cm4_simd.h","0C2A0C2D66C7791B82CA19D10336C96518830EF359F6BFD9DA7477BC2CBCCBBB","0C2A0C2D66C7791B82CA19D10336C96518830EF359F6BFD9DA7477BC2CBCCBBB","True"
"projects/06-mutex/course/07_FreeRTOS_RecursiveMutex_Semaphore/Firmware/CMSIS/core_cm4.h","4756546E1449D17B1A7DEE2F3307F2C92C9F1D669C3F5DFC3EE1DEC8AEE9A8F7","4756546E1449D17B1A7DEE2F3307F2C92C9F1D669C3F5DFC3EE1DEC8AEE9A8F7","True"
"projects/06-mutex/course/07_FreeRTOS_RecursiveMutex_Semaphore/Firmware/CMSIS/core_cmFunc.h","5075FF67C8E264B83D9B391C07C6512E26ABBC189E321DE0D8B4375476980E5E","5075FF67C8E264B83D9B391C07C6512E26ABBC189E321DE0D8B4375476980E5E","True"
"projects/06-mutex/course/07_FreeRTOS_RecursiveMutex_Semaphore/Firmware/CMSIS/core_cmInstr.h","C35DDCA16CA04646DC70ACF2D592AD9EAEAAECD8125A32ABB710069648266EB5","C35DDCA16CA04646DC70ACF2D592AD9EAEAAECD8125A32ABB710069648266EB5","True"
"projects/06-mutex/course/07_FreeRTOS_RecursiveMutex_Semaphore/Firmware/CMSIS/GD/GD32F4xx/Include/gd32f4xx.h","96F1F6884C9885D32DF760A385CA0B5E8E9B20C066F71B946771A00503623A62","96F1F6884C9885D32DF760A385CA0B5E8E9B20C066F71B946771A00503623A62","True"
"projects/06-mutex/course/07_FreeRTOS_RecursiveMutex_Semaphore/Firmware/CMSIS/GD/GD32F4xx/Include/system_gd32f4xx.h","98EF2DD6DD7F6D2542C4D5CA83E9869BE3630B43300CB9AB453703E4277913BD","98EF2DD6DD7F6D2542C4D5CA83E9869BE3630B43300CB9AB453703E4277913BD","True"
"projects/06-mutex/course/07_FreeRTOS_RecursiveMutex_Semaphore/Firmware/CMSIS/GD/GD32F4xx/Source/ARM/startup_gd32f405_425.s","AEF6290F6950C0B7FB922FD12B91B3FC34ADA707A6846AA5D7A1277FDD50FBD9","AEF6290F6950C0B7FB922FD12B91B3FC34ADA707A6846AA5D7A1277FDD50FBD9","True"
"projects/06-mutex/course/07_FreeRTOS_RecursiveMutex_Semaphore/Firmware/CMSIS/GD/GD32F4xx/Source/ARM/startup_gd32f407_427.s","65127CC1FFC7BB0C6E3AB3E1EF32C8F935D09EF4A83AC4914E089D40C39B8B5B","65127CC1FFC7BB0C6E3AB3E1EF32C8F935D09EF4A83AC4914E089D40C39B8B5B","True"
"projects/06-mutex/course/07_FreeRTOS_RecursiveMutex_Semaphore/Firmware/CMSIS/GD/GD32F4xx/Source/ARM/startup_gd32f450_470.s","A4E9852BA47AAD025DE9645D067FAB33DDA87B8E82DEA6D77B3364F902345299","A4E9852BA47AAD025DE9645D067FAB33DDA87B8E82DEA6D77B3364F902345299","True"
"projects/06-mutex/course/07_FreeRTOS_RecursiveMutex_Semaphore/Firmware/CMSIS/GD/GD32F4xx/Source/IAR/startup_gd32f405_425.s","70E76C6AD0182A5682773261E308008BC1102C09839605A0E058851173026836","70E76C6AD0182A5682773261E308008BC1102C09839605A0E058851173026836","True"
"projects/06-mutex/course/07_FreeRTOS_RecursiveMutex_Semaphore/Firmware/CMSIS/GD/GD32F4xx/Source/IAR/startup_gd32f407_427.s","550D6CA54DE7F8FCB2791AAF9141666BA15978C55017FA6798BF0CA80A2864C6","550D6CA54DE7F8FCB2791AAF9141666BA15978C55017FA6798BF0CA80A2864C6","True"
"projects/06-mutex/course/07_FreeRTOS_RecursiveMutex_Semaphore/Firmware/CMSIS/GD/GD32F4xx/Source/IAR/startup_gd32f450_470.s","EE6654F1D551C6937D014FE943342B0395A32076E5AC8DD688C600EACB9BD343","EE6654F1D551C6937D014FE943342B0395A32076E5AC8DD688C600EACB9BD343","True"
"projects/06-mutex/course/07_FreeRTOS_RecursiveMutex_Semaphore/Firmware/CMSIS/GD/GD32F4xx/Source/system_gd32f4xx.c","8F66A123756716CF74297A7B54EEC616F230CBBC37DFB60F21BF05D1BC070836","8F66A123756716CF74297A7B54EEC616F230CBBC37DFB60F21BF05D1BC070836","True"
"projects/06-mutex/course/07_FreeRTOS_RecursiveMutex_Semaphore/Firmware/GD32F4xx_standard_peripheral/Include/gd32f4xx_adc.h","D6B41E007F1EE95E5FA1B495F94924F7E6166439FBF3E9234A26B5FA6C32F1DE","D6B41E007F1EE95E5FA1B495F94924F7E6166439FBF3E9234A26B5FA6C32F1DE","True"
"projects/06-mutex/course/07_FreeRTOS_RecursiveMutex_Semaphore/Firmware/GD32F4xx_standard_peripheral/Include/gd32f4xx_can.h","62A96066D7B8A1CEF45AB4092FCE5058B962050EB1C9E4B3585F0E19B9F30578","62A96066D7B8A1CEF45AB4092FCE5058B962050EB1C9E4B3585F0E19B9F30578","True"
"projects/06-mutex/course/07_FreeRTOS_RecursiveMutex_Semaphore/Firmware/GD32F4xx_standard_peripheral/Include/gd32f4xx_crc.h","4870F145AEEC968F3A7A0A5068105591E1ADEB9A37A5E47FDCC9D27D7D3AFBD6","4870F145AEEC968F3A7A0A5068105591E1ADEB9A37A5E47FDCC9D27D7D3AFBD6","True"
"projects/06-mutex/course/07_FreeRTOS_RecursiveMutex_Semaphore/Firmware/GD32F4xx_standard_peripheral/Include/gd32f4xx_ctc.h","900AB7D5F9C585834166A58966C8D523FF91D410066D00BBED3E6522C25782D7","900AB7D5F9C585834166A58966C8D523FF91D410066D00BBED3E6522C25782D7","True"
"projects/06-mutex/course/07_FreeRTOS_RecursiveMutex_Semaphore/Firmware/GD32F4xx_standard_peripheral/Include/gd32f4xx_dac.h","86057CC0C52A32F955A12F47ABA1E4997AC2DABA13B10A686D8777579F638AFB","86057CC0C52A32F955A12F47ABA1E4997AC2DABA13B10A686D8777579F638AFB","True"
"projects/06-mutex/course/07_FreeRTOS_RecursiveMutex_Semaphore/Firmware/GD32F4xx_standard_peripheral/Include/gd32f4xx_dbg.h","21A089B5880F1D101116BD37EAAC7A085A103901A40900E75941130D901B150E","21A089B5880F1D101116BD37EAAC7A085A103901A40900E75941130D901B150E","True"
"projects/06-mutex/course/07_FreeRTOS_RecursiveMutex_Semaphore/Firmware/GD32F4xx_standard_peripheral/Include/gd32f4xx_dci.h","787F449F0B2EBA5BBCC92B0D50899FA668CEA6ED9CCAB3960EBA0B2253CC7748","787F449F0B2EBA5BBCC92B0D50899FA668CEA6ED9CCAB3960EBA0B2253CC7748","True"
"projects/06-mutex/course/07_FreeRTOS_RecursiveMutex_Semaphore/Firmware/GD32F4xx_standard_peripheral/Include/gd32f4xx_dma.h","F358957EBF98C4C449480A088E349CDAC2716394C24FA4111DE08B06FCDC5094","F358957EBF98C4C449480A088E349CDAC2716394C24FA4111DE08B06FCDC5094","True"
"projects/06-mutex/course/07_FreeRTOS_RecursiveMutex_Semaphore/Firmware/GD32F4xx_standard_peripheral/Include/gd32f4xx_enet.h","2BDBC2BE9B0E3BA398DEEAB38021442A2CFEEDFF21FC353CF3B16C717A2CDF9B","2BDBC2BE9B0E3BA398DEEAB38021442A2CFEEDFF21FC353CF3B16C717A2CDF9B","True"
"projects/06-mutex/course/07_FreeRTOS_RecursiveMutex_Semaphore/Firmware/GD32F4xx_standard_peripheral/Include/gd32f4xx_exmc.h","68482B678DD868085A6BE6317EEC18873D43F895936E503487E843E561A0D55E","68482B678DD868085A6BE6317EEC18873D43F895936E503487E843E561A0D55E","True"
"projects/06-mutex/course/07_FreeRTOS_RecursiveMutex_Semaphore/Firmware/GD32F4xx_standard_peripheral/Include/gd32f4xx_exti.h","705948F029F63A5995D9849A60E417D6210ECE34C8E942C76A2D4E7A2B927426","705948F029F63A5995D9849A60E417D6210ECE34C8E942C76A2D4E7A2B927426","True"
"projects/06-mutex/course/07_FreeRTOS_RecursiveMutex_Semaphore/Firmware/GD32F4xx_standard_peripheral/Include/gd32f4xx_fmc.h","5A5D9F0B1CE1E7486206130F80048F81A6D3E9E6337BF0A4C69D4A1D5EDC9F7E","5A5D9F0B1CE1E7486206130F80048F81A6D3E9E6337BF0A4C69D4A1D5EDC9F7E","True"
"projects/06-mutex/course/07_FreeRTOS_RecursiveMutex_Semaphore/Firmware/GD32F4xx_standard_peripheral/Include/gd32f4xx_fwdgt.h","04CB4EE0D6526910CF9CA8BEFC437FC6DF3FDFE09FB0BC418AB7EA5C19611A50","04CB4EE0D6526910CF9CA8BEFC437FC6DF3FDFE09FB0BC418AB7EA5C19611A50","True"
"projects/06-mutex/course/07_FreeRTOS_RecursiveMutex_Semaphore/Firmware/GD32F4xx_standard_peripheral/Include/gd32f4xx_gpio.h","A20501A28644BF45B8E3C4AB2A7237466805C1480B06E7D6C8585296D7F08787","A20501A28644BF45B8E3C4AB2A7237466805C1480B06E7D6C8585296D7F08787","True"
"projects/06-mutex/course/07_FreeRTOS_RecursiveMutex_Semaphore/Firmware/GD32F4xx_standard_peripheral/Include/gd32f4xx_i2c.h","6CF4053E2452263CDFCB98DA0832CE1F2F1B0380C1BEA5D4284C1DF0D5CBBB05","6CF4053E2452263CDFCB98DA0832CE1F2F1B0380C1BEA5D4284C1DF0D5CBBB05","True"
"projects/06-mutex/course/07_FreeRTOS_RecursiveMutex_Semaphore/Firmware/GD32F4xx_standard_peripheral/Include/gd32f4xx_ipa.h","1AD22068402E09BAE4117E637ED972FCD7452751CCBE01C7829AEA7DF45AE8AE","1AD22068402E09BAE4117E637ED972FCD7452751CCBE01C7829AEA7DF45AE8AE","True"
"projects/06-mutex/course/07_FreeRTOS_RecursiveMutex_Semaphore/Firmware/GD32F4xx_standard_peripheral/Include/gd32f4xx_iref.h","D9D1E67FD4473F44B2F7E22BB78C3DFA9B5109D083AF1B0FDC63EC657B241C4A","D9D1E67FD4473F44B2F7E22BB78C3DFA9B5109D083AF1B0FDC63EC657B241C4A","True"
"projects/06-mutex/course/07_FreeRTOS_RecursiveMutex_Semaphore/Firmware/GD32F4xx_standard_peripheral/Include/gd32f4xx_misc.h","0A918F830F0200C0E806DFB50594259783E69D8ADBC27708705567F7193D35FB","0A918F830F0200C0E806DFB50594259783E69D8ADBC27708705567F7193D35FB","True"
"projects/06-mutex/course/07_FreeRTOS_RecursiveMutex_Semaphore/Firmware/GD32F4xx_standard_peripheral/Include/gd32f4xx_pmu.h","B9A72B6E42083EFD170C0C5FBE579C5D6417F9BBF674DB36041BE96FCBD84636","B9A72B6E42083EFD170C0C5FBE579C5D6417F9BBF674DB36041BE96FCBD84636","True"
"projects/06-mutex/course/07_FreeRTOS_RecursiveMutex_Semaphore/Firmware/GD32F4xx_standard_peripheral/Include/gd32f4xx_rcu.h","AC2B2AE653EDC89E674EDA24E1CFE8B511B73984AE0CABED3DF60BA61F8EEF08","AC2B2AE653EDC89E674EDA24E1CFE8B511B73984AE0CABED3DF60BA61F8EEF08","True"
"projects/06-mutex/course/07_FreeRTOS_RecursiveMutex_Semaphore/Firmware/GD32F4xx_standard_peripheral/Include/gd32f4xx_rtc.h","1798B1B495683096D4491CF0F854957D2AD60612F65A801ED0E7A4BEE49FA549","1798B1B495683096D4491CF0F854957D2AD60612F65A801ED0E7A4BEE49FA549","True"
"projects/06-mutex/course/07_FreeRTOS_RecursiveMutex_Semaphore/Firmware/GD32F4xx_standard_peripheral/Include/gd32f4xx_sdio.h","8D6813EFC565E3085611D767EA4E670E0C76A256C6F17FC93F313BCB11D0385A","8D6813EFC565E3085611D767EA4E670E0C76A256C6F17FC93F313BCB11D0385A","True"
"projects/06-mutex/course/07_FreeRTOS_RecursiveMutex_Semaphore/Firmware/GD32F4xx_standard_peripheral/Include/gd32f4xx_spi.h","4C6360C8FE58D4A38E4870BCBA17630857551D3EC7B4BD3DDEB5085C31240B1C","4C6360C8FE58D4A38E4870BCBA17630857551D3EC7B4BD3DDEB5085C31240B1C","True"
"projects/06-mutex/course/07_FreeRTOS_RecursiveMutex_Semaphore/Firmware/GD32F4xx_standard_peripheral/Include/gd32f4xx_syscfg.h","5060FEF0A07A3FC1396A31F09F95FE1D134F8A1FB1581E3DD98BB6078108C447","5060FEF0A07A3FC1396A31F09F95FE1D134F8A1FB1581E3DD98BB6078108C447","True"
"projects/06-mutex/course/07_FreeRTOS_RecursiveMutex_Semaphore/Firmware/GD32F4xx_standard_peripheral/Include/gd32f4xx_timer.h","7A79F81F1D862A1B49F23BFE05B1AC751A71E761B6E63C2DFFABE6C7BC69AC49","7A79F81F1D862A1B49F23BFE05B1AC751A71E761B6E63C2DFFABE6C7BC69AC49","True"
"projects/06-mutex/course/07_FreeRTOS_RecursiveMutex_Semaphore/Firmware/GD32F4xx_standard_peripheral/Include/gd32f4xx_tli.h","1B94EA157AC8CE2FED962B0C4FF95B6702C6194300AA51B04C3AAFE493768D2A","1B94EA157AC8CE2FED962B0C4FF95B6702C6194300AA51B04C3AAFE493768D2A","True"
"projects/06-mutex/course/07_FreeRTOS_RecursiveMutex_Semaphore/Firmware/GD32F4xx_standard_peripheral/Include/gd32f4xx_trng.h","91E2BB5AFFEFA65F90927FAD795FAA0F4204516284ECA38E461506F0CD9CA924","91E2BB5AFFEFA65F90927FAD795FAA0F4204516284ECA38E461506F0CD9CA924","True"
"projects/06-mutex/course/07_FreeRTOS_RecursiveMutex_Semaphore/Firmware/GD32F4xx_standard_peripheral/Include/gd32f4xx_usart.h","6CF40E957A1216C99E3663D667DE1944C42272897011834BF20ADCD97E791074","6CF40E957A1216C99E3663D667DE1944C42272897011834BF20ADCD97E791074","True"
"projects/06-mutex/course/07_FreeRTOS_RecursiveMutex_Semaphore/Firmware/GD32F4xx_standard_peripheral/Include/gd32f4xx_wwdgt.h","01EECFC98B4507AEB8F0AFBE7D994EA0A617A79E5D4EB2D1D4A85979BA014EFE","01EECFC98B4507AEB8F0AFBE7D994EA0A617A79E5D4EB2D1D4A85979BA014EFE","True"
"projects/06-mutex/course/07_FreeRTOS_RecursiveMutex_Semaphore/Firmware/GD32F4xx_standard_peripheral/Source/gd32f4xx_adc.c","8A5C91EC7A397B53EFD086646674D273ECE00F36C9610AB50715FE1521BA4112","8A5C91EC7A397B53EFD086646674D273ECE00F36C9610AB50715FE1521BA4112","True"
"projects/06-mutex/course/07_FreeRTOS_RecursiveMutex_Semaphore/Firmware/GD32F4xx_standard_peripheral/Source/gd32f4xx_can.c","CE0E343B00856972EABACCC1F4D88C051796A8D1E30C4596312FC29A533DB8BA","CE0E343B00856972EABACCC1F4D88C051796A8D1E30C4596312FC29A533DB8BA","True"
"projects/06-mutex/course/07_FreeRTOS_RecursiveMutex_Semaphore/Firmware/GD32F4xx_standard_peripheral/Source/gd32f4xx_crc.c","C14034159E72E082AA70E2A8CBA60FFCF950B63D75AE467706632F32EC00F315","C14034159E72E082AA70E2A8CBA60FFCF950B63D75AE467706632F32EC00F315","True"
"projects/06-mutex/course/07_FreeRTOS_RecursiveMutex_Semaphore/Firmware/GD32F4xx_standard_peripheral/Source/gd32f4xx_ctc.c","07F4A6385C6FFB2E18ECF95DAAE6A431FB91262FA988835A249A64F4002280A1","07F4A6385C6FFB2E18ECF95DAAE6A431FB91262FA988835A249A64F4002280A1","True"
"projects/06-mutex/course/07_FreeRTOS_RecursiveMutex_Semaphore/Firmware/GD32F4xx_standard_peripheral/Source/gd32f4xx_dac.c","ACE5C99F1E2774D955CA4E4D5D6E81B2D831F718098487EA3E8C2C34C960E160","ACE5C99F1E2774D955CA4E4D5D6E81B2D831F718098487EA3E8C2C34C960E160","True"
"projects/06-mutex/course/07_FreeRTOS_RecursiveMutex_Semaphore/Firmware/GD32F4xx_standard_peripheral/Source/gd32f4xx_dbg.c","6EEC659FD6B5C549226BAE8E9C9C78785B064D557434189BB221287D550FE291","6EEC659FD6B5C549226BAE8E9C9C78785B064D557434189BB221287D550FE291","True"
"projects/06-mutex/course/07_FreeRTOS_RecursiveMutex_Semaphore/Firmware/GD32F4xx_standard_peripheral/Source/gd32f4xx_dci.c","B99613D9A21A02DD39117F30B9A488B859209AB3489DCFDE7361D147CDF76516","B99613D9A21A02DD39117F30B9A488B859209AB3489DCFDE7361D147CDF76516","True"
"projects/06-mutex/course/07_FreeRTOS_RecursiveMutex_Semaphore/Firmware/GD32F4xx_standard_peripheral/Source/gd32f4xx_dma.c","2D943A169ABABCC22CBC6C41665F5CE375C30B63005954E1D34BB3218CB63FAF","2D943A169ABABCC22CBC6C41665F5CE375C30B63005954E1D34BB3218CB63FAF","True"
"projects/06-mutex/course/07_FreeRTOS_RecursiveMutex_Semaphore/Firmware/GD32F4xx_standard_peripheral/Source/gd32f4xx_enet.c","3051E8737C463D23D07B9C9AD937BC7C488BB573738B2313982870DAA670E87E","3051E8737C463D23D07B9C9AD937BC7C488BB573738B2313982870DAA670E87E","True"
"projects/06-mutex/course/07_FreeRTOS_RecursiveMutex_Semaphore/Firmware/GD32F4xx_standard_peripheral/Source/gd32f4xx_exmc.c","E4A79B377C89D9EB8BD5BE101E273AD5EFBA0C2A24FB4621AB7BC124BEEEAEBF","E4A79B377C89D9EB8BD5BE101E273AD5EFBA0C2A24FB4621AB7BC124BEEEAEBF","True"
"projects/06-mutex/course/07_FreeRTOS_RecursiveMutex_Semaphore/Firmware/GD32F4xx_standard_peripheral/Source/gd32f4xx_exti.c","FCE4A7ECA93486D71A9E5758642F2282AE7F8805DBB559312837A0B17577FE58","FCE4A7ECA93486D71A9E5758642F2282AE7F8805DBB559312837A0B17577FE58","True"
"projects/06-mutex/course/07_FreeRTOS_RecursiveMutex_Semaphore/Firmware/GD32F4xx_standard_peripheral/Source/gd32f4xx_fmc.c","15408829D2405432FC8ED73D5D8C6BBB1E6C74540F1B817983BABD62E22CAB16","15408829D2405432FC8ED73D5D8C6BBB1E6C74540F1B817983BABD62E22CAB16","True"
"projects/06-mutex/course/07_FreeRTOS_RecursiveMutex_Semaphore/Firmware/GD32F4xx_standard_peripheral/Source/gd32f4xx_fwdgt.c","05B67D15069CED6F0472E4115ECD16064402E0D6220561499000025A8CD189B7","05B67D15069CED6F0472E4115ECD16064402E0D6220561499000025A8CD189B7","True"
"projects/06-mutex/course/07_FreeRTOS_RecursiveMutex_Semaphore/Firmware/GD32F4xx_standard_peripheral/Source/gd32f4xx_gpio.c","262BEFE864D5DA3BADA64D0B3DAB29E5C2747E46B154EDE8BCAB0B788DB614E0","262BEFE864D5DA3BADA64D0B3DAB29E5C2747E46B154EDE8BCAB0B788DB614E0","True"
"projects/06-mutex/course/07_FreeRTOS_RecursiveMutex_Semaphore/Firmware/GD32F4xx_standard_peripheral/Source/gd32f4xx_i2c.c","8EDFAF1A8F0BF2833923D0072FE1B9D0467382B3EC1D243E918D0DE9711CCCD2","8EDFAF1A8F0BF2833923D0072FE1B9D0467382B3EC1D243E918D0DE9711CCCD2","True"
"projects/06-mutex/course/07_FreeRTOS_RecursiveMutex_Semaphore/Firmware/GD32F4xx_standard_peripheral/Source/gd32f4xx_ipa.c","38A8350304763C1C83B4D2341F6782B090CA09ABE541AC360089B5CB454BCF57","38A8350304763C1C83B4D2341F6782B090CA09ABE541AC360089B5CB454BCF57","True"
"projects/06-mutex/course/07_FreeRTOS_RecursiveMutex_Semaphore/Firmware/GD32F4xx_standard_peripheral/Source/gd32f4xx_iref.c","24F2FCFCD20882FD3E65773A281A827BF5391A0A8054324EEF7C98BB3F2B9B80","24F2FCFCD20882FD3E65773A281A827BF5391A0A8054324EEF7C98BB3F2B9B80","True"
"projects/06-mutex/course/07_FreeRTOS_RecursiveMutex_Semaphore/Firmware/GD32F4xx_standard_peripheral/Source/gd32f4xx_misc.c","1CD262F295155428C25DEDC69BFBAB99F7A99DE09E0B602ECA1F2C6017CFE2DA","1CD262F295155428C25DEDC69BFBAB99F7A99DE09E0B602ECA1F2C6017CFE2DA","True"
"projects/06-mutex/course/07_FreeRTOS_RecursiveMutex_Semaphore/Firmware/GD32F4xx_standard_peripheral/Source/gd32f4xx_pmu.c","DAFA94838A55132E3313234C5AC2BE6172116DC26574347363D554EFFB186D79","DAFA94838A55132E3313234C5AC2BE6172116DC26574347363D554EFFB186D79","True"
"projects/06-mutex/course/07_FreeRTOS_RecursiveMutex_Semaphore/Firmware/GD32F4xx_standard_peripheral/Source/gd32f4xx_rcu.c","6C1030EB58EC7CB9C41E2A1FF31DDEF87F70DD083222327978234004C4E95B98","6C1030EB58EC7CB9C41E2A1FF31DDEF87F70DD083222327978234004C4E95B98","True"
"projects/06-mutex/course/07_FreeRTOS_RecursiveMutex_Semaphore/Firmware/GD32F4xx_standard_peripheral/Source/gd32f4xx_rtc.c","EEA5BCB92C88A7BAB9F3740F8E9408236412A546B03A5467F21B0F94A01183E7","EEA5BCB92C88A7BAB9F3740F8E9408236412A546B03A5467F21B0F94A01183E7","True"
"projects/06-mutex/course/07_FreeRTOS_RecursiveMutex_Semaphore/Firmware/GD32F4xx_standard_peripheral/Source/gd32f4xx_sdio.c","9D8F3E488C74C44A30C4D0BBB9CD8D86555D898CA9C36F259CE57609959B9854","9D8F3E488C74C44A30C4D0BBB9CD8D86555D898CA9C36F259CE57609959B9854","True"
"projects/06-mutex/course/07_FreeRTOS_RecursiveMutex_Semaphore/Firmware/GD32F4xx_standard_peripheral/Source/gd32f4xx_spi.c","CE06438E9AD5882A0FCA88DFE658DD925ED3320BA574C2797E2F93ACF6142459","CE06438E9AD5882A0FCA88DFE658DD925ED3320BA574C2797E2F93ACF6142459","True"
"projects/06-mutex/course/07_FreeRTOS_RecursiveMutex_Semaphore/Firmware/GD32F4xx_standard_peripheral/Source/gd32f4xx_syscfg.c","51A7A5E70F3064424CC6E2F6A06942B47ADAAC8C36A6612EE08B1643557B3CA3","51A7A5E70F3064424CC6E2F6A06942B47ADAAC8C36A6612EE08B1643557B3CA3","True"
"projects/06-mutex/course/07_FreeRTOS_RecursiveMutex_Semaphore/Firmware/GD32F4xx_standard_peripheral/Source/gd32f4xx_timer.c","3961465CF6BA39554E34C02183C50676A4AB9B3991A6AAD32D271754B2506B14","3961465CF6BA39554E34C02183C50676A4AB9B3991A6AAD32D271754B2506B14","True"
"projects/06-mutex/course/07_FreeRTOS_RecursiveMutex_Semaphore/Firmware/GD32F4xx_standard_peripheral/Source/gd32f4xx_tli.c","881A02E692AFD4A0B6848A929B0B8C79148911AD7543CF611287C45E82372541","881A02E692AFD4A0B6848A929B0B8C79148911AD7543CF611287C45E82372541","True"
"projects/06-mutex/course/07_FreeRTOS_RecursiveMutex_Semaphore/Firmware/GD32F4xx_standard_peripheral/Source/gd32f4xx_trng.c","BA9093D046A01C997AA54D2DE9F663E8AF32FB9E53C950CFC640F1033FCD6C53","BA9093D046A01C997AA54D2DE9F663E8AF32FB9E53C950CFC640F1033FCD6C53","True"
"projects/06-mutex/course/07_FreeRTOS_RecursiveMutex_Semaphore/Firmware/GD32F4xx_standard_peripheral/Source/gd32f4xx_usart.c","F67FA54D9C9537317BE92D95FD880A394D9ABE98DF708E5AA821FBFA392AE9B0","F67FA54D9C9537317BE92D95FD880A394D9ABE98DF708E5AA821FBFA392AE9B0","True"
"projects/06-mutex/course/07_FreeRTOS_RecursiveMutex_Semaphore/Firmware/GD32F4xx_standard_peripheral/Source/gd32f4xx_wwdgt.c","0ED39DE6F0101E10DDCB476E6EF21C44D2282D4F689D0D0D70F9E04940E6F0FE","0ED39DE6F0101E10DDCB476E6EF21C44D2282D4F689D0D0D70F9E04940E6F0FE","True"
"projects/06-mutex/course/07_FreeRTOS_RecursiveMutex_Semaphore/Firmware/GD32F4xx_usb_library/device/class/audio/Include/audio_core.h","D4550583AD93FB3EED7D288FB84CA5E1B57269E088FB073E541A666B636FEC00","D4550583AD93FB3EED7D288FB84CA5E1B57269E088FB073E541A666B636FEC00","True"
"projects/06-mutex/course/07_FreeRTOS_RecursiveMutex_Semaphore/Firmware/GD32F4xx_usb_library/device/class/audio/Include/audio_out_itf.h","77FB54DEA6431AF26C1DE2B1CCFB8186FAC92519D817556FE6B31FDE7947310B","77FB54DEA6431AF26C1DE2B1CCFB8186FAC92519D817556FE6B31FDE7947310B","True"
"projects/06-mutex/course/07_FreeRTOS_RecursiveMutex_Semaphore/Firmware/GD32F4xx_usb_library/device/class/audio/Source/audio_core.c","E134ABAB42ADA7E2D9C6BAD56032F4358FBD37B82E3861496BFE8DC7B4263D32","E134ABAB42ADA7E2D9C6BAD56032F4358FBD37B82E3861496BFE8DC7B4263D32","True"
"projects/06-mutex/course/07_FreeRTOS_RecursiveMutex_Semaphore/Firmware/GD32F4xx_usb_library/device/class/audio/Source/audio_out_itf.c","33F0490E4B3CE2315D51257BB877A233BA7293BF83F1272113382989476B887B","33F0490E4B3CE2315D51257BB877A233BA7293BF83F1272113382989476B887B","True"
"projects/06-mutex/course/07_FreeRTOS_RecursiveMutex_Semaphore/Firmware/GD32F4xx_usb_library/device/class/cdc/Include/cdc_acm_core.h","58A53B46A222A4CA1B4F35901A48555A22FF6C8EF95DCB23E651A64512A0B8EC","58A53B46A222A4CA1B4F35901A48555A22FF6C8EF95DCB23E651A64512A0B8EC","True"
"projects/06-mutex/course/07_FreeRTOS_RecursiveMutex_Semaphore/Firmware/GD32F4xx_usb_library/device/class/cdc/Source/cdc_acm_core.c","92F6D272CB501A2E0E8020A5C7C3FDBF3F6267044A5F00C248A53BDC23867E71","92F6D272CB501A2E0E8020A5C7C3FDBF3F6267044A5F00C248A53BDC23867E71","True"
"projects/06-mutex/course/07_FreeRTOS_RecursiveMutex_Semaphore/Firmware/GD32F4xx_usb_library/device/class/dfu/Include/dfu_core.h","B074E46C11DFC3D6F057E7C91263A7894A8598F5AD27062A8F0C737739F0AC4B","B074E46C11DFC3D6F057E7C91263A7894A8598F5AD27062A8F0C737739F0AC4B","True"
"projects/06-mutex/course/07_FreeRTOS_RecursiveMutex_Semaphore/Firmware/GD32F4xx_usb_library/device/class/dfu/Include/dfu_mem.h","EE0FA900E1595041DB2524E57A7684A911AFEC27BD737544CB8ACC1A419B54F3","EE0FA900E1595041DB2524E57A7684A911AFEC27BD737544CB8ACC1A419B54F3","True"
"projects/06-mutex/course/07_FreeRTOS_RecursiveMutex_Semaphore/Firmware/GD32F4xx_usb_library/device/class/dfu/Source/dfu_core.c","EE0B61F48E523F816E1977AB5667701D4A30C9D7994809DAEC56A6C22B6B23F2","EE0B61F48E523F816E1977AB5667701D4A30C9D7994809DAEC56A6C22B6B23F2","True"
"projects/06-mutex/course/07_FreeRTOS_RecursiveMutex_Semaphore/Firmware/GD32F4xx_usb_library/device/class/dfu/Source/dfu_mem.c","1740852FD0411642AAD47BF10951D51DE5338CA02239C634C4A28211CC0B6BD5","1740852FD0411642AAD47BF10951D51DE5338CA02239C634C4A28211CC0B6BD5","True"
"projects/06-mutex/course/07_FreeRTOS_RecursiveMutex_Semaphore/Firmware/GD32F4xx_usb_library/device/class/hid/Include/custom_hid_core.h","3D8630539B539B75241B088BA5CB2BD6A6377EBE6A0C026E14E4D9F618149F3C","3D8630539B539B75241B088BA5CB2BD6A6377EBE6A0C026E14E4D9F618149F3C","True"
"projects/06-mutex/course/07_FreeRTOS_RecursiveMutex_Semaphore/Firmware/GD32F4xx_usb_library/device/class/hid/Include/standard_hid_core.h","B43958E8EF0BB4E5939D1B1279F2B4D25791ABD357C51504FB08C6BF5CDE5A55","B43958E8EF0BB4E5939D1B1279F2B4D25791ABD357C51504FB08C6BF5CDE5A55","True"
"projects/06-mutex/course/07_FreeRTOS_RecursiveMutex_Semaphore/Firmware/GD32F4xx_usb_library/device/class/hid/Source/custom_hid_core.c","E31D924422097B600884693E2CFB38C20E4215861DFC8BBDFF3058C9A9133668","E31D924422097B600884693E2CFB38C20E4215861DFC8BBDFF3058C9A9133668","True"
"projects/06-mutex/course/07_FreeRTOS_RecursiveMutex_Semaphore/Firmware/GD32F4xx_usb_library/device/class/hid/Source/standard_hid_core.c","976542C7FC8C038846C71E4C5E6755B3C9364C8C09425F671FA694F1F14889A1","976542C7FC8C038846C71E4C5E6755B3C9364C8C09425F671FA694F1F14889A1","True"
"projects/06-mutex/course/07_FreeRTOS_RecursiveMutex_Semaphore/Firmware/GD32F4xx_usb_library/device/class/iap/Include/usb_iap_core.h","0C5491567E7452BE4CDC0099BC8F6E5B6ACA7B9C273FDB95647264938337C163","0C5491567E7452BE4CDC0099BC8F6E5B6ACA7B9C273FDB95647264938337C163","True"
"projects/06-mutex/course/07_FreeRTOS_RecursiveMutex_Semaphore/Firmware/GD32F4xx_usb_library/device/class/iap/Source/usb_iap_core.c","B48D8EDB4882F57E2EE0B7CD17D94A4EA574BBFDB3EF72F35355FB7B8CBF374D","B48D8EDB4882F57E2EE0B7CD17D94A4EA574BBFDB3EF72F35355FB7B8CBF374D","True"
"projects/06-mutex/course/07_FreeRTOS_RecursiveMutex_Semaphore/Firmware/GD32F4xx_usb_library/device/class/msc/Include/usbd_msc_bbb.h","FCE4E4A9E17E3C7AD6EF23BF6284354B3C1E0BC79E2E3D8C51C00C7CBA88598F","FCE4E4A9E17E3C7AD6EF23BF6284354B3C1E0BC79E2E3D8C51C00C7CBA88598F","True"
"projects/06-mutex/course/07_FreeRTOS_RecursiveMutex_Semaphore/Firmware/GD32F4xx_usb_library/device/class/msc/Include/usbd_msc_core.h","1B56E50C7F78BD46CC86E131565DA5A3CA050901171A99D33526283996D0062C","1B56E50C7F78BD46CC86E131565DA5A3CA050901171A99D33526283996D0062C","True"
"projects/06-mutex/course/07_FreeRTOS_RecursiveMutex_Semaphore/Firmware/GD32F4xx_usb_library/device/class/msc/Include/usbd_msc_mem.h","4219910F0D5565CBF2CB7DE2191FFFAD41F01F9903EC160827C6F441FC9FE241","4219910F0D5565CBF2CB7DE2191FFFAD41F01F9903EC160827C6F441FC9FE241","True"
"projects/06-mutex/course/07_FreeRTOS_RecursiveMutex_Semaphore/Firmware/GD32F4xx_usb_library/device/class/msc/Include/usbd_msc_scsi.h","8A843A759A5D1013DB6524B1547453013DA00C202F03A7011B604C8E79F96A2D","8A843A759A5D1013DB6524B1547453013DA00C202F03A7011B604C8E79F96A2D","True"
"projects/06-mutex/course/07_FreeRTOS_RecursiveMutex_Semaphore/Firmware/GD32F4xx_usb_library/device/class/msc/Source/usbd_msc_bbb.c","D613ECDDAB72A03DE672E4669F2549F5CE93259C09819FCBD78DB49DBBEFA4A5","D613ECDDAB72A03DE672E4669F2549F5CE93259C09819FCBD78DB49DBBEFA4A5","True"
"projects/06-mutex/course/07_FreeRTOS_RecursiveMutex_Semaphore/Firmware/GD32F4xx_usb_library/device/class/msc/Source/usbd_msc_core.c","5C5983C2884B08AA4A480B29929E20A502741C56CEFD717E48A6FE5C807BBB5C","5C5983C2884B08AA4A480B29929E20A502741C56CEFD717E48A6FE5C807BBB5C","True"
"projects/06-mutex/course/07_FreeRTOS_RecursiveMutex_Semaphore/Firmware/GD32F4xx_usb_library/device/class/msc/Source/usbd_msc_scsi.c","062E1DF310C0FEED9372585E09D4A317F65B8E0E03BD70C14AA7418A99C5EFFD","062E1DF310C0FEED9372585E09D4A317F65B8E0E03BD70C14AA7418A99C5EFFD","True"
"projects/06-mutex/course/07_FreeRTOS_RecursiveMutex_Semaphore/Firmware/GD32F4xx_usb_library/device/class/printer/Include/printer_core.h","4231DAE7349CC3643150EC1E90A5CEFB4ADF23ADC0314E82EF001BDFCD7D7E8C","4231DAE7349CC3643150EC1E90A5CEFB4ADF23ADC0314E82EF001BDFCD7D7E8C","True"
"projects/06-mutex/course/07_FreeRTOS_RecursiveMutex_Semaphore/Firmware/GD32F4xx_usb_library/device/class/printer/Source/printer_core.c","93EB77FF7A45DA1424244E1FFA25755A259E43B815D00B14C319BEC17A079831","93EB77FF7A45DA1424244E1FFA25755A259E43B815D00B14C319BEC17A079831","True"
"projects/06-mutex/course/07_FreeRTOS_RecursiveMutex_Semaphore/Firmware/GD32F4xx_usb_library/device/core/Include/usbd_core.h","A205D78D7C4299519538D5057744916BCB5459EC963BFBD6AA42101197B15041","A205D78D7C4299519538D5057744916BCB5459EC963BFBD6AA42101197B15041","True"
"projects/06-mutex/course/07_FreeRTOS_RecursiveMutex_Semaphore/Firmware/GD32F4xx_usb_library/device/core/Include/usbd_enum.h","9DE97ED85BA71120379BF876FAF752FA7900784D1614C18D1E9ECEA6C7E2C897","9DE97ED85BA71120379BF876FAF752FA7900784D1614C18D1E9ECEA6C7E2C897","True"
"projects/06-mutex/course/07_FreeRTOS_RecursiveMutex_Semaphore/Firmware/GD32F4xx_usb_library/device/core/Include/usbd_transc.h","7598A18B6AA5696B7D15C3F8DA6F0F04C37BCA44D48C86FD5A7BD92850A17681","7598A18B6AA5696B7D15C3F8DA6F0F04C37BCA44D48C86FD5A7BD92850A17681","True"
"projects/06-mutex/course/07_FreeRTOS_RecursiveMutex_Semaphore/Firmware/GD32F4xx_usb_library/device/core/Source/usbd_core.c","74A04240E3912EF2D959396250678FF65E41A6D65E4C92CDDB7BABEBC646A12F","74A04240E3912EF2D959396250678FF65E41A6D65E4C92CDDB7BABEBC646A12F","True"
"projects/06-mutex/course/07_FreeRTOS_RecursiveMutex_Semaphore/Firmware/GD32F4xx_usb_library/device/core/Source/usbd_enum.c","07C9D4AF518D9659D3696A574638D2238413C849345915F347B1CE91C02A81EE","07C9D4AF518D9659D3696A574638D2238413C849345915F347B1CE91C02A81EE","True"
"projects/06-mutex/course/07_FreeRTOS_RecursiveMutex_Semaphore/Firmware/GD32F4xx_usb_library/device/core/Source/usbd_transc.c","CE5E569F4CBB0918250C03000276FD987E116E69F489EEC7B049B790A5A87F37","CE5E569F4CBB0918250C03000276FD987E116E69F489EEC7B049B790A5A87F37","True"
"projects/06-mutex/course/07_FreeRTOS_RecursiveMutex_Semaphore/Firmware/GD32F4xx_usb_library/driver/Include/drv_usb_core.h","D7957D291F199B35772CE89782B17558BCC73B935F66F80C5B7FBE16DDBA5875","D7957D291F199B35772CE89782B17558BCC73B935F66F80C5B7FBE16DDBA5875","True"
"projects/06-mutex/course/07_FreeRTOS_RecursiveMutex_Semaphore/Firmware/GD32F4xx_usb_library/driver/Include/drv_usb_dev.h","CAF5D56EBAFDBA9FC9F167418A1616E4291B112EDBF47A8654BD9A98F8C17B9A","CAF5D56EBAFDBA9FC9F167418A1616E4291B112EDBF47A8654BD9A98F8C17B9A","True"
"projects/06-mutex/course/07_FreeRTOS_RecursiveMutex_Semaphore/Firmware/GD32F4xx_usb_library/driver/Include/drv_usb_host.h","FB4056A260F60FDA977AB1139EBFCF00E53B5C3E697FDDA573B902A413BFFF14","FB4056A260F60FDA977AB1139EBFCF00E53B5C3E697FDDA573B902A413BFFF14","True"
"projects/06-mutex/course/07_FreeRTOS_RecursiveMutex_Semaphore/Firmware/GD32F4xx_usb_library/driver/Include/drv_usb_hw.h","81DBB2D76CD496106998EAA694DA78184988C9618E06CFE573E5D6B5FA1C1F20","81DBB2D76CD496106998EAA694DA78184988C9618E06CFE573E5D6B5FA1C1F20","True"
"projects/06-mutex/course/07_FreeRTOS_RecursiveMutex_Semaphore/Firmware/GD32F4xx_usb_library/driver/Include/drv_usb_regs.h","048A97F0FF66F557EE6A5E829F8AA0336D69E13E63151CF4D64092D0FF9606BA","048A97F0FF66F557EE6A5E829F8AA0336D69E13E63151CF4D64092D0FF9606BA","True"
"projects/06-mutex/course/07_FreeRTOS_RecursiveMutex_Semaphore/Firmware/GD32F4xx_usb_library/driver/Include/drv_usbd_int.h","3B71749A04450BBEC4838039BC3C6482EE1D7ECB509B97DA5151F362F918A8F4","3B71749A04450BBEC4838039BC3C6482EE1D7ECB509B97DA5151F362F918A8F4","True"
"projects/06-mutex/course/07_FreeRTOS_RecursiveMutex_Semaphore/Firmware/GD32F4xx_usb_library/driver/Include/drv_usbh_int.h","5268EE8F0ACCEE9C9E848AE421F3F1B83B8EFA72B8854F08A5756C16C3873997","5268EE8F0ACCEE9C9E848AE421F3F1B83B8EFA72B8854F08A5756C16C3873997","True"
"projects/06-mutex/course/07_FreeRTOS_RecursiveMutex_Semaphore/Firmware/GD32F4xx_usb_library/driver/Source/drv_usb_core.c","B90492A8404BCBDCBBA9D31D38AD75D2D85B6014CCACF6EEA77B23F69CF5F623","B90492A8404BCBDCBBA9D31D38AD75D2D85B6014CCACF6EEA77B23F69CF5F623","True"
"projects/06-mutex/course/07_FreeRTOS_RecursiveMutex_Semaphore/Firmware/GD32F4xx_usb_library/driver/Source/drv_usb_dev.c","93CA6CD491C5E0FEA197D5AC7F10BA23E6973543DA7AEED38BFC1AE3A0DC474B","93CA6CD491C5E0FEA197D5AC7F10BA23E6973543DA7AEED38BFC1AE3A0DC474B","True"
"projects/06-mutex/course/07_FreeRTOS_RecursiveMutex_Semaphore/Firmware/GD32F4xx_usb_library/driver/Source/drv_usb_host.c","D9F6DE1A16C13351C6947A1D8C735A2FA2EF6495159EF75E8C84A903003853EA","D9F6DE1A16C13351C6947A1D8C735A2FA2EF6495159EF75E8C84A903003853EA","True"
"projects/06-mutex/course/07_FreeRTOS_RecursiveMutex_Semaphore/Firmware/GD32F4xx_usb_library/driver/Source/drv_usbd_int.c","6D629C1B2EE8A05BD9C1B8E20F2664410AFC9608E9489CCAC5BE881D10D0A715","6D629C1B2EE8A05BD9C1B8E20F2664410AFC9608E9489CCAC5BE881D10D0A715","True"
"projects/06-mutex/course/07_FreeRTOS_RecursiveMutex_Semaphore/Firmware/GD32F4xx_usb_library/driver/Source/drv_usbh_int.c","4D390034615DF35FB792026BD76844C922F387580E291039F1BC5F6B6C982486","4D390034615DF35FB792026BD76844C922F387580E291039F1BC5F6B6C982486","True"
"projects/06-mutex/course/07_FreeRTOS_RecursiveMutex_Semaphore/Firmware/GD32F4xx_usb_library/host/class/hid/Include/usbh_hid_core.h","0DEC84719141C68389EC4F957111FB6DC21A5BE55159A808A9D4D20759E447AA","0DEC84719141C68389EC4F957111FB6DC21A5BE55159A808A9D4D20759E447AA","True"
"projects/06-mutex/course/07_FreeRTOS_RecursiveMutex_Semaphore/Firmware/GD32F4xx_usb_library/host/class/hid/Include/usbh_standard_hid.h","9DFF3D162D5690F986145FC6A50E8BE49EE6EA57B0DF5DE92708173ECE1231A8","9DFF3D162D5690F986145FC6A50E8BE49EE6EA57B0DF5DE92708173ECE1231A8","True"
"projects/06-mutex/course/07_FreeRTOS_RecursiveMutex_Semaphore/Firmware/GD32F4xx_usb_library/host/class/hid/Source/usbh_hid_core.c","2CDAFDF63EBB98A454A09ACC070B9C2E925C7EEC29AF318F1A8CE5F913C5D200","2CDAFDF63EBB98A454A09ACC070B9C2E925C7EEC29AF318F1A8CE5F913C5D200","True"
"projects/06-mutex/course/07_FreeRTOS_RecursiveMutex_Semaphore/Firmware/GD32F4xx_usb_library/host/class/hid/Source/usbh_standard_hid.c","324F535D3213364159EF30D0AB69CB69472D94EE6A25F07D1C624D1B4BB315C3","324F535D3213364159EF30D0AB69CB69472D94EE6A25F07D1C624D1B4BB315C3","True"
"projects/06-mutex/course/07_FreeRTOS_RecursiveMutex_Semaphore/Firmware/GD32F4xx_usb_library/host/class/msc/Include/usbh_msc_bbb.h","FE164E019DB850549FA0EDB8A4B2F0C38FF1C7540A834B935C91268D0E275FF8","FE164E019DB850549FA0EDB8A4B2F0C38FF1C7540A834B935C91268D0E275FF8","True"
"projects/06-mutex/course/07_FreeRTOS_RecursiveMutex_Semaphore/Firmware/GD32F4xx_usb_library/host/class/msc/Include/usbh_msc_core.h","34B4B4AED85F332B815096EE4C39FBA67C77FEF1F9EB79FC470603568CBE2DC9","34B4B4AED85F332B815096EE4C39FBA67C77FEF1F9EB79FC470603568CBE2DC9","True"
"projects/06-mutex/course/07_FreeRTOS_RecursiveMutex_Semaphore/Firmware/GD32F4xx_usb_library/host/class/msc/Include/usbh_msc_scsi.h","E6E8CA26D9A2ABFFE14A21AF356CB07C4058D9052DFD22B46205EC11884A867A","E6E8CA26D9A2ABFFE14A21AF356CB07C4058D9052DFD22B46205EC11884A867A","True"
"projects/06-mutex/course/07_FreeRTOS_RecursiveMutex_Semaphore/Firmware/GD32F4xx_usb_library/host/class/msc/Source/usbh_msc_bbb.c","2A82AD623D78CCC1802D851AB7FB124D6ABB5DBEA980AA8C6517E26FF906E049","2A82AD623D78CCC1802D851AB7FB124D6ABB5DBEA980AA8C6517E26FF906E049","True"
"projects/06-mutex/course/07_FreeRTOS_RecursiveMutex_Semaphore/Firmware/GD32F4xx_usb_library/host/class/msc/Source/usbh_msc_core.c","5DF338C15161E6C7A6424179245E0E373973B22E81DEA91111AD5613AE0C8690","5DF338C15161E6C7A6424179245E0E373973B22E81DEA91111AD5613AE0C8690","True"
"projects/06-mutex/course/07_FreeRTOS_RecursiveMutex_Semaphore/Firmware/GD32F4xx_usb_library/host/class/msc/Source/usbh_msc_fatfs.c","8FD0C5B44F9AC0E35427803F9761E40A5297CAA2ACC078CB9FDE3C25BA4036B1","8FD0C5B44F9AC0E35427803F9761E40A5297CAA2ACC078CB9FDE3C25BA4036B1","True"
"projects/06-mutex/course/07_FreeRTOS_RecursiveMutex_Semaphore/Firmware/GD32F4xx_usb_library/host/class/msc/Source/usbh_msc_scsi.c","45E6AD746800250C90834AC684D207DA486F3F0FDA8503284DEF2C537F952A85","45E6AD746800250C90834AC684D207DA486F3F0FDA8503284DEF2C537F952A85","True"
"projects/06-mutex/course/07_FreeRTOS_RecursiveMutex_Semaphore/Firmware/GD32F4xx_usb_library/host/core/Include/usbh_core.h","8919B0DA3BC89862AC89DA53BD34CC4F8AF2F7ECEBF23493D3BC0980570EC67D","8919B0DA3BC89862AC89DA53BD34CC4F8AF2F7ECEBF23493D3BC0980570EC67D","True"
"projects/06-mutex/course/07_FreeRTOS_RecursiveMutex_Semaphore/Firmware/GD32F4xx_usb_library/host/core/Include/usbh_enum.h","A08D6A471BE77A6BFDF916E166E4A95B49358F209E0708080E4A441D7D454897","A08D6A471BE77A6BFDF916E166E4A95B49358F209E0708080E4A441D7D454897","True"
"projects/06-mutex/course/07_FreeRTOS_RecursiveMutex_Semaphore/Firmware/GD32F4xx_usb_library/host/core/Include/usbh_pipe.h","D1AA31749DB419F147E34BF1608F3C79D8846FC9067B138CE90DCC6D68A724B2","D1AA31749DB419F147E34BF1608F3C79D8846FC9067B138CE90DCC6D68A724B2","True"
"projects/06-mutex/course/07_FreeRTOS_RecursiveMutex_Semaphore/Firmware/GD32F4xx_usb_library/host/core/Include/usbh_transc.h","B0A9300C836592E16782062A0D898645ADC64EFD21AD96F46B8EF6EBD876499C","B0A9300C836592E16782062A0D898645ADC64EFD21AD96F46B8EF6EBD876499C","True"
"projects/06-mutex/course/07_FreeRTOS_RecursiveMutex_Semaphore/Firmware/GD32F4xx_usb_library/host/core/Source/usbh_core.c","2E61C1493A0F04D944A9B1E01924A57908552C5C5920F357DF984F098988DF08","2E61C1493A0F04D944A9B1E01924A57908552C5C5920F357DF984F098988DF08","True"
"projects/06-mutex/course/07_FreeRTOS_RecursiveMutex_Semaphore/Firmware/GD32F4xx_usb_library/host/core/Source/usbh_enum.c","273217F6826C6D57A1D210D2A58974AE97A27E15951B98BE25BBCCDEA8133871","273217F6826C6D57A1D210D2A58974AE97A27E15951B98BE25BBCCDEA8133871","True"
"projects/06-mutex/course/07_FreeRTOS_RecursiveMutex_Semaphore/Firmware/GD32F4xx_usb_library/host/core/Source/usbh_pipe.c","E8A4253E2A4224333C4343EE0FFD5F280C9875EF57702F44C1973CBD42EDD2E0","E8A4253E2A4224333C4343EE0FFD5F280C9875EF57702F44C1973CBD42EDD2E0","True"
"projects/06-mutex/course/07_FreeRTOS_RecursiveMutex_Semaphore/Firmware/GD32F4xx_usb_library/host/core/Source/usbh_transc.c","CF1AE1FCF884275E82634538E997D8D24C31FBE959140909F5BB4E34BCA0BBEF","CF1AE1FCF884275E82634538E997D8D24C31FBE959140909F5BB4E34BCA0BBEF","True"
"projects/06-mutex/course/07_FreeRTOS_RecursiveMutex_Semaphore/Firmware/GD32F4xx_usb_library/ustd/class/cdc/usb_cdc.h","FCD43C4F51573D30F01573E2D2856E0BE969C8FFD02D415AADFB69A595DECF4E","FCD43C4F51573D30F01573E2D2856E0BE969C8FFD02D415AADFB69A595DECF4E","True"
"projects/06-mutex/course/07_FreeRTOS_RecursiveMutex_Semaphore/Firmware/GD32F4xx_usb_library/ustd/class/hid/usb_hid.h","F3C6A02D4FC46F9512465B6EB2951C8CDDB956AF73422AAB9D2A1BAFC69F2E7B","F3C6A02D4FC46F9512465B6EB2951C8CDDB956AF73422AAB9D2A1BAFC69F2E7B","True"
"projects/06-mutex/course/07_FreeRTOS_RecursiveMutex_Semaphore/Firmware/GD32F4xx_usb_library/ustd/class/msc/msc_bbb.h","B884B8F8F7CFAF22512EDE7AE709B5F3591E126D2919AECF4E2B4D7EFEA1F5D6","B884B8F8F7CFAF22512EDE7AE709B5F3591E126D2919AECF4E2B4D7EFEA1F5D6","True"
"projects/06-mutex/course/07_FreeRTOS_RecursiveMutex_Semaphore/Firmware/GD32F4xx_usb_library/ustd/class/msc/msc_scsi.h","8842CF305E996369687FA89568C9AEE3D46F745E1AEF6EB58B1A3F519F863631","8842CF305E996369687FA89568C9AEE3D46F745E1AEF6EB58B1A3F519F863631","True"
"projects/06-mutex/course/07_FreeRTOS_RecursiveMutex_Semaphore/Firmware/GD32F4xx_usb_library/ustd/class/msc/usb_msc.h","E3C2A096085131687F121DE426EF9154F23CCC26E877129243A648FB8C90B216","E3C2A096085131687F121DE426EF9154F23CCC26E877129243A648FB8C90B216","True"
"projects/06-mutex/course/07_FreeRTOS_RecursiveMutex_Semaphore/Firmware/GD32F4xx_usb_library/ustd/common/usb_ch9_std.h","B5249865F377709E456F76CA76CA5499ACE39BAD6A452832DBE535F1989C6D22","B5249865F377709E456F76CA76CA5499ACE39BAD6A452832DBE535F1989C6D22","True"
"projects/06-mutex/course/07_FreeRTOS_RecursiveMutex_Semaphore/FreeRTOS/CMakeLists.txt","277777817A51C3B8548C84A61CF5341C43DA40769C833A05AD46FDBD6F7CEED7","277777817A51C3B8548C84A61CF5341C43DA40769C833A05AD46FDBD6F7CEED7","True"
"projects/06-mutex/course/07_FreeRTOS_RecursiveMutex_Semaphore/FreeRTOS/croutine.c","EBF0CDCE261DC4A256C06C0D4AD2582E6026A6DA0E973D4CB92092E94CE8F370","EBF0CDCE261DC4A256C06C0D4AD2582E6026A6DA0E973D4CB92092E94CE8F370","True"
"projects/06-mutex/course/07_FreeRTOS_RecursiveMutex_Semaphore/FreeRTOS/event_groups.c","76E967B14D231E4F31F014F1564F359A7BFD36BFA263EE6F437AFA8C056DF657","76E967B14D231E4F31F014F1564F359A7BFD36BFA263EE6F437AFA8C056DF657","True"
"projects/06-mutex/course/07_FreeRTOS_RecursiveMutex_Semaphore/FreeRTOS/FreeRTOSConfig.h","39B67078D0BB8FD3849F2BB44091A07464B4877075443CB4F6D28AA464C8C05C","39B67078D0BB8FD3849F2BB44091A07464B4877075443CB4F6D28AA464C8C05C","True"
"projects/06-mutex/course/07_FreeRTOS_RecursiveMutex_Semaphore/FreeRTOS/include/atomic.h","E6EB26727C6CD0A87E4DEC91CC55B2B1313CC3829E06662A0C73E62CAFD1E751","E6EB26727C6CD0A87E4DEC91CC55B2B1313CC3829E06662A0C73E62CAFD1E751","True"
"projects/06-mutex/course/07_FreeRTOS_RecursiveMutex_Semaphore/FreeRTOS/include/croutine.h","CF52C15FA26A8D4F82B55909B75EBFE2AAB25468BA7780748912DDEAD9812B4E","CF52C15FA26A8D4F82B55909B75EBFE2AAB25468BA7780748912DDEAD9812B4E","True"
"projects/06-mutex/course/07_FreeRTOS_RecursiveMutex_Semaphore/FreeRTOS/include/deprecated_definitions.h","35000A143464BBBD8DF7C9A6F066A64598A24DA5174A7BE33972E62BFBD75F4D","35000A143464BBBD8DF7C9A6F066A64598A24DA5174A7BE33972E62BFBD75F4D","True"
"projects/06-mutex/course/07_FreeRTOS_RecursiveMutex_Semaphore/FreeRTOS/include/event_groups.h","7A38D7A3CE24BD2FF6C6003C94EEA7AA7972179B1F17C1A91374334C6069F027","7A38D7A3CE24BD2FF6C6003C94EEA7AA7972179B1F17C1A91374334C6069F027","True"
"projects/06-mutex/course/07_FreeRTOS_RecursiveMutex_Semaphore/FreeRTOS/include/FreeRTOS.h","03E9C94ABA57E3CF7F4F73BC2D3EB4A96AE38F3425EEDB5450622CA286475A0B","03E9C94ABA57E3CF7F4F73BC2D3EB4A96AE38F3425EEDB5450622CA286475A0B","True"
"projects/06-mutex/course/07_FreeRTOS_RecursiveMutex_Semaphore/FreeRTOS/include/list.h","DC572F54391C0407FC25DB360D912FCA9118CDDAE7BD2E3099EB13F18804E5A9","DC572F54391C0407FC25DB360D912FCA9118CDDAE7BD2E3099EB13F18804E5A9","True"
"projects/06-mutex/course/07_FreeRTOS_RecursiveMutex_Semaphore/FreeRTOS/include/message_buffer.h","9A8141D3D6C8044A57D7E448180C9BD2ED32E45DED32BE288D095A39DCED91AB","9A8141D3D6C8044A57D7E448180C9BD2ED32E45DED32BE288D095A39DCED91AB","True"
"projects/06-mutex/course/07_FreeRTOS_RecursiveMutex_Semaphore/FreeRTOS/include/mpu_prototypes.h","2B46A2511CE5D23A56BC83079333D8D0A2E33763E5829C9383252806887A3DC0","2B46A2511CE5D23A56BC83079333D8D0A2E33763E5829C9383252806887A3DC0","True"
"projects/06-mutex/course/07_FreeRTOS_RecursiveMutex_Semaphore/FreeRTOS/include/mpu_wrappers.h","5014408CC33F0F616215F2B48C67B0D47CCC35BFD5F0044AC653B5BBC6CF5778","5014408CC33F0F616215F2B48C67B0D47CCC35BFD5F0044AC653B5BBC6CF5778","True"
"projects/06-mutex/course/07_FreeRTOS_RecursiveMutex_Semaphore/FreeRTOS/include/portable.h","7ADE8F368002778C723B3C4E14084910B7225CD36363ED0C948E9EA36C6F251F","7ADE8F368002778C723B3C4E14084910B7225CD36363ED0C948E9EA36C6F251F","True"
"projects/06-mutex/course/07_FreeRTOS_RecursiveMutex_Semaphore/FreeRTOS/include/projdefs.h","F1FA9FAA0D14851DFF86AACA00559F4B474E5F6D68772D0072842E25351D98B3","F1FA9FAA0D14851DFF86AACA00559F4B474E5F6D68772D0072842E25351D98B3","True"
"projects/06-mutex/course/07_FreeRTOS_RecursiveMutex_Semaphore/FreeRTOS/include/queue.h","A3763E24A5A3A38413996FC8392EFD6ADD1D1EE3EF507FBA22DAF75682241FEB","A3763E24A5A3A38413996FC8392EFD6ADD1D1EE3EF507FBA22DAF75682241FEB","True"
"projects/06-mutex/course/07_FreeRTOS_RecursiveMutex_Semaphore/FreeRTOS/include/semphr.h","C624E8CDFC07844D4CF35382F3CC908C872375C7A3048482BDC110BDA88CC4F2","C624E8CDFC07844D4CF35382F3CC908C872375C7A3048482BDC110BDA88CC4F2","True"
"projects/06-mutex/course/07_FreeRTOS_RecursiveMutex_Semaphore/FreeRTOS/include/stack_macros.h","3CDDF2B3D47AE387E376AC75EB468F9D8FFB575D68C143E08D54AF4087474CCE","3CDDF2B3D47AE387E376AC75EB468F9D8FFB575D68C143E08D54AF4087474CCE","True"
"projects/06-mutex/course/07_FreeRTOS_RecursiveMutex_Semaphore/FreeRTOS/include/StackMacros.h","6460E81C910496D51BC39011E35D17F5B5437B5DEB03F9E91222F796D8C8BF79","6460E81C910496D51BC39011E35D17F5B5437B5DEB03F9E91222F796D8C8BF79","True"
"projects/06-mutex/course/07_FreeRTOS_RecursiveMutex_Semaphore/FreeRTOS/include/stream_buffer.h","B876D839460197D94D0F95FB93C6AEB457F6FC572D32258480FED7D4DE686B6B","B876D839460197D94D0F95FB93C6AEB457F6FC572D32258480FED7D4DE686B6B","True"
"projects/06-mutex/course/07_FreeRTOS_RecursiveMutex_Semaphore/FreeRTOS/include/task.h","CB1B0BBCDC66E39BA3B5A09B3E2829A5D376B8990735980613514903A3C5F493","CB1B0BBCDC66E39BA3B5A09B3E2829A5D376B8990735980613514903A3C5F493","True"
"projects/06-mutex/course/07_FreeRTOS_RecursiveMutex_Semaphore/FreeRTOS/include/timers.h","08D73A99380A1BA61376258C52F4FDDF5DF5B6DCBE0F86B0EA03F11A5CA58459","08D73A99380A1BA61376258C52F4FDDF5DF5B6DCBE0F86B0EA03F11A5CA58459","True"
"projects/06-mutex/course/07_FreeRTOS_RecursiveMutex_Semaphore/FreeRTOS/list.c","DB5C169CF3EFD68DA1C6A923AC84EEBC724D602C940BDE0B9B5F01F05028FDE4","DB5C169CF3EFD68DA1C6A923AC84EEBC724D602C940BDE0B9B5F01F05028FDE4","True"
"projects/06-mutex/course/07_FreeRTOS_RecursiveMutex_Semaphore/FreeRTOS/manifest.yml","F71AEBB742E00AD33F877B3B679B4C24CDB709D7980C3E7836438758DBAA0139","F71AEBB742E00AD33F877B3B679B4C24CDB709D7980C3E7836438758DBAA0139","True"
"projects/06-mutex/course/07_FreeRTOS_RecursiveMutex_Semaphore/FreeRTOS/portable/GCC/ARM_CM4F/port.c","11F2202099ED9A73F5AE5EF9DAC414F6D9B257D6480BD9C9A1E38A71B3EE8D41","11F2202099ED9A73F5AE5EF9DAC414F6D9B257D6480BD9C9A1E38A71B3EE8D41","True"
"projects/06-mutex/course/07_FreeRTOS_RecursiveMutex_Semaphore/FreeRTOS/portable/GCC/ARM_CM4F/portmacro.h","D569E2A29AF1C742B69CB16E15D256611FA7979BDA2B355E03426D3C40369E42","D569E2A29AF1C742B69CB16E15D256611FA7979BDA2B355E03426D3C40369E42","True"
"projects/06-mutex/course/07_FreeRTOS_RecursiveMutex_Semaphore/FreeRTOS/portable/MemMang/heap_1.c","286E3FEE81C9107FC6DEC40405F500CABDCA56836D29747C182F0899BB8997FD","286E3FEE81C9107FC6DEC40405F500CABDCA56836D29747C182F0899BB8997FD","True"
"projects/06-mutex/course/07_FreeRTOS_RecursiveMutex_Semaphore/FreeRTOS/portable/MemMang/heap_2.c","A7B035B9ED786593143C8317ACFB49DE21B6450F246036A72331593577E5408B","A7B035B9ED786593143C8317ACFB49DE21B6450F246036A72331593577E5408B","True"
"projects/06-mutex/course/07_FreeRTOS_RecursiveMutex_Semaphore/FreeRTOS/portable/MemMang/heap_3.c","E2D5DBB3F3CCBADD8E7AE778F30C18D28B0532EBFE81B03AA6A20E3F75242853","E2D5DBB3F3CCBADD8E7AE778F30C18D28B0532EBFE81B03AA6A20E3F75242853","True"
"projects/06-mutex/course/07_FreeRTOS_RecursiveMutex_Semaphore/FreeRTOS/portable/MemMang/heap_4.c","D48A51E34CAED771E6650D95F6C2527E52FDE2A6EBC6F83B49D003AEF0135E05","D48A51E34CAED771E6650D95F6C2527E52FDE2A6EBC6F83B49D003AEF0135E05","True"
"projects/06-mutex/course/07_FreeRTOS_RecursiveMutex_Semaphore/FreeRTOS/portable/MemMang/heap_5.c","71B7988059E801A962DC76B956666AAB5564788D5AE437F590080DCB3FDF1881","71B7988059E801A962DC76B956666AAB5564788D5AE437F590080DCB3FDF1881","True"
"projects/06-mutex/course/07_FreeRTOS_RecursiveMutex_Semaphore/FreeRTOS/portable/RVDS/ARM_CA9/port.c","484F1EF17F58F3DF0B06026E1BFC8E44471DF51B33CB36D196A2D61369085A9B","484F1EF17F58F3DF0B06026E1BFC8E44471DF51B33CB36D196A2D61369085A9B","True"
"projects/06-mutex/course/07_FreeRTOS_RecursiveMutex_Semaphore/FreeRTOS/portable/RVDS/ARM_CA9/portASM.s","CECD728B929B81E8484C603CA00A0F95754C8EC3FF5F6D51728A3563C2E1187C","CECD728B929B81E8484C603CA00A0F95754C8EC3FF5F6D51728A3563C2E1187C","True"
"projects/06-mutex/course/07_FreeRTOS_RecursiveMutex_Semaphore/FreeRTOS/portable/RVDS/ARM_CA9/portmacro.h","AF5E80736D03E02590745B6781BB03809D68721BFAB0213C02B3697A4C4F8814","AF5E80736D03E02590745B6781BB03809D68721BFAB0213C02B3697A4C4F8814","True"
"projects/06-mutex/course/07_FreeRTOS_RecursiveMutex_Semaphore/FreeRTOS/portable/RVDS/ARM_CM0/port.c","76BE44D607E9E2CB32743386F1A97FF98E7463744DAF687773A0967B00B7F20F","76BE44D607E9E2CB32743386F1A97FF98E7463744DAF687773A0967B00B7F20F","True"
"projects/06-mutex/course/07_FreeRTOS_RecursiveMutex_Semaphore/FreeRTOS/portable/RVDS/ARM_CM0/portmacro.h","8E89F1A754EFF06CDCC206A4BDC13F41211D31A432981759FA25B184941078DE","8E89F1A754EFF06CDCC206A4BDC13F41211D31A432981759FA25B184941078DE","True"
"projects/06-mutex/course/07_FreeRTOS_RecursiveMutex_Semaphore/FreeRTOS/portable/RVDS/ARM_CM3/port.c","0F5A2323E1BDC135D37FA40DAFAC766095C46FE623F9A20CBF2F0D92405B4067","0F5A2323E1BDC135D37FA40DAFAC766095C46FE623F9A20CBF2F0D92405B4067","True"
"projects/06-mutex/course/07_FreeRTOS_RecursiveMutex_Semaphore/FreeRTOS/portable/RVDS/ARM_CM3/portmacro.h","7B6EEFBBA5194658CF11B14F97DD540B1CEEDCB40178F0C97244A063AC53F4E2","7B6EEFBBA5194658CF11B14F97DD540B1CEEDCB40178F0C97244A063AC53F4E2","True"
"projects/06-mutex/course/07_FreeRTOS_RecursiveMutex_Semaphore/FreeRTOS/portable/RVDS/ARM_CM4_MPU/port.c","1EBEB0A72801D79FAB99F4D1C43B5D2F34DC75C34E9D39A25F057B304E40685C","1EBEB0A72801D79FAB99F4D1C43B5D2F34DC75C34E9D39A25F057B304E40685C","True"
"projects/06-mutex/course/07_FreeRTOS_RecursiveMutex_Semaphore/FreeRTOS/portable/RVDS/ARM_CM4_MPU/portmacro.h","4149E8C08E5AE89F05E1E1E8C5B3BD87143321FDF4510F5693885624B8148DDE","4149E8C08E5AE89F05E1E1E8C5B3BD87143321FDF4510F5693885624B8148DDE","True"
"projects/06-mutex/course/07_FreeRTOS_RecursiveMutex_Semaphore/FreeRTOS/portable/RVDS/ARM_CM4F/port.c","6493BDBCD8AC57B5739EDB5CECC8E55EF9C82A8F978FC2F05BE19B2FAF46CEDF","6493BDBCD8AC57B5739EDB5CECC8E55EF9C82A8F978FC2F05BE19B2FAF46CEDF","True"
"projects/06-mutex/course/07_FreeRTOS_RecursiveMutex_Semaphore/FreeRTOS/portable/RVDS/ARM_CM4F/portmacro.h","9AA2265C543E086FD40A1B22C3BAFE0E4C2950E1E1F6DE05C803E13D621F9438","9AA2265C543E086FD40A1B22C3BAFE0E4C2950E1E1F6DE05C803E13D621F9438","True"
"projects/06-mutex/course/07_FreeRTOS_RecursiveMutex_Semaphore/FreeRTOS/portable/RVDS/ARM_CM7/r0p1/port.c","0B428C045198D97CBF2C7B4BECB063FB067EE8F765F263A37EF3286839B4FE12","0B428C045198D97CBF2C7B4BECB063FB067EE8F765F263A37EF3286839B4FE12","True"
"projects/06-mutex/course/07_FreeRTOS_RecursiveMutex_Semaphore/FreeRTOS/portable/RVDS/ARM_CM7/r0p1/portmacro.h","641CCD46A7EBA0E476DEFE30B350847FEE8044DFBF503B6E1ECB9CE3CDACF9F9","641CCD46A7EBA0E476DEFE30B350847FEE8044DFBF503B6E1ECB9CE3CDACF9F9","True"
"projects/06-mutex/course/07_FreeRTOS_RecursiveMutex_Semaphore/FreeRTOS/portable/RVDS/ARM_CM7/ReadMe.txt","710C88C6D9BFCC4645C414F151EE23F4C28FB8B4932308B5EB7109EF07B1D1C6","710C88C6D9BFCC4645C414F151EE23F4C28FB8B4932308B5EB7109EF07B1D1C6","True"
"projects/06-mutex/course/07_FreeRTOS_RecursiveMutex_Semaphore/FreeRTOS/portable/RVDS/ARM7_LPC21xx/port.c","4F79AF04C94548F73D9DEEA4A81CC841FF172B8D1E27C5E544FB243BD3F147B3","4F79AF04C94548F73D9DEEA4A81CC841FF172B8D1E27C5E544FB243BD3F147B3","True"
"projects/06-mutex/course/07_FreeRTOS_RecursiveMutex_Semaphore/FreeRTOS/portable/RVDS/ARM7_LPC21xx/portASM.s","EEC6FD2E493EE97E8592C715AEC32C12EF8E5CEC861DEFCCCC6E30AE584FAFD6","EEC6FD2E493EE97E8592C715AEC32C12EF8E5CEC861DEFCCCC6E30AE584FAFD6","True"
"projects/06-mutex/course/07_FreeRTOS_RecursiveMutex_Semaphore/FreeRTOS/portable/RVDS/ARM7_LPC21xx/portmacro.h","7B796FC47E27A4AC381510536369605571DB0ECDD36BA9DBDB7AB4C02FC81C92","7B796FC47E27A4AC381510536369605571DB0ECDD36BA9DBDB7AB4C02FC81C92","True"
"projects/06-mutex/course/07_FreeRTOS_RecursiveMutex_Semaphore/FreeRTOS/queue.c","5CDF4FA35FE059446EFFFF5BF20DEAF83DDFFB08921BC198FDA106B1D17DD894","5CDF4FA35FE059446EFFFF5BF20DEAF83DDFFB08921BC198FDA106B1D17DD894","True"
"projects/06-mutex/course/07_FreeRTOS_RecursiveMutex_Semaphore/FreeRTOS/stream_buffer.c","86D948694C723B814C9606A6C804EA7C1BD30B3DA518D1D6A83B81F972E3A152","86D948694C723B814C9606A6C804EA7C1BD30B3DA518D1D6A83B81F972E3A152","True"
"projects/06-mutex/course/07_FreeRTOS_RecursiveMutex_Semaphore/FreeRTOS/tasks.c","14020D617B96DD2814E1211F6E3B645BCF5E2BD3179C23FE7DD16BC666FE9463","14020D617B96DD2814E1211F6E3B645BCF5E2BD3179C23FE7DD16BC666FE9463","True"
"projects/06-mutex/course/07_FreeRTOS_RecursiveMutex_Semaphore/FreeRTOS/timers.c","24962EF361F396AAA5E6E33776EEEDDAF2FB251C87B6FE50602ACC56C537B093","24962EF361F396AAA5E6E33776EEEDDAF2FB251C87B6FE50602ACC56C537B093","True"
"projects/06-mutex/course/07_FreeRTOS_RecursiveMutex_Semaphore/Hardware/bsp_buzzer.c","DB132610BB9FD25BB3606FEE7C189AD01FB3F68FEF38D105A74C0609C66B5CEE","DB132610BB9FD25BB3606FEE7C189AD01FB3F68FEF38D105A74C0609C66B5CEE","True"
"projects/06-mutex/course/07_FreeRTOS_RecursiveMutex_Semaphore/Hardware/bsp_buzzer.h","A849E5A19D17A5DED0E7438846AFA0D5E3636544ABFC356B361024CA882EC6C5","A849E5A19D17A5DED0E7438846AFA0D5E3636544ABFC356B361024CA882EC6C5","True"
"projects/06-mutex/course/07_FreeRTOS_RecursiveMutex_Semaphore/Hardware/bsp_buzzer2.c","D4F400CA00C8ACE082181E1D587A2B1CE7CC29C870BCA80C8A920BF78710B2C1","D4F400CA00C8ACE082181E1D587A2B1CE7CC29C870BCA80C8A920BF78710B2C1","True"
"projects/06-mutex/course/07_FreeRTOS_RecursiveMutex_Semaphore/Hardware/bsp_buzzer2.h","A849E5A19D17A5DED0E7438846AFA0D5E3636544ABFC356B361024CA882EC6C5","A849E5A19D17A5DED0E7438846AFA0D5E3636544ABFC356B361024CA882EC6C5","True"
"projects/06-mutex/course/07_FreeRTOS_RecursiveMutex_Semaphore/Hardware/bsp_keys.c","F9CE7CA7732415114E7154146B0D490E39AAE7E2C05E7344F24461B46FA985EC","F9CE7CA7732415114E7154146B0D490E39AAE7E2C05E7344F24461B46FA985EC","True"
"projects/06-mutex/course/07_FreeRTOS_RecursiveMutex_Semaphore/Hardware/bsp_keys.h","F64D5E4FADDC660DB8D181B7C63C92E9D3E84B21940BE4B1B930D9F2088E95CC","F64D5E4FADDC660DB8D181B7C63C92E9D3E84B21940BE4B1B930D9F2088E95CC","True"
"projects/06-mutex/course/07_FreeRTOS_RecursiveMutex_Semaphore/Library/EXTI_config.h","3FC4D72800A241220830F878A4A41597CFA7754FF9D907C88BCFE6B5DC2F95A4","3FC4D72800A241220830F878A4A41597CFA7754FF9D907C88BCFE6B5DC2F95A4","True"
"projects/06-mutex/course/07_FreeRTOS_RecursiveMutex_Semaphore/Library/EXTI.c","FB93261F829F40640F1A433BC5AAB1BBFA435DE2091BD64B2D1AFF65CDA4F2A6","FB93261F829F40640F1A433BC5AAB1BBFA435DE2091BD64B2D1AFF65CDA4F2A6","True"
"projects/06-mutex/course/07_FreeRTOS_RecursiveMutex_Semaphore/Library/EXTI.h","4F9D3299CE5AC87CA0A74350C61AA1E7BB6D6CA2151C36A683A2334CAC926B84","4F9D3299CE5AC87CA0A74350C61AA1E7BB6D6CA2151C36A683A2334CAC926B84","True"
"projects/06-mutex/course/07_FreeRTOS_RecursiveMutex_Semaphore/Library/I2C0.c","1902450E399F26AB11BABACB640C9C56389B2188FF852E3E6A58D60E16AF528E","1902450E399F26AB11BABACB640C9C56389B2188FF852E3E6A58D60E16AF528E","True"
"projects/06-mutex/course/07_FreeRTOS_RecursiveMutex_Semaphore/Library/I2C0.h","E30F8BA27DF76E3682B8D0325EB2B9DAAF13A20CFF0E1FC59A4625625996AF42","E30F8BA27DF76E3682B8D0325EB2B9DAAF13A20CFF0E1FC59A4625625996AF42","True"
"projects/06-mutex/course/07_FreeRTOS_RecursiveMutex_Semaphore/Library/TIMER_config.h","0F71149D9C614C36E340E830A0AD8003015C8C656A3DB89ABA39760C24389263","0F71149D9C614C36E340E830A0AD8003015C8C656A3DB89ABA39760C24389263","True"
"projects/06-mutex/course/07_FreeRTOS_RecursiveMutex_Semaphore/Library/TIMER.c","68A9D9BBDB446C51E0C577B7E7969E8F3513AF7E4736C10BC6D579FBF5661435","68A9D9BBDB446C51E0C577B7E7969E8F3513AF7E4736C10BC6D579FBF5661435","True"
"projects/06-mutex/course/07_FreeRTOS_RecursiveMutex_Semaphore/Library/TIMER.h","51A72D9863C245195AD3CD40ADDB0D573930D5AB540B30D3D971AD2AF6B2E80E","51A72D9863C245195AD3CD40ADDB0D573930D5AB540B30D3D971AD2AF6B2E80E","True"
"projects/06-mutex/course/07_FreeRTOS_RecursiveMutex_Semaphore/Library/USART_config.h","73E72408B41955E419784B2A24B0FBD8AD81A334AA38EB9DB60A7DDAE97AD633","73E72408B41955E419784B2A24B0FBD8AD81A334AA38EB9DB60A7DDAE97AD633","True"
"projects/06-mutex/course/07_FreeRTOS_RecursiveMutex_Semaphore/Library/USART0.c","090832CB28525FC58A2B62D32A0CBFABA134C47E9A79E47573855CF78EEB67E9","090832CB28525FC58A2B62D32A0CBFABA134C47E9A79E47573855CF78EEB67E9","True"
"projects/06-mutex/course/07_FreeRTOS_RecursiveMutex_Semaphore/Library/USART0.h","6016FD90E22446BB90BE0996EA5EE6493AB9CDF6E7F71024ED583F05C4860399","6016FD90E22446BB90BE0996EA5EE6493AB9CDF6E7F71024ED583F05C4860399","True"
"projects/06-mutex/course/07_FreeRTOS_RecursiveMutex_Semaphore/Project/GD32F407.uvprojx","DFA735BB80FB328EACB866BAD99B5B65EAB8BB5B336B19E663010896F5E83D17","DFA735BB80FB328EACB866BAD99B5B65EAB8BB5B336B19E663010896F5E83D17","True"
"projects/06-mutex/course/07_FreeRTOS_RecursiveMutex_Semaphore/Project/Target 1_alog.txt","9F8792EAF79F58422DC532950542FD394BAE6B211EF8F6B2D72A4E77F8092FFE","9F8792EAF79F58422DC532950542FD394BAE6B211EF8F6B2D72A4E77F8092FFE","True"
"projects/06-mutex/course/07_FreeRTOS_RecursiveMutex_Semaphore/Project/Target 1_analysis.xlsx","C5A8ABE9D275ED6DA2D52A33C2F9031660A9FE0DABCBF50A571EE44603404506","C5A8ABE9D275ED6DA2D52A33C2F9031660A9FE0DABCBF50A571EE44603404506","True"
"projects/06-mutex/course/07_FreeRTOS_RecursiveMutex_Semaphore/Project/Target 1_sort_by_flash.csv","2DFE4ECD5CAB72469B4D9B9F0E83809975DFA1F55772030400410EB636B43B43","2DFE4ECD5CAB72469B4D9B9F0E83809975DFA1F55772030400410EB636B43B43","True"
"projects/06-mutex/course/07_FreeRTOS_RecursiveMutex_Semaphore/Project/Target 1_sort_by_ram.csv","A14631C6AA4FD8F1F2512B9ECA56D1E50DAA60847BAA06303D72B998B615E6ED","A14631C6AA4FD8F1F2512B9ECA56D1E50DAA60847BAA06303D72B998B615E6ED","True"
"projects/06-mutex/course/07_FreeRTOS_RecursiveMutex_Semaphore/README.md","E3B0C44298FC1C149AFBF4C8996FB92427AE41E4649B934CA495991B7852B855","E3B0C44298FC1C149AFBF4C8996FB92427AE41E4649B934CA495991B7852B855","True"
"projects/06-mutex/course/07_FreeRTOS_RecursiveMutex_Semaphore/User/gd32f4xx_it.c","4AF8D0E30992B84018E763B4465FAF58DB22B108F3E64F997CE229AE1243FBFC","4AF8D0E30992B84018E763B4465FAF58DB22B108F3E64F997CE229AE1243FBFC","True"
"projects/06-mutex/course/07_FreeRTOS_RecursiveMutex_Semaphore/User/gd32f4xx_it.h","B4995762AE5CEB7125CC9720CEA7E2BAD8640C23B87ED1856D9B8A380A5FC8C3","B4995762AE5CEB7125CC9720CEA7E2BAD8640C23B87ED1856D9B8A380A5FC8C3","True"
"projects/06-mutex/course/07_FreeRTOS_RecursiveMutex_Semaphore/User/gd32f4xx_libopt.h","702C6D85987BCDDDD363A8412C5806255F6C746065DA984EB21896C5DDD6BF09","702C6D85987BCDDDD363A8412C5806255F6C746065DA984EB21896C5DDD6BF09","True"
"projects/06-mutex/course/07_FreeRTOS_RecursiveMutex_Semaphore/User/main.c","637782BF41A19A653D767AF941CD800CF06773DCFD274F06F0405D62788E0A8D","637782BF41A19A653D767AF941CD800CF06773DCFD274F06F0405D62788E0A8D","True"
"projects/06-mutex/course/07_FreeRTOS_RecursiveMutex_Semaphore/User/main.h","32C273B119ABF22DA51E2782C09853A1545B1DF1364A13EFFA2B465379E1A53C","32C273B119ABF22DA51E2782C09853A1545B1DF1364A13EFFA2B465379E1A53C","True"
"projects/06-mutex/course/07_FreeRTOS_RecursiveMutex_Semaphore/User/readme.txt","A45BD1E14D470B46BE2D57C9D35147E41204556CC4BB4E25EA3C7B6B424A0B7C","A45BD1E14D470B46BE2D57C9D35147E41204556CC4BB4E25EA3C7B6B424A0B7C","True"
"projects/06-mutex/course/07_FreeRTOS_RecursiveMutex_Semaphore/User/systick.c","8D524363D38E222D3E8A2281F06972493AE62F379A138637B65419C59E06CBD2","8D524363D38E222D3E8A2281F06972493AE62F379A138637B65419C59E06CBD2","True"
"projects/06-mutex/course/07_FreeRTOS_RecursiveMutex_Semaphore/User/systick.h","E74F1981340E6162CCE52F39F73009B1570EFB7F024410652F494E77997DA025","E74F1981340E6162CCE52F39F73009B1570EFB7F024410652F494E77997DA025","True"
"projects/07-queue/course/08_FreeRTOS_Queue/Doc/readme.txt","E3B0C44298FC1C149AFBF4C8996FB92427AE41E4649B934CA495991B7852B855","E3B0C44298FC1C149AFBF4C8996FB92427AE41E4649B934CA495991B7852B855","True"
"projects/07-queue/course/08_FreeRTOS_Queue/Firmware/CMSIS/core_cm4_simd.h","0C2A0C2D66C7791B82CA19D10336C96518830EF359F6BFD9DA7477BC2CBCCBBB","0C2A0C2D66C7791B82CA19D10336C96518830EF359F6BFD9DA7477BC2CBCCBBB","True"
"projects/07-queue/course/08_FreeRTOS_Queue/Firmware/CMSIS/core_cm4.h","4756546E1449D17B1A7DEE2F3307F2C92C9F1D669C3F5DFC3EE1DEC8AEE9A8F7","4756546E1449D17B1A7DEE2F3307F2C92C9F1D669C3F5DFC3EE1DEC8AEE9A8F7","True"
"projects/07-queue/course/08_FreeRTOS_Queue/Firmware/CMSIS/core_cmFunc.h","5075FF67C8E264B83D9B391C07C6512E26ABBC189E321DE0D8B4375476980E5E","5075FF67C8E264B83D9B391C07C6512E26ABBC189E321DE0D8B4375476980E5E","True"
"projects/07-queue/course/08_FreeRTOS_Queue/Firmware/CMSIS/core_cmInstr.h","C35DDCA16CA04646DC70ACF2D592AD9EAEAAECD8125A32ABB710069648266EB5","C35DDCA16CA04646DC70ACF2D592AD9EAEAAECD8125A32ABB710069648266EB5","True"
"projects/07-queue/course/08_FreeRTOS_Queue/Firmware/CMSIS/GD/GD32F4xx/Include/gd32f4xx.h","96F1F6884C9885D32DF760A385CA0B5E8E9B20C066F71B946771A00503623A62","96F1F6884C9885D32DF760A385CA0B5E8E9B20C066F71B946771A00503623A62","True"
"projects/07-queue/course/08_FreeRTOS_Queue/Firmware/CMSIS/GD/GD32F4xx/Include/system_gd32f4xx.h","98EF2DD6DD7F6D2542C4D5CA83E9869BE3630B43300CB9AB453703E4277913BD","98EF2DD6DD7F6D2542C4D5CA83E9869BE3630B43300CB9AB453703E4277913BD","True"
"projects/07-queue/course/08_FreeRTOS_Queue/Firmware/CMSIS/GD/GD32F4xx/Source/ARM/startup_gd32f405_425.s","AEF6290F6950C0B7FB922FD12B91B3FC34ADA707A6846AA5D7A1277FDD50FBD9","AEF6290F6950C0B7FB922FD12B91B3FC34ADA707A6846AA5D7A1277FDD50FBD9","True"
"projects/07-queue/course/08_FreeRTOS_Queue/Firmware/CMSIS/GD/GD32F4xx/Source/ARM/startup_gd32f407_427.s","65127CC1FFC7BB0C6E3AB3E1EF32C8F935D09EF4A83AC4914E089D40C39B8B5B","65127CC1FFC7BB0C6E3AB3E1EF32C8F935D09EF4A83AC4914E089D40C39B8B5B","True"
"projects/07-queue/course/08_FreeRTOS_Queue/Firmware/CMSIS/GD/GD32F4xx/Source/ARM/startup_gd32f450_470.s","A4E9852BA47AAD025DE9645D067FAB33DDA87B8E82DEA6D77B3364F902345299","A4E9852BA47AAD025DE9645D067FAB33DDA87B8E82DEA6D77B3364F902345299","True"
"projects/07-queue/course/08_FreeRTOS_Queue/Firmware/CMSIS/GD/GD32F4xx/Source/IAR/startup_gd32f405_425.s","70E76C6AD0182A5682773261E308008BC1102C09839605A0E058851173026836","70E76C6AD0182A5682773261E308008BC1102C09839605A0E058851173026836","True"
"projects/07-queue/course/08_FreeRTOS_Queue/Firmware/CMSIS/GD/GD32F4xx/Source/IAR/startup_gd32f407_427.s","550D6CA54DE7F8FCB2791AAF9141666BA15978C55017FA6798BF0CA80A2864C6","550D6CA54DE7F8FCB2791AAF9141666BA15978C55017FA6798BF0CA80A2864C6","True"
"projects/07-queue/course/08_FreeRTOS_Queue/Firmware/CMSIS/GD/GD32F4xx/Source/IAR/startup_gd32f450_470.s","EE6654F1D551C6937D014FE943342B0395A32076E5AC8DD688C600EACB9BD343","EE6654F1D551C6937D014FE943342B0395A32076E5AC8DD688C600EACB9BD343","True"
"projects/07-queue/course/08_FreeRTOS_Queue/Firmware/CMSIS/GD/GD32F4xx/Source/system_gd32f4xx.c","8F66A123756716CF74297A7B54EEC616F230CBBC37DFB60F21BF05D1BC070836","8F66A123756716CF74297A7B54EEC616F230CBBC37DFB60F21BF05D1BC070836","True"
"projects/07-queue/course/08_FreeRTOS_Queue/Firmware/GD32F4xx_standard_peripheral/Include/gd32f4xx_adc.h","D6B41E007F1EE95E5FA1B495F94924F7E6166439FBF3E9234A26B5FA6C32F1DE","D6B41E007F1EE95E5FA1B495F94924F7E6166439FBF3E9234A26B5FA6C32F1DE","True"
"projects/07-queue/course/08_FreeRTOS_Queue/Firmware/GD32F4xx_standard_peripheral/Include/gd32f4xx_can.h","62A96066D7B8A1CEF45AB4092FCE5058B962050EB1C9E4B3585F0E19B9F30578","62A96066D7B8A1CEF45AB4092FCE5058B962050EB1C9E4B3585F0E19B9F30578","True"
"projects/07-queue/course/08_FreeRTOS_Queue/Firmware/GD32F4xx_standard_peripheral/Include/gd32f4xx_crc.h","4870F145AEEC968F3A7A0A5068105591E1ADEB9A37A5E47FDCC9D27D7D3AFBD6","4870F145AEEC968F3A7A0A5068105591E1ADEB9A37A5E47FDCC9D27D7D3AFBD6","True"
"projects/07-queue/course/08_FreeRTOS_Queue/Firmware/GD32F4xx_standard_peripheral/Include/gd32f4xx_ctc.h","900AB7D5F9C585834166A58966C8D523FF91D410066D00BBED3E6522C25782D7","900AB7D5F9C585834166A58966C8D523FF91D410066D00BBED3E6522C25782D7","True"
"projects/07-queue/course/08_FreeRTOS_Queue/Firmware/GD32F4xx_standard_peripheral/Include/gd32f4xx_dac.h","86057CC0C52A32F955A12F47ABA1E4997AC2DABA13B10A686D8777579F638AFB","86057CC0C52A32F955A12F47ABA1E4997AC2DABA13B10A686D8777579F638AFB","True"
"projects/07-queue/course/08_FreeRTOS_Queue/Firmware/GD32F4xx_standard_peripheral/Include/gd32f4xx_dbg.h","21A089B5880F1D101116BD37EAAC7A085A103901A40900E75941130D901B150E","21A089B5880F1D101116BD37EAAC7A085A103901A40900E75941130D901B150E","True"
"projects/07-queue/course/08_FreeRTOS_Queue/Firmware/GD32F4xx_standard_peripheral/Include/gd32f4xx_dci.h","787F449F0B2EBA5BBCC92B0D50899FA668CEA6ED9CCAB3960EBA0B2253CC7748","787F449F0B2EBA5BBCC92B0D50899FA668CEA6ED9CCAB3960EBA0B2253CC7748","True"
"projects/07-queue/course/08_FreeRTOS_Queue/Firmware/GD32F4xx_standard_peripheral/Include/gd32f4xx_dma.h","F358957EBF98C4C449480A088E349CDAC2716394C24FA4111DE08B06FCDC5094","F358957EBF98C4C449480A088E349CDAC2716394C24FA4111DE08B06FCDC5094","True"
"projects/07-queue/course/08_FreeRTOS_Queue/Firmware/GD32F4xx_standard_peripheral/Include/gd32f4xx_enet.h","2BDBC2BE9B0E3BA398DEEAB38021442A2CFEEDFF21FC353CF3B16C717A2CDF9B","2BDBC2BE9B0E3BA398DEEAB38021442A2CFEEDFF21FC353CF3B16C717A2CDF9B","True"
"projects/07-queue/course/08_FreeRTOS_Queue/Firmware/GD32F4xx_standard_peripheral/Include/gd32f4xx_exmc.h","68482B678DD868085A6BE6317EEC18873D43F895936E503487E843E561A0D55E","68482B678DD868085A6BE6317EEC18873D43F895936E503487E843E561A0D55E","True"
"projects/07-queue/course/08_FreeRTOS_Queue/Firmware/GD32F4xx_standard_peripheral/Include/gd32f4xx_exti.h","705948F029F63A5995D9849A60E417D6210ECE34C8E942C76A2D4E7A2B927426","705948F029F63A5995D9849A60E417D6210ECE34C8E942C76A2D4E7A2B927426","True"
"projects/07-queue/course/08_FreeRTOS_Queue/Firmware/GD32F4xx_standard_peripheral/Include/gd32f4xx_fmc.h","5A5D9F0B1CE1E7486206130F80048F81A6D3E9E6337BF0A4C69D4A1D5EDC9F7E","5A5D9F0B1CE1E7486206130F80048F81A6D3E9E6337BF0A4C69D4A1D5EDC9F7E","True"
"projects/07-queue/course/08_FreeRTOS_Queue/Firmware/GD32F4xx_standard_peripheral/Include/gd32f4xx_fwdgt.h","04CB4EE0D6526910CF9CA8BEFC437FC6DF3FDFE09FB0BC418AB7EA5C19611A50","04CB4EE0D6526910CF9CA8BEFC437FC6DF3FDFE09FB0BC418AB7EA5C19611A50","True"
"projects/07-queue/course/08_FreeRTOS_Queue/Firmware/GD32F4xx_standard_peripheral/Include/gd32f4xx_gpio.h","A20501A28644BF45B8E3C4AB2A7237466805C1480B06E7D6C8585296D7F08787","A20501A28644BF45B8E3C4AB2A7237466805C1480B06E7D6C8585296D7F08787","True"
"projects/07-queue/course/08_FreeRTOS_Queue/Firmware/GD32F4xx_standard_peripheral/Include/gd32f4xx_i2c.h","6CF4053E2452263CDFCB98DA0832CE1F2F1B0380C1BEA5D4284C1DF0D5CBBB05","6CF4053E2452263CDFCB98DA0832CE1F2F1B0380C1BEA5D4284C1DF0D5CBBB05","True"
"projects/07-queue/course/08_FreeRTOS_Queue/Firmware/GD32F4xx_standard_peripheral/Include/gd32f4xx_ipa.h","1AD22068402E09BAE4117E637ED972FCD7452751CCBE01C7829AEA7DF45AE8AE","1AD22068402E09BAE4117E637ED972FCD7452751CCBE01C7829AEA7DF45AE8AE","True"
"projects/07-queue/course/08_FreeRTOS_Queue/Firmware/GD32F4xx_standard_peripheral/Include/gd32f4xx_iref.h","D9D1E67FD4473F44B2F7E22BB78C3DFA9B5109D083AF1B0FDC63EC657B241C4A","D9D1E67FD4473F44B2F7E22BB78C3DFA9B5109D083AF1B0FDC63EC657B241C4A","True"
"projects/07-queue/course/08_FreeRTOS_Queue/Firmware/GD32F4xx_standard_peripheral/Include/gd32f4xx_misc.h","0A918F830F0200C0E806DFB50594259783E69D8ADBC27708705567F7193D35FB","0A918F830F0200C0E806DFB50594259783E69D8ADBC27708705567F7193D35FB","True"
"projects/07-queue/course/08_FreeRTOS_Queue/Firmware/GD32F4xx_standard_peripheral/Include/gd32f4xx_pmu.h","B9A72B6E42083EFD170C0C5FBE579C5D6417F9BBF674DB36041BE96FCBD84636","B9A72B6E42083EFD170C0C5FBE579C5D6417F9BBF674DB36041BE96FCBD84636","True"
"projects/07-queue/course/08_FreeRTOS_Queue/Firmware/GD32F4xx_standard_peripheral/Include/gd32f4xx_rcu.h","AC2B2AE653EDC89E674EDA24E1CFE8B511B73984AE0CABED3DF60BA61F8EEF08","AC2B2AE653EDC89E674EDA24E1CFE8B511B73984AE0CABED3DF60BA61F8EEF08","True"
"projects/07-queue/course/08_FreeRTOS_Queue/Firmware/GD32F4xx_standard_peripheral/Include/gd32f4xx_rtc.h","1798B1B495683096D4491CF0F854957D2AD60612F65A801ED0E7A4BEE49FA549","1798B1B495683096D4491CF0F854957D2AD60612F65A801ED0E7A4BEE49FA549","True"
"projects/07-queue/course/08_FreeRTOS_Queue/Firmware/GD32F4xx_standard_peripheral/Include/gd32f4xx_sdio.h","8D6813EFC565E3085611D767EA4E670E0C76A256C6F17FC93F313BCB11D0385A","8D6813EFC565E3085611D767EA4E670E0C76A256C6F17FC93F313BCB11D0385A","True"
"projects/07-queue/course/08_FreeRTOS_Queue/Firmware/GD32F4xx_standard_peripheral/Include/gd32f4xx_spi.h","4C6360C8FE58D4A38E4870BCBA17630857551D3EC7B4BD3DDEB5085C31240B1C","4C6360C8FE58D4A38E4870BCBA17630857551D3EC7B4BD3DDEB5085C31240B1C","True"
"projects/07-queue/course/08_FreeRTOS_Queue/Firmware/GD32F4xx_standard_peripheral/Include/gd32f4xx_syscfg.h","5060FEF0A07A3FC1396A31F09F95FE1D134F8A1FB1581E3DD98BB6078108C447","5060FEF0A07A3FC1396A31F09F95FE1D134F8A1FB1581E3DD98BB6078108C447","True"
"projects/07-queue/course/08_FreeRTOS_Queue/Firmware/GD32F4xx_standard_peripheral/Include/gd32f4xx_timer.h","7A79F81F1D862A1B49F23BFE05B1AC751A71E761B6E63C2DFFABE6C7BC69AC49","7A79F81F1D862A1B49F23BFE05B1AC751A71E761B6E63C2DFFABE6C7BC69AC49","True"
"projects/07-queue/course/08_FreeRTOS_Queue/Firmware/GD32F4xx_standard_peripheral/Include/gd32f4xx_tli.h","1B94EA157AC8CE2FED962B0C4FF95B6702C6194300AA51B04C3AAFE493768D2A","1B94EA157AC8CE2FED962B0C4FF95B6702C6194300AA51B04C3AAFE493768D2A","True"
"projects/07-queue/course/08_FreeRTOS_Queue/Firmware/GD32F4xx_standard_peripheral/Include/gd32f4xx_trng.h","91E2BB5AFFEFA65F90927FAD795FAA0F4204516284ECA38E461506F0CD9CA924","91E2BB5AFFEFA65F90927FAD795FAA0F4204516284ECA38E461506F0CD9CA924","True"
"projects/07-queue/course/08_FreeRTOS_Queue/Firmware/GD32F4xx_standard_peripheral/Include/gd32f4xx_usart.h","6CF40E957A1216C99E3663D667DE1944C42272897011834BF20ADCD97E791074","6CF40E957A1216C99E3663D667DE1944C42272897011834BF20ADCD97E791074","True"
"projects/07-queue/course/08_FreeRTOS_Queue/Firmware/GD32F4xx_standard_peripheral/Include/gd32f4xx_wwdgt.h","01EECFC98B4507AEB8F0AFBE7D994EA0A617A79E5D4EB2D1D4A85979BA014EFE","01EECFC98B4507AEB8F0AFBE7D994EA0A617A79E5D4EB2D1D4A85979BA014EFE","True"
"projects/07-queue/course/08_FreeRTOS_Queue/Firmware/GD32F4xx_standard_peripheral/Source/gd32f4xx_adc.c","8A5C91EC7A397B53EFD086646674D273ECE00F36C9610AB50715FE1521BA4112","8A5C91EC7A397B53EFD086646674D273ECE00F36C9610AB50715FE1521BA4112","True"
"projects/07-queue/course/08_FreeRTOS_Queue/Firmware/GD32F4xx_standard_peripheral/Source/gd32f4xx_can.c","CE0E343B00856972EABACCC1F4D88C051796A8D1E30C4596312FC29A533DB8BA","CE0E343B00856972EABACCC1F4D88C051796A8D1E30C4596312FC29A533DB8BA","True"
"projects/07-queue/course/08_FreeRTOS_Queue/Firmware/GD32F4xx_standard_peripheral/Source/gd32f4xx_crc.c","C14034159E72E082AA70E2A8CBA60FFCF950B63D75AE467706632F32EC00F315","C14034159E72E082AA70E2A8CBA60FFCF950B63D75AE467706632F32EC00F315","True"
"projects/07-queue/course/08_FreeRTOS_Queue/Firmware/GD32F4xx_standard_peripheral/Source/gd32f4xx_ctc.c","07F4A6385C6FFB2E18ECF95DAAE6A431FB91262FA988835A249A64F4002280A1","07F4A6385C6FFB2E18ECF95DAAE6A431FB91262FA988835A249A64F4002280A1","True"
"projects/07-queue/course/08_FreeRTOS_Queue/Firmware/GD32F4xx_standard_peripheral/Source/gd32f4xx_dac.c","ACE5C99F1E2774D955CA4E4D5D6E81B2D831F718098487EA3E8C2C34C960E160","ACE5C99F1E2774D955CA4E4D5D6E81B2D831F718098487EA3E8C2C34C960E160","True"
"projects/07-queue/course/08_FreeRTOS_Queue/Firmware/GD32F4xx_standard_peripheral/Source/gd32f4xx_dbg.c","6EEC659FD6B5C549226BAE8E9C9C78785B064D557434189BB221287D550FE291","6EEC659FD6B5C549226BAE8E9C9C78785B064D557434189BB221287D550FE291","True"
"projects/07-queue/course/08_FreeRTOS_Queue/Firmware/GD32F4xx_standard_peripheral/Source/gd32f4xx_dci.c","B99613D9A21A02DD39117F30B9A488B859209AB3489DCFDE7361D147CDF76516","B99613D9A21A02DD39117F30B9A488B859209AB3489DCFDE7361D147CDF76516","True"
"projects/07-queue/course/08_FreeRTOS_Queue/Firmware/GD32F4xx_standard_peripheral/Source/gd32f4xx_dma.c","2D943A169ABABCC22CBC6C41665F5CE375C30B63005954E1D34BB3218CB63FAF","2D943A169ABABCC22CBC6C41665F5CE375C30B63005954E1D34BB3218CB63FAF","True"
"projects/07-queue/course/08_FreeRTOS_Queue/Firmware/GD32F4xx_standard_peripheral/Source/gd32f4xx_enet.c","3051E8737C463D23D07B9C9AD937BC7C488BB573738B2313982870DAA670E87E","3051E8737C463D23D07B9C9AD937BC7C488BB573738B2313982870DAA670E87E","True"
"projects/07-queue/course/08_FreeRTOS_Queue/Firmware/GD32F4xx_standard_peripheral/Source/gd32f4xx_exmc.c","E4A79B377C89D9EB8BD5BE101E273AD5EFBA0C2A24FB4621AB7BC124BEEEAEBF","E4A79B377C89D9EB8BD5BE101E273AD5EFBA0C2A24FB4621AB7BC124BEEEAEBF","True"
"projects/07-queue/course/08_FreeRTOS_Queue/Firmware/GD32F4xx_standard_peripheral/Source/gd32f4xx_exti.c","FCE4A7ECA93486D71A9E5758642F2282AE7F8805DBB559312837A0B17577FE58","FCE4A7ECA93486D71A9E5758642F2282AE7F8805DBB559312837A0B17577FE58","True"
"projects/07-queue/course/08_FreeRTOS_Queue/Firmware/GD32F4xx_standard_peripheral/Source/gd32f4xx_fmc.c","15408829D2405432FC8ED73D5D8C6BBB1E6C74540F1B817983BABD62E22CAB16","15408829D2405432FC8ED73D5D8C6BBB1E6C74540F1B817983BABD62E22CAB16","True"
"projects/07-queue/course/08_FreeRTOS_Queue/Firmware/GD32F4xx_standard_peripheral/Source/gd32f4xx_fwdgt.c","05B67D15069CED6F0472E4115ECD16064402E0D6220561499000025A8CD189B7","05B67D15069CED6F0472E4115ECD16064402E0D6220561499000025A8CD189B7","True"
"projects/07-queue/course/08_FreeRTOS_Queue/Firmware/GD32F4xx_standard_peripheral/Source/gd32f4xx_gpio.c","262BEFE864D5DA3BADA64D0B3DAB29E5C2747E46B154EDE8BCAB0B788DB614E0","262BEFE864D5DA3BADA64D0B3DAB29E5C2747E46B154EDE8BCAB0B788DB614E0","True"
"projects/07-queue/course/08_FreeRTOS_Queue/Firmware/GD32F4xx_standard_peripheral/Source/gd32f4xx_i2c.c","8EDFAF1A8F0BF2833923D0072FE1B9D0467382B3EC1D243E918D0DE9711CCCD2","8EDFAF1A8F0BF2833923D0072FE1B9D0467382B3EC1D243E918D0DE9711CCCD2","True"
"projects/07-queue/course/08_FreeRTOS_Queue/Firmware/GD32F4xx_standard_peripheral/Source/gd32f4xx_ipa.c","38A8350304763C1C83B4D2341F6782B090CA09ABE541AC360089B5CB454BCF57","38A8350304763C1C83B4D2341F6782B090CA09ABE541AC360089B5CB454BCF57","True"
"projects/07-queue/course/08_FreeRTOS_Queue/Firmware/GD32F4xx_standard_peripheral/Source/gd32f4xx_iref.c","24F2FCFCD20882FD3E65773A281A827BF5391A0A8054324EEF7C98BB3F2B9B80","24F2FCFCD20882FD3E65773A281A827BF5391A0A8054324EEF7C98BB3F2B9B80","True"
"projects/07-queue/course/08_FreeRTOS_Queue/Firmware/GD32F4xx_standard_peripheral/Source/gd32f4xx_misc.c","1CD262F295155428C25DEDC69BFBAB99F7A99DE09E0B602ECA1F2C6017CFE2DA","1CD262F295155428C25DEDC69BFBAB99F7A99DE09E0B602ECA1F2C6017CFE2DA","True"
"projects/07-queue/course/08_FreeRTOS_Queue/Firmware/GD32F4xx_standard_peripheral/Source/gd32f4xx_pmu.c","DAFA94838A55132E3313234C5AC2BE6172116DC26574347363D554EFFB186D79","DAFA94838A55132E3313234C5AC2BE6172116DC26574347363D554EFFB186D79","True"
"projects/07-queue/course/08_FreeRTOS_Queue/Firmware/GD32F4xx_standard_peripheral/Source/gd32f4xx_rcu.c","6C1030EB58EC7CB9C41E2A1FF31DDEF87F70DD083222327978234004C4E95B98","6C1030EB58EC7CB9C41E2A1FF31DDEF87F70DD083222327978234004C4E95B98","True"
"projects/07-queue/course/08_FreeRTOS_Queue/Firmware/GD32F4xx_standard_peripheral/Source/gd32f4xx_rtc.c","EEA5BCB92C88A7BAB9F3740F8E9408236412A546B03A5467F21B0F94A01183E7","EEA5BCB92C88A7BAB9F3740F8E9408236412A546B03A5467F21B0F94A01183E7","True"
"projects/07-queue/course/08_FreeRTOS_Queue/Firmware/GD32F4xx_standard_peripheral/Source/gd32f4xx_sdio.c","9D8F3E488C74C44A30C4D0BBB9CD8D86555D898CA9C36F259CE57609959B9854","9D8F3E488C74C44A30C4D0BBB9CD8D86555D898CA9C36F259CE57609959B9854","True"
"projects/07-queue/course/08_FreeRTOS_Queue/Firmware/GD32F4xx_standard_peripheral/Source/gd32f4xx_spi.c","CE06438E9AD5882A0FCA88DFE658DD925ED3320BA574C2797E2F93ACF6142459","CE06438E9AD5882A0FCA88DFE658DD925ED3320BA574C2797E2F93ACF6142459","True"
"projects/07-queue/course/08_FreeRTOS_Queue/Firmware/GD32F4xx_standard_peripheral/Source/gd32f4xx_syscfg.c","51A7A5E70F3064424CC6E2F6A06942B47ADAAC8C36A6612EE08B1643557B3CA3","51A7A5E70F3064424CC6E2F6A06942B47ADAAC8C36A6612EE08B1643557B3CA3","True"
"projects/07-queue/course/08_FreeRTOS_Queue/Firmware/GD32F4xx_standard_peripheral/Source/gd32f4xx_timer.c","3961465CF6BA39554E34C02183C50676A4AB9B3991A6AAD32D271754B2506B14","3961465CF6BA39554E34C02183C50676A4AB9B3991A6AAD32D271754B2506B14","True"
"projects/07-queue/course/08_FreeRTOS_Queue/Firmware/GD32F4xx_standard_peripheral/Source/gd32f4xx_tli.c","881A02E692AFD4A0B6848A929B0B8C79148911AD7543CF611287C45E82372541","881A02E692AFD4A0B6848A929B0B8C79148911AD7543CF611287C45E82372541","True"
"projects/07-queue/course/08_FreeRTOS_Queue/Firmware/GD32F4xx_standard_peripheral/Source/gd32f4xx_trng.c","BA9093D046A01C997AA54D2DE9F663E8AF32FB9E53C950CFC640F1033FCD6C53","BA9093D046A01C997AA54D2DE9F663E8AF32FB9E53C950CFC640F1033FCD6C53","True"
"projects/07-queue/course/08_FreeRTOS_Queue/Firmware/GD32F4xx_standard_peripheral/Source/gd32f4xx_usart.c","F67FA54D9C9537317BE92D95FD880A394D9ABE98DF708E5AA821FBFA392AE9B0","F67FA54D9C9537317BE92D95FD880A394D9ABE98DF708E5AA821FBFA392AE9B0","True"
"projects/07-queue/course/08_FreeRTOS_Queue/Firmware/GD32F4xx_standard_peripheral/Source/gd32f4xx_wwdgt.c","0ED39DE6F0101E10DDCB476E6EF21C44D2282D4F689D0D0D70F9E04940E6F0FE","0ED39DE6F0101E10DDCB476E6EF21C44D2282D4F689D0D0D70F9E04940E6F0FE","True"
"projects/07-queue/course/08_FreeRTOS_Queue/Firmware/GD32F4xx_usb_library/device/class/audio/Include/audio_core.h","D4550583AD93FB3EED7D288FB84CA5E1B57269E088FB073E541A666B636FEC00","D4550583AD93FB3EED7D288FB84CA5E1B57269E088FB073E541A666B636FEC00","True"
"projects/07-queue/course/08_FreeRTOS_Queue/Firmware/GD32F4xx_usb_library/device/class/audio/Include/audio_out_itf.h","77FB54DEA6431AF26C1DE2B1CCFB8186FAC92519D817556FE6B31FDE7947310B","77FB54DEA6431AF26C1DE2B1CCFB8186FAC92519D817556FE6B31FDE7947310B","True"
"projects/07-queue/course/08_FreeRTOS_Queue/Firmware/GD32F4xx_usb_library/device/class/audio/Source/audio_core.c","E134ABAB42ADA7E2D9C6BAD56032F4358FBD37B82E3861496BFE8DC7B4263D32","E134ABAB42ADA7E2D9C6BAD56032F4358FBD37B82E3861496BFE8DC7B4263D32","True"
"projects/07-queue/course/08_FreeRTOS_Queue/Firmware/GD32F4xx_usb_library/device/class/audio/Source/audio_out_itf.c","33F0490E4B3CE2315D51257BB877A233BA7293BF83F1272113382989476B887B","33F0490E4B3CE2315D51257BB877A233BA7293BF83F1272113382989476B887B","True"
"projects/07-queue/course/08_FreeRTOS_Queue/Firmware/GD32F4xx_usb_library/device/class/cdc/Include/cdc_acm_core.h","58A53B46A222A4CA1B4F35901A48555A22FF6C8EF95DCB23E651A64512A0B8EC","58A53B46A222A4CA1B4F35901A48555A22FF6C8EF95DCB23E651A64512A0B8EC","True"
"projects/07-queue/course/08_FreeRTOS_Queue/Firmware/GD32F4xx_usb_library/device/class/cdc/Source/cdc_acm_core.c","92F6D272CB501A2E0E8020A5C7C3FDBF3F6267044A5F00C248A53BDC23867E71","92F6D272CB501A2E0E8020A5C7C3FDBF3F6267044A5F00C248A53BDC23867E71","True"
"projects/07-queue/course/08_FreeRTOS_Queue/Firmware/GD32F4xx_usb_library/device/class/dfu/Include/dfu_core.h","B074E46C11DFC3D6F057E7C91263A7894A8598F5AD27062A8F0C737739F0AC4B","B074E46C11DFC3D6F057E7C91263A7894A8598F5AD27062A8F0C737739F0AC4B","True"
"projects/07-queue/course/08_FreeRTOS_Queue/Firmware/GD32F4xx_usb_library/device/class/dfu/Include/dfu_mem.h","EE0FA900E1595041DB2524E57A7684A911AFEC27BD737544CB8ACC1A419B54F3","EE0FA900E1595041DB2524E57A7684A911AFEC27BD737544CB8ACC1A419B54F3","True"
"projects/07-queue/course/08_FreeRTOS_Queue/Firmware/GD32F4xx_usb_library/device/class/dfu/Source/dfu_core.c","EE0B61F48E523F816E1977AB5667701D4A30C9D7994809DAEC56A6C22B6B23F2","EE0B61F48E523F816E1977AB5667701D4A30C9D7994809DAEC56A6C22B6B23F2","True"
"projects/07-queue/course/08_FreeRTOS_Queue/Firmware/GD32F4xx_usb_library/device/class/dfu/Source/dfu_mem.c","1740852FD0411642AAD47BF10951D51DE5338CA02239C634C4A28211CC0B6BD5","1740852FD0411642AAD47BF10951D51DE5338CA02239C634C4A28211CC0B6BD5","True"
"projects/07-queue/course/08_FreeRTOS_Queue/Firmware/GD32F4xx_usb_library/device/class/hid/Include/custom_hid_core.h","3D8630539B539B75241B088BA5CB2BD6A6377EBE6A0C026E14E4D9F618149F3C","3D8630539B539B75241B088BA5CB2BD6A6377EBE6A0C026E14E4D9F618149F3C","True"
"projects/07-queue/course/08_FreeRTOS_Queue/Firmware/GD32F4xx_usb_library/device/class/hid/Include/standard_hid_core.h","B43958E8EF0BB4E5939D1B1279F2B4D25791ABD357C51504FB08C6BF5CDE5A55","B43958E8EF0BB4E5939D1B1279F2B4D25791ABD357C51504FB08C6BF5CDE5A55","True"
"projects/07-queue/course/08_FreeRTOS_Queue/Firmware/GD32F4xx_usb_library/device/class/hid/Source/custom_hid_core.c","E31D924422097B600884693E2CFB38C20E4215861DFC8BBDFF3058C9A9133668","E31D924422097B600884693E2CFB38C20E4215861DFC8BBDFF3058C9A9133668","True"
"projects/07-queue/course/08_FreeRTOS_Queue/Firmware/GD32F4xx_usb_library/device/class/hid/Source/standard_hid_core.c","976542C7FC8C038846C71E4C5E6755B3C9364C8C09425F671FA694F1F14889A1","976542C7FC8C038846C71E4C5E6755B3C9364C8C09425F671FA694F1F14889A1","True"
"projects/07-queue/course/08_FreeRTOS_Queue/Firmware/GD32F4xx_usb_library/device/class/iap/Include/usb_iap_core.h","0C5491567E7452BE4CDC0099BC8F6E5B6ACA7B9C273FDB95647264938337C163","0C5491567E7452BE4CDC0099BC8F6E5B6ACA7B9C273FDB95647264938337C163","True"
"projects/07-queue/course/08_FreeRTOS_Queue/Firmware/GD32F4xx_usb_library/device/class/iap/Source/usb_iap_core.c","B48D8EDB4882F57E2EE0B7CD17D94A4EA574BBFDB3EF72F35355FB7B8CBF374D","B48D8EDB4882F57E2EE0B7CD17D94A4EA574BBFDB3EF72F35355FB7B8CBF374D","True"
"projects/07-queue/course/08_FreeRTOS_Queue/Firmware/GD32F4xx_usb_library/device/class/msc/Include/usbd_msc_bbb.h","FCE4E4A9E17E3C7AD6EF23BF6284354B3C1E0BC79E2E3D8C51C00C7CBA88598F","FCE4E4A9E17E3C7AD6EF23BF6284354B3C1E0BC79E2E3D8C51C00C7CBA88598F","True"
"projects/07-queue/course/08_FreeRTOS_Queue/Firmware/GD32F4xx_usb_library/device/class/msc/Include/usbd_msc_core.h","1B56E50C7F78BD46CC86E131565DA5A3CA050901171A99D33526283996D0062C","1B56E50C7F78BD46CC86E131565DA5A3CA050901171A99D33526283996D0062C","True"
"projects/07-queue/course/08_FreeRTOS_Queue/Firmware/GD32F4xx_usb_library/device/class/msc/Include/usbd_msc_mem.h","4219910F0D5565CBF2CB7DE2191FFFAD41F01F9903EC160827C6F441FC9FE241","4219910F0D5565CBF2CB7DE2191FFFAD41F01F9903EC160827C6F441FC9FE241","True"
"projects/07-queue/course/08_FreeRTOS_Queue/Firmware/GD32F4xx_usb_library/device/class/msc/Include/usbd_msc_scsi.h","8A843A759A5D1013DB6524B1547453013DA00C202F03A7011B604C8E79F96A2D","8A843A759A5D1013DB6524B1547453013DA00C202F03A7011B604C8E79F96A2D","True"
"projects/07-queue/course/08_FreeRTOS_Queue/Firmware/GD32F4xx_usb_library/device/class/msc/Source/usbd_msc_bbb.c","D613ECDDAB72A03DE672E4669F2549F5CE93259C09819FCBD78DB49DBBEFA4A5","D613ECDDAB72A03DE672E4669F2549F5CE93259C09819FCBD78DB49DBBEFA4A5","True"
"projects/07-queue/course/08_FreeRTOS_Queue/Firmware/GD32F4xx_usb_library/device/class/msc/Source/usbd_msc_core.c","5C5983C2884B08AA4A480B29929E20A502741C56CEFD717E48A6FE5C807BBB5C","5C5983C2884B08AA4A480B29929E20A502741C56CEFD717E48A6FE5C807BBB5C","True"
"projects/07-queue/course/08_FreeRTOS_Queue/Firmware/GD32F4xx_usb_library/device/class/msc/Source/usbd_msc_scsi.c","062E1DF310C0FEED9372585E09D4A317F65B8E0E03BD70C14AA7418A99C5EFFD","062E1DF310C0FEED9372585E09D4A317F65B8E0E03BD70C14AA7418A99C5EFFD","True"
"projects/07-queue/course/08_FreeRTOS_Queue/Firmware/GD32F4xx_usb_library/device/class/printer/Include/printer_core.h","4231DAE7349CC3643150EC1E90A5CEFB4ADF23ADC0314E82EF001BDFCD7D7E8C","4231DAE7349CC3643150EC1E90A5CEFB4ADF23ADC0314E82EF001BDFCD7D7E8C","True"
"projects/07-queue/course/08_FreeRTOS_Queue/Firmware/GD32F4xx_usb_library/device/class/printer/Source/printer_core.c","93EB77FF7A45DA1424244E1FFA25755A259E43B815D00B14C319BEC17A079831","93EB77FF7A45DA1424244E1FFA25755A259E43B815D00B14C319BEC17A079831","True"
"projects/07-queue/course/08_FreeRTOS_Queue/Firmware/GD32F4xx_usb_library/device/core/Include/usbd_core.h","A205D78D7C4299519538D5057744916BCB5459EC963BFBD6AA42101197B15041","A205D78D7C4299519538D5057744916BCB5459EC963BFBD6AA42101197B15041","True"
"projects/07-queue/course/08_FreeRTOS_Queue/Firmware/GD32F4xx_usb_library/device/core/Include/usbd_enum.h","9DE97ED85BA71120379BF876FAF752FA7900784D1614C18D1E9ECEA6C7E2C897","9DE97ED85BA71120379BF876FAF752FA7900784D1614C18D1E9ECEA6C7E2C897","True"
"projects/07-queue/course/08_FreeRTOS_Queue/Firmware/GD32F4xx_usb_library/device/core/Include/usbd_transc.h","7598A18B6AA5696B7D15C3F8DA6F0F04C37BCA44D48C86FD5A7BD92850A17681","7598A18B6AA5696B7D15C3F8DA6F0F04C37BCA44D48C86FD5A7BD92850A17681","True"
"projects/07-queue/course/08_FreeRTOS_Queue/Firmware/GD32F4xx_usb_library/device/core/Source/usbd_core.c","74A04240E3912EF2D959396250678FF65E41A6D65E4C92CDDB7BABEBC646A12F","74A04240E3912EF2D959396250678FF65E41A6D65E4C92CDDB7BABEBC646A12F","True"
"projects/07-queue/course/08_FreeRTOS_Queue/Firmware/GD32F4xx_usb_library/device/core/Source/usbd_enum.c","07C9D4AF518D9659D3696A574638D2238413C849345915F347B1CE91C02A81EE","07C9D4AF518D9659D3696A574638D2238413C849345915F347B1CE91C02A81EE","True"
"projects/07-queue/course/08_FreeRTOS_Queue/Firmware/GD32F4xx_usb_library/device/core/Source/usbd_transc.c","CE5E569F4CBB0918250C03000276FD987E116E69F489EEC7B049B790A5A87F37","CE5E569F4CBB0918250C03000276FD987E116E69F489EEC7B049B790A5A87F37","True"
"projects/07-queue/course/08_FreeRTOS_Queue/Firmware/GD32F4xx_usb_library/driver/Include/drv_usb_core.h","D7957D291F199B35772CE89782B17558BCC73B935F66F80C5B7FBE16DDBA5875","D7957D291F199B35772CE89782B17558BCC73B935F66F80C5B7FBE16DDBA5875","True"
"projects/07-queue/course/08_FreeRTOS_Queue/Firmware/GD32F4xx_usb_library/driver/Include/drv_usb_dev.h","CAF5D56EBAFDBA9FC9F167418A1616E4291B112EDBF47A8654BD9A98F8C17B9A","CAF5D56EBAFDBA9FC9F167418A1616E4291B112EDBF47A8654BD9A98F8C17B9A","True"
"projects/07-queue/course/08_FreeRTOS_Queue/Firmware/GD32F4xx_usb_library/driver/Include/drv_usb_host.h","FB4056A260F60FDA977AB1139EBFCF00E53B5C3E697FDDA573B902A413BFFF14","FB4056A260F60FDA977AB1139EBFCF00E53B5C3E697FDDA573B902A413BFFF14","True"
"projects/07-queue/course/08_FreeRTOS_Queue/Firmware/GD32F4xx_usb_library/driver/Include/drv_usb_hw.h","81DBB2D76CD496106998EAA694DA78184988C9618E06CFE573E5D6B5FA1C1F20","81DBB2D76CD496106998EAA694DA78184988C9618E06CFE573E5D6B5FA1C1F20","True"
"projects/07-queue/course/08_FreeRTOS_Queue/Firmware/GD32F4xx_usb_library/driver/Include/drv_usb_regs.h","048A97F0FF66F557EE6A5E829F8AA0336D69E13E63151CF4D64092D0FF9606BA","048A97F0FF66F557EE6A5E829F8AA0336D69E13E63151CF4D64092D0FF9606BA","True"
"projects/07-queue/course/08_FreeRTOS_Queue/Firmware/GD32F4xx_usb_library/driver/Include/drv_usbd_int.h","3B71749A04450BBEC4838039BC3C6482EE1D7ECB509B97DA5151F362F918A8F4","3B71749A04450BBEC4838039BC3C6482EE1D7ECB509B97DA5151F362F918A8F4","True"
"projects/07-queue/course/08_FreeRTOS_Queue/Firmware/GD32F4xx_usb_library/driver/Include/drv_usbh_int.h","5268EE8F0ACCEE9C9E848AE421F3F1B83B8EFA72B8854F08A5756C16C3873997","5268EE8F0ACCEE9C9E848AE421F3F1B83B8EFA72B8854F08A5756C16C3873997","True"
"projects/07-queue/course/08_FreeRTOS_Queue/Firmware/GD32F4xx_usb_library/driver/Source/drv_usb_core.c","B90492A8404BCBDCBBA9D31D38AD75D2D85B6014CCACF6EEA77B23F69CF5F623","B90492A8404BCBDCBBA9D31D38AD75D2D85B6014CCACF6EEA77B23F69CF5F623","True"
"projects/07-queue/course/08_FreeRTOS_Queue/Firmware/GD32F4xx_usb_library/driver/Source/drv_usb_dev.c","93CA6CD491C5E0FEA197D5AC7F10BA23E6973543DA7AEED38BFC1AE3A0DC474B","93CA6CD491C5E0FEA197D5AC7F10BA23E6973543DA7AEED38BFC1AE3A0DC474B","True"
"projects/07-queue/course/08_FreeRTOS_Queue/Firmware/GD32F4xx_usb_library/driver/Source/drv_usb_host.c","D9F6DE1A16C13351C6947A1D8C735A2FA2EF6495159EF75E8C84A903003853EA","D9F6DE1A16C13351C6947A1D8C735A2FA2EF6495159EF75E8C84A903003853EA","True"
"projects/07-queue/course/08_FreeRTOS_Queue/Firmware/GD32F4xx_usb_library/driver/Source/drv_usbd_int.c","6D629C1B2EE8A05BD9C1B8E20F2664410AFC9608E9489CCAC5BE881D10D0A715","6D629C1B2EE8A05BD9C1B8E20F2664410AFC9608E9489CCAC5BE881D10D0A715","True"
"projects/07-queue/course/08_FreeRTOS_Queue/Firmware/GD32F4xx_usb_library/driver/Source/drv_usbh_int.c","4D390034615DF35FB792026BD76844C922F387580E291039F1BC5F6B6C982486","4D390034615DF35FB792026BD76844C922F387580E291039F1BC5F6B6C982486","True"
"projects/07-queue/course/08_FreeRTOS_Queue/Firmware/GD32F4xx_usb_library/host/class/hid/Include/usbh_hid_core.h","0DEC84719141C68389EC4F957111FB6DC21A5BE55159A808A9D4D20759E447AA","0DEC84719141C68389EC4F957111FB6DC21A5BE55159A808A9D4D20759E447AA","True"
"projects/07-queue/course/08_FreeRTOS_Queue/Firmware/GD32F4xx_usb_library/host/class/hid/Include/usbh_standard_hid.h","9DFF3D162D5690F986145FC6A50E8BE49EE6EA57B0DF5DE92708173ECE1231A8","9DFF3D162D5690F986145FC6A50E8BE49EE6EA57B0DF5DE92708173ECE1231A8","True"
"projects/07-queue/course/08_FreeRTOS_Queue/Firmware/GD32F4xx_usb_library/host/class/hid/Source/usbh_hid_core.c","2CDAFDF63EBB98A454A09ACC070B9C2E925C7EEC29AF318F1A8CE5F913C5D200","2CDAFDF63EBB98A454A09ACC070B9C2E925C7EEC29AF318F1A8CE5F913C5D200","True"
"projects/07-queue/course/08_FreeRTOS_Queue/Firmware/GD32F4xx_usb_library/host/class/hid/Source/usbh_standard_hid.c","324F535D3213364159EF30D0AB69CB69472D94EE6A25F07D1C624D1B4BB315C3","324F535D3213364159EF30D0AB69CB69472D94EE6A25F07D1C624D1B4BB315C3","True"
"projects/07-queue/course/08_FreeRTOS_Queue/Firmware/GD32F4xx_usb_library/host/class/msc/Include/usbh_msc_bbb.h","FE164E019DB850549FA0EDB8A4B2F0C38FF1C7540A834B935C91268D0E275FF8","FE164E019DB850549FA0EDB8A4B2F0C38FF1C7540A834B935C91268D0E275FF8","True"
"projects/07-queue/course/08_FreeRTOS_Queue/Firmware/GD32F4xx_usb_library/host/class/msc/Include/usbh_msc_core.h","34B4B4AED85F332B815096EE4C39FBA67C77FEF1F9EB79FC470603568CBE2DC9","34B4B4AED85F332B815096EE4C39FBA67C77FEF1F9EB79FC470603568CBE2DC9","True"
"projects/07-queue/course/08_FreeRTOS_Queue/Firmware/GD32F4xx_usb_library/host/class/msc/Include/usbh_msc_scsi.h","E6E8CA26D9A2ABFFE14A21AF356CB07C4058D9052DFD22B46205EC11884A867A","E6E8CA26D9A2ABFFE14A21AF356CB07C4058D9052DFD22B46205EC11884A867A","True"
"projects/07-queue/course/08_FreeRTOS_Queue/Firmware/GD32F4xx_usb_library/host/class/msc/Source/usbh_msc_bbb.c","2A82AD623D78CCC1802D851AB7FB124D6ABB5DBEA980AA8C6517E26FF906E049","2A82AD623D78CCC1802D851AB7FB124D6ABB5DBEA980AA8C6517E26FF906E049","True"
"projects/07-queue/course/08_FreeRTOS_Queue/Firmware/GD32F4xx_usb_library/host/class/msc/Source/usbh_msc_core.c","5DF338C15161E6C7A6424179245E0E373973B22E81DEA91111AD5613AE0C8690","5DF338C15161E6C7A6424179245E0E373973B22E81DEA91111AD5613AE0C8690","True"
"projects/07-queue/course/08_FreeRTOS_Queue/Firmware/GD32F4xx_usb_library/host/class/msc/Source/usbh_msc_fatfs.c","8FD0C5B44F9AC0E35427803F9761E40A5297CAA2ACC078CB9FDE3C25BA4036B1","8FD0C5B44F9AC0E35427803F9761E40A5297CAA2ACC078CB9FDE3C25BA4036B1","True"
"projects/07-queue/course/08_FreeRTOS_Queue/Firmware/GD32F4xx_usb_library/host/class/msc/Source/usbh_msc_scsi.c","45E6AD746800250C90834AC684D207DA486F3F0FDA8503284DEF2C537F952A85","45E6AD746800250C90834AC684D207DA486F3F0FDA8503284DEF2C537F952A85","True"
"projects/07-queue/course/08_FreeRTOS_Queue/Firmware/GD32F4xx_usb_library/host/core/Include/usbh_core.h","8919B0DA3BC89862AC89DA53BD34CC4F8AF2F7ECEBF23493D3BC0980570EC67D","8919B0DA3BC89862AC89DA53BD34CC4F8AF2F7ECEBF23493D3BC0980570EC67D","True"
"projects/07-queue/course/08_FreeRTOS_Queue/Firmware/GD32F4xx_usb_library/host/core/Include/usbh_enum.h","A08D6A471BE77A6BFDF916E166E4A95B49358F209E0708080E4A441D7D454897","A08D6A471BE77A6BFDF916E166E4A95B49358F209E0708080E4A441D7D454897","True"
"projects/07-queue/course/08_FreeRTOS_Queue/Firmware/GD32F4xx_usb_library/host/core/Include/usbh_pipe.h","D1AA31749DB419F147E34BF1608F3C79D8846FC9067B138CE90DCC6D68A724B2","D1AA31749DB419F147E34BF1608F3C79D8846FC9067B138CE90DCC6D68A724B2","True"
"projects/07-queue/course/08_FreeRTOS_Queue/Firmware/GD32F4xx_usb_library/host/core/Include/usbh_transc.h","B0A9300C836592E16782062A0D898645ADC64EFD21AD96F46B8EF6EBD876499C","B0A9300C836592E16782062A0D898645ADC64EFD21AD96F46B8EF6EBD876499C","True"
"projects/07-queue/course/08_FreeRTOS_Queue/Firmware/GD32F4xx_usb_library/host/core/Source/usbh_core.c","2E61C1493A0F04D944A9B1E01924A57908552C5C5920F357DF984F098988DF08","2E61C1493A0F04D944A9B1E01924A57908552C5C5920F357DF984F098988DF08","True"
"projects/07-queue/course/08_FreeRTOS_Queue/Firmware/GD32F4xx_usb_library/host/core/Source/usbh_enum.c","273217F6826C6D57A1D210D2A58974AE97A27E15951B98BE25BBCCDEA8133871","273217F6826C6D57A1D210D2A58974AE97A27E15951B98BE25BBCCDEA8133871","True"
"projects/07-queue/course/08_FreeRTOS_Queue/Firmware/GD32F4xx_usb_library/host/core/Source/usbh_pipe.c","E8A4253E2A4224333C4343EE0FFD5F280C9875EF57702F44C1973CBD42EDD2E0","E8A4253E2A4224333C4343EE0FFD5F280C9875EF57702F44C1973CBD42EDD2E0","True"
"projects/07-queue/course/08_FreeRTOS_Queue/Firmware/GD32F4xx_usb_library/host/core/Source/usbh_transc.c","CF1AE1FCF884275E82634538E997D8D24C31FBE959140909F5BB4E34BCA0BBEF","CF1AE1FCF884275E82634538E997D8D24C31FBE959140909F5BB4E34BCA0BBEF","True"
"projects/07-queue/course/08_FreeRTOS_Queue/Firmware/GD32F4xx_usb_library/ustd/class/cdc/usb_cdc.h","FCD43C4F51573D30F01573E2D2856E0BE969C8FFD02D415AADFB69A595DECF4E","FCD43C4F51573D30F01573E2D2856E0BE969C8FFD02D415AADFB69A595DECF4E","True"
"projects/07-queue/course/08_FreeRTOS_Queue/Firmware/GD32F4xx_usb_library/ustd/class/hid/usb_hid.h","F3C6A02D4FC46F9512465B6EB2951C8CDDB956AF73422AAB9D2A1BAFC69F2E7B","F3C6A02D4FC46F9512465B6EB2951C8CDDB956AF73422AAB9D2A1BAFC69F2E7B","True"
"projects/07-queue/course/08_FreeRTOS_Queue/Firmware/GD32F4xx_usb_library/ustd/class/msc/msc_bbb.h","B884B8F8F7CFAF22512EDE7AE709B5F3591E126D2919AECF4E2B4D7EFEA1F5D6","B884B8F8F7CFAF22512EDE7AE709B5F3591E126D2919AECF4E2B4D7EFEA1F5D6","True"
"projects/07-queue/course/08_FreeRTOS_Queue/Firmware/GD32F4xx_usb_library/ustd/class/msc/msc_scsi.h","8842CF305E996369687FA89568C9AEE3D46F745E1AEF6EB58B1A3F519F863631","8842CF305E996369687FA89568C9AEE3D46F745E1AEF6EB58B1A3F519F863631","True"
"projects/07-queue/course/08_FreeRTOS_Queue/Firmware/GD32F4xx_usb_library/ustd/class/msc/usb_msc.h","E3C2A096085131687F121DE426EF9154F23CCC26E877129243A648FB8C90B216","E3C2A096085131687F121DE426EF9154F23CCC26E877129243A648FB8C90B216","True"
"projects/07-queue/course/08_FreeRTOS_Queue/Firmware/GD32F4xx_usb_library/ustd/common/usb_ch9_std.h","B5249865F377709E456F76CA76CA5499ACE39BAD6A452832DBE535F1989C6D22","B5249865F377709E456F76CA76CA5499ACE39BAD6A452832DBE535F1989C6D22","True"
"projects/07-queue/course/08_FreeRTOS_Queue/FreeRTOS/CMakeLists.txt","277777817A51C3B8548C84A61CF5341C43DA40769C833A05AD46FDBD6F7CEED7","277777817A51C3B8548C84A61CF5341C43DA40769C833A05AD46FDBD6F7CEED7","True"
"projects/07-queue/course/08_FreeRTOS_Queue/FreeRTOS/croutine.c","EBF0CDCE261DC4A256C06C0D4AD2582E6026A6DA0E973D4CB92092E94CE8F370","EBF0CDCE261DC4A256C06C0D4AD2582E6026A6DA0E973D4CB92092E94CE8F370","True"
"projects/07-queue/course/08_FreeRTOS_Queue/FreeRTOS/event_groups.c","76E967B14D231E4F31F014F1564F359A7BFD36BFA263EE6F437AFA8C056DF657","76E967B14D231E4F31F014F1564F359A7BFD36BFA263EE6F437AFA8C056DF657","True"
"projects/07-queue/course/08_FreeRTOS_Queue/FreeRTOS/FreeRTOSConfig.h","39B67078D0BB8FD3849F2BB44091A07464B4877075443CB4F6D28AA464C8C05C","39B67078D0BB8FD3849F2BB44091A07464B4877075443CB4F6D28AA464C8C05C","True"
"projects/07-queue/course/08_FreeRTOS_Queue/FreeRTOS/include/atomic.h","E6EB26727C6CD0A87E4DEC91CC55B2B1313CC3829E06662A0C73E62CAFD1E751","E6EB26727C6CD0A87E4DEC91CC55B2B1313CC3829E06662A0C73E62CAFD1E751","True"
"projects/07-queue/course/08_FreeRTOS_Queue/FreeRTOS/include/croutine.h","CF52C15FA26A8D4F82B55909B75EBFE2AAB25468BA7780748912DDEAD9812B4E","CF52C15FA26A8D4F82B55909B75EBFE2AAB25468BA7780748912DDEAD9812B4E","True"
"projects/07-queue/course/08_FreeRTOS_Queue/FreeRTOS/include/deprecated_definitions.h","35000A143464BBBD8DF7C9A6F066A64598A24DA5174A7BE33972E62BFBD75F4D","35000A143464BBBD8DF7C9A6F066A64598A24DA5174A7BE33972E62BFBD75F4D","True"
"projects/07-queue/course/08_FreeRTOS_Queue/FreeRTOS/include/event_groups.h","7A38D7A3CE24BD2FF6C6003C94EEA7AA7972179B1F17C1A91374334C6069F027","7A38D7A3CE24BD2FF6C6003C94EEA7AA7972179B1F17C1A91374334C6069F027","True"
"projects/07-queue/course/08_FreeRTOS_Queue/FreeRTOS/include/FreeRTOS.h","03E9C94ABA57E3CF7F4F73BC2D3EB4A96AE38F3425EEDB5450622CA286475A0B","03E9C94ABA57E3CF7F4F73BC2D3EB4A96AE38F3425EEDB5450622CA286475A0B","True"
"projects/07-queue/course/08_FreeRTOS_Queue/FreeRTOS/include/list.h","DC572F54391C0407FC25DB360D912FCA9118CDDAE7BD2E3099EB13F18804E5A9","DC572F54391C0407FC25DB360D912FCA9118CDDAE7BD2E3099EB13F18804E5A9","True"
"projects/07-queue/course/08_FreeRTOS_Queue/FreeRTOS/include/message_buffer.h","9A8141D3D6C8044A57D7E448180C9BD2ED32E45DED32BE288D095A39DCED91AB","9A8141D3D6C8044A57D7E448180C9BD2ED32E45DED32BE288D095A39DCED91AB","True"
"projects/07-queue/course/08_FreeRTOS_Queue/FreeRTOS/include/mpu_prototypes.h","2B46A2511CE5D23A56BC83079333D8D0A2E33763E5829C9383252806887A3DC0","2B46A2511CE5D23A56BC83079333D8D0A2E33763E5829C9383252806887A3DC0","True"
"projects/07-queue/course/08_FreeRTOS_Queue/FreeRTOS/include/mpu_wrappers.h","5014408CC33F0F616215F2B48C67B0D47CCC35BFD5F0044AC653B5BBC6CF5778","5014408CC33F0F616215F2B48C67B0D47CCC35BFD5F0044AC653B5BBC6CF5778","True"
"projects/07-queue/course/08_FreeRTOS_Queue/FreeRTOS/include/portable.h","7ADE8F368002778C723B3C4E14084910B7225CD36363ED0C948E9EA36C6F251F","7ADE8F368002778C723B3C4E14084910B7225CD36363ED0C948E9EA36C6F251F","True"
"projects/07-queue/course/08_FreeRTOS_Queue/FreeRTOS/include/projdefs.h","F1FA9FAA0D14851DFF86AACA00559F4B474E5F6D68772D0072842E25351D98B3","F1FA9FAA0D14851DFF86AACA00559F4B474E5F6D68772D0072842E25351D98B3","True"
"projects/07-queue/course/08_FreeRTOS_Queue/FreeRTOS/include/queue.h","A3763E24A5A3A38413996FC8392EFD6ADD1D1EE3EF507FBA22DAF75682241FEB","A3763E24A5A3A38413996FC8392EFD6ADD1D1EE3EF507FBA22DAF75682241FEB","True"
"projects/07-queue/course/08_FreeRTOS_Queue/FreeRTOS/include/semphr.h","C624E8CDFC07844D4CF35382F3CC908C872375C7A3048482BDC110BDA88CC4F2","C624E8CDFC07844D4CF35382F3CC908C872375C7A3048482BDC110BDA88CC4F2","True"
"projects/07-queue/course/08_FreeRTOS_Queue/FreeRTOS/include/stack_macros.h","3CDDF2B3D47AE387E376AC75EB468F9D8FFB575D68C143E08D54AF4087474CCE","3CDDF2B3D47AE387E376AC75EB468F9D8FFB575D68C143E08D54AF4087474CCE","True"
"projects/07-queue/course/08_FreeRTOS_Queue/FreeRTOS/include/StackMacros.h","6460E81C910496D51BC39011E35D17F5B5437B5DEB03F9E91222F796D8C8BF79","6460E81C910496D51BC39011E35D17F5B5437B5DEB03F9E91222F796D8C8BF79","True"
"projects/07-queue/course/08_FreeRTOS_Queue/FreeRTOS/include/stream_buffer.h","B876D839460197D94D0F95FB93C6AEB457F6FC572D32258480FED7D4DE686B6B","B876D839460197D94D0F95FB93C6AEB457F6FC572D32258480FED7D4DE686B6B","True"
"projects/07-queue/course/08_FreeRTOS_Queue/FreeRTOS/include/task.h","CB1B0BBCDC66E39BA3B5A09B3E2829A5D376B8990735980613514903A3C5F493","CB1B0BBCDC66E39BA3B5A09B3E2829A5D376B8990735980613514903A3C5F493","True"
"projects/07-queue/course/08_FreeRTOS_Queue/FreeRTOS/include/timers.h","08D73A99380A1BA61376258C52F4FDDF5DF5B6DCBE0F86B0EA03F11A5CA58459","08D73A99380A1BA61376258C52F4FDDF5DF5B6DCBE0F86B0EA03F11A5CA58459","True"
"projects/07-queue/course/08_FreeRTOS_Queue/FreeRTOS/list.c","DB5C169CF3EFD68DA1C6A923AC84EEBC724D602C940BDE0B9B5F01F05028FDE4","DB5C169CF3EFD68DA1C6A923AC84EEBC724D602C940BDE0B9B5F01F05028FDE4","True"
"projects/07-queue/course/08_FreeRTOS_Queue/FreeRTOS/manifest.yml","F71AEBB742E00AD33F877B3B679B4C24CDB709D7980C3E7836438758DBAA0139","F71AEBB742E00AD33F877B3B679B4C24CDB709D7980C3E7836438758DBAA0139","True"
"projects/07-queue/course/08_FreeRTOS_Queue/FreeRTOS/portable/GCC/ARM_CM4F/port.c","11F2202099ED9A73F5AE5EF9DAC414F6D9B257D6480BD9C9A1E38A71B3EE8D41","11F2202099ED9A73F5AE5EF9DAC414F6D9B257D6480BD9C9A1E38A71B3EE8D41","True"
"projects/07-queue/course/08_FreeRTOS_Queue/FreeRTOS/portable/GCC/ARM_CM4F/portmacro.h","D569E2A29AF1C742B69CB16E15D256611FA7979BDA2B355E03426D3C40369E42","D569E2A29AF1C742B69CB16E15D256611FA7979BDA2B355E03426D3C40369E42","True"
"projects/07-queue/course/08_FreeRTOS_Queue/FreeRTOS/portable/MemMang/heap_1.c","286E3FEE81C9107FC6DEC40405F500CABDCA56836D29747C182F0899BB8997FD","286E3FEE81C9107FC6DEC40405F500CABDCA56836D29747C182F0899BB8997FD","True"
"projects/07-queue/course/08_FreeRTOS_Queue/FreeRTOS/portable/MemMang/heap_2.c","A7B035B9ED786593143C8317ACFB49DE21B6450F246036A72331593577E5408B","A7B035B9ED786593143C8317ACFB49DE21B6450F246036A72331593577E5408B","True"
"projects/07-queue/course/08_FreeRTOS_Queue/FreeRTOS/portable/MemMang/heap_3.c","E2D5DBB3F3CCBADD8E7AE778F30C18D28B0532EBFE81B03AA6A20E3F75242853","E2D5DBB3F3CCBADD8E7AE778F30C18D28B0532EBFE81B03AA6A20E3F75242853","True"
"projects/07-queue/course/08_FreeRTOS_Queue/FreeRTOS/portable/MemMang/heap_4.c","D48A51E34CAED771E6650D95F6C2527E52FDE2A6EBC6F83B49D003AEF0135E05","D48A51E34CAED771E6650D95F6C2527E52FDE2A6EBC6F83B49D003AEF0135E05","True"
"projects/07-queue/course/08_FreeRTOS_Queue/FreeRTOS/portable/MemMang/heap_5.c","71B7988059E801A962DC76B956666AAB5564788D5AE437F590080DCB3FDF1881","71B7988059E801A962DC76B956666AAB5564788D5AE437F590080DCB3FDF1881","True"
"projects/07-queue/course/08_FreeRTOS_Queue/FreeRTOS/portable/RVDS/ARM_CA9/port.c","484F1EF17F58F3DF0B06026E1BFC8E44471DF51B33CB36D196A2D61369085A9B","484F1EF17F58F3DF0B06026E1BFC8E44471DF51B33CB36D196A2D61369085A9B","True"
"projects/07-queue/course/08_FreeRTOS_Queue/FreeRTOS/portable/RVDS/ARM_CA9/portASM.s","CECD728B929B81E8484C603CA00A0F95754C8EC3FF5F6D51728A3563C2E1187C","CECD728B929B81E8484C603CA00A0F95754C8EC3FF5F6D51728A3563C2E1187C","True"
"projects/07-queue/course/08_FreeRTOS_Queue/FreeRTOS/portable/RVDS/ARM_CA9/portmacro.h","AF5E80736D03E02590745B6781BB03809D68721BFAB0213C02B3697A4C4F8814","AF5E80736D03E02590745B6781BB03809D68721BFAB0213C02B3697A4C4F8814","True"
"projects/07-queue/course/08_FreeRTOS_Queue/FreeRTOS/portable/RVDS/ARM_CM0/port.c","76BE44D607E9E2CB32743386F1A97FF98E7463744DAF687773A0967B00B7F20F","76BE44D607E9E2CB32743386F1A97FF98E7463744DAF687773A0967B00B7F20F","True"
"projects/07-queue/course/08_FreeRTOS_Queue/FreeRTOS/portable/RVDS/ARM_CM0/portmacro.h","8E89F1A754EFF06CDCC206A4BDC13F41211D31A432981759FA25B184941078DE","8E89F1A754EFF06CDCC206A4BDC13F41211D31A432981759FA25B184941078DE","True"
"projects/07-queue/course/08_FreeRTOS_Queue/FreeRTOS/portable/RVDS/ARM_CM3/port.c","0F5A2323E1BDC135D37FA40DAFAC766095C46FE623F9A20CBF2F0D92405B4067","0F5A2323E1BDC135D37FA40DAFAC766095C46FE623F9A20CBF2F0D92405B4067","True"
"projects/07-queue/course/08_FreeRTOS_Queue/FreeRTOS/portable/RVDS/ARM_CM3/portmacro.h","7B6EEFBBA5194658CF11B14F97DD540B1CEEDCB40178F0C97244A063AC53F4E2","7B6EEFBBA5194658CF11B14F97DD540B1CEEDCB40178F0C97244A063AC53F4E2","True"
"projects/07-queue/course/08_FreeRTOS_Queue/FreeRTOS/portable/RVDS/ARM_CM4_MPU/port.c","1EBEB0A72801D79FAB99F4D1C43B5D2F34DC75C34E9D39A25F057B304E40685C","1EBEB0A72801D79FAB99F4D1C43B5D2F34DC75C34E9D39A25F057B304E40685C","True"
"projects/07-queue/course/08_FreeRTOS_Queue/FreeRTOS/portable/RVDS/ARM_CM4_MPU/portmacro.h","4149E8C08E5AE89F05E1E1E8C5B3BD87143321FDF4510F5693885624B8148DDE","4149E8C08E5AE89F05E1E1E8C5B3BD87143321FDF4510F5693885624B8148DDE","True"
"projects/07-queue/course/08_FreeRTOS_Queue/FreeRTOS/portable/RVDS/ARM_CM4F/port.c","6493BDBCD8AC57B5739EDB5CECC8E55EF9C82A8F978FC2F05BE19B2FAF46CEDF","6493BDBCD8AC57B5739EDB5CECC8E55EF9C82A8F978FC2F05BE19B2FAF46CEDF","True"
"projects/07-queue/course/08_FreeRTOS_Queue/FreeRTOS/portable/RVDS/ARM_CM4F/portmacro.h","9AA2265C543E086FD40A1B22C3BAFE0E4C2950E1E1F6DE05C803E13D621F9438","9AA2265C543E086FD40A1B22C3BAFE0E4C2950E1E1F6DE05C803E13D621F9438","True"
"projects/07-queue/course/08_FreeRTOS_Queue/FreeRTOS/portable/RVDS/ARM_CM7/r0p1/port.c","0B428C045198D97CBF2C7B4BECB063FB067EE8F765F263A37EF3286839B4FE12","0B428C045198D97CBF2C7B4BECB063FB067EE8F765F263A37EF3286839B4FE12","True"
"projects/07-queue/course/08_FreeRTOS_Queue/FreeRTOS/portable/RVDS/ARM_CM7/r0p1/portmacro.h","641CCD46A7EBA0E476DEFE30B350847FEE8044DFBF503B6E1ECB9CE3CDACF9F9","641CCD46A7EBA0E476DEFE30B350847FEE8044DFBF503B6E1ECB9CE3CDACF9F9","True"
"projects/07-queue/course/08_FreeRTOS_Queue/FreeRTOS/portable/RVDS/ARM_CM7/ReadMe.txt","710C88C6D9BFCC4645C414F151EE23F4C28FB8B4932308B5EB7109EF07B1D1C6","710C88C6D9BFCC4645C414F151EE23F4C28FB8B4932308B5EB7109EF07B1D1C6","True"
"projects/07-queue/course/08_FreeRTOS_Queue/FreeRTOS/portable/RVDS/ARM7_LPC21xx/port.c","4F79AF04C94548F73D9DEEA4A81CC841FF172B8D1E27C5E544FB243BD3F147B3","4F79AF04C94548F73D9DEEA4A81CC841FF172B8D1E27C5E544FB243BD3F147B3","True"
"projects/07-queue/course/08_FreeRTOS_Queue/FreeRTOS/portable/RVDS/ARM7_LPC21xx/portASM.s","EEC6FD2E493EE97E8592C715AEC32C12EF8E5CEC861DEFCCCC6E30AE584FAFD6","EEC6FD2E493EE97E8592C715AEC32C12EF8E5CEC861DEFCCCC6E30AE584FAFD6","True"
"projects/07-queue/course/08_FreeRTOS_Queue/FreeRTOS/portable/RVDS/ARM7_LPC21xx/portmacro.h","7B796FC47E27A4AC381510536369605571DB0ECDD36BA9DBDB7AB4C02FC81C92","7B796FC47E27A4AC381510536369605571DB0ECDD36BA9DBDB7AB4C02FC81C92","True"
"projects/07-queue/course/08_FreeRTOS_Queue/FreeRTOS/queue.c","5CDF4FA35FE059446EFFFF5BF20DEAF83DDFFB08921BC198FDA106B1D17DD894","5CDF4FA35FE059446EFFFF5BF20DEAF83DDFFB08921BC198FDA106B1D17DD894","True"
"projects/07-queue/course/08_FreeRTOS_Queue/FreeRTOS/stream_buffer.c","86D948694C723B814C9606A6C804EA7C1BD30B3DA518D1D6A83B81F972E3A152","86D948694C723B814C9606A6C804EA7C1BD30B3DA518D1D6A83B81F972E3A152","True"
"projects/07-queue/course/08_FreeRTOS_Queue/FreeRTOS/tasks.c","14020D617B96DD2814E1211F6E3B645BCF5E2BD3179C23FE7DD16BC666FE9463","14020D617B96DD2814E1211F6E3B645BCF5E2BD3179C23FE7DD16BC666FE9463","True"
"projects/07-queue/course/08_FreeRTOS_Queue/FreeRTOS/timers.c","24962EF361F396AAA5E6E33776EEEDDAF2FB251C87B6FE50602ACC56C537B093","24962EF361F396AAA5E6E33776EEEDDAF2FB251C87B6FE50602ACC56C537B093","True"
"projects/07-queue/course/08_FreeRTOS_Queue/Hardware/bsp_buzzer.c","DB132610BB9FD25BB3606FEE7C189AD01FB3F68FEF38D105A74C0609C66B5CEE","DB132610BB9FD25BB3606FEE7C189AD01FB3F68FEF38D105A74C0609C66B5CEE","True"
"projects/07-queue/course/08_FreeRTOS_Queue/Hardware/bsp_buzzer.h","A849E5A19D17A5DED0E7438846AFA0D5E3636544ABFC356B361024CA882EC6C5","A849E5A19D17A5DED0E7438846AFA0D5E3636544ABFC356B361024CA882EC6C5","True"
"projects/07-queue/course/08_FreeRTOS_Queue/Hardware/bsp_buzzer2.c","D4F400CA00C8ACE082181E1D587A2B1CE7CC29C870BCA80C8A920BF78710B2C1","D4F400CA00C8ACE082181E1D587A2B1CE7CC29C870BCA80C8A920BF78710B2C1","True"
"projects/07-queue/course/08_FreeRTOS_Queue/Hardware/bsp_buzzer2.h","A849E5A19D17A5DED0E7438846AFA0D5E3636544ABFC356B361024CA882EC6C5","A849E5A19D17A5DED0E7438846AFA0D5E3636544ABFC356B361024CA882EC6C5","True"
"projects/07-queue/course/08_FreeRTOS_Queue/Hardware/bsp_keys.c","F9CE7CA7732415114E7154146B0D490E39AAE7E2C05E7344F24461B46FA985EC","F9CE7CA7732415114E7154146B0D490E39AAE7E2C05E7344F24461B46FA985EC","True"
"projects/07-queue/course/08_FreeRTOS_Queue/Hardware/bsp_keys.h","F64D5E4FADDC660DB8D181B7C63C92E9D3E84B21940BE4B1B930D9F2088E95CC","F64D5E4FADDC660DB8D181B7C63C92E9D3E84B21940BE4B1B930D9F2088E95CC","True"
"projects/07-queue/course/08_FreeRTOS_Queue/Library/EXTI_config.h","3FC4D72800A241220830F878A4A41597CFA7754FF9D907C88BCFE6B5DC2F95A4","3FC4D72800A241220830F878A4A41597CFA7754FF9D907C88BCFE6B5DC2F95A4","True"
"projects/07-queue/course/08_FreeRTOS_Queue/Library/EXTI.c","FB93261F829F40640F1A433BC5AAB1BBFA435DE2091BD64B2D1AFF65CDA4F2A6","FB93261F829F40640F1A433BC5AAB1BBFA435DE2091BD64B2D1AFF65CDA4F2A6","True"
"projects/07-queue/course/08_FreeRTOS_Queue/Library/EXTI.h","4F9D3299CE5AC87CA0A74350C61AA1E7BB6D6CA2151C36A683A2334CAC926B84","4F9D3299CE5AC87CA0A74350C61AA1E7BB6D6CA2151C36A683A2334CAC926B84","True"
"projects/07-queue/course/08_FreeRTOS_Queue/Library/I2C0.c","1902450E399F26AB11BABACB640C9C56389B2188FF852E3E6A58D60E16AF528E","1902450E399F26AB11BABACB640C9C56389B2188FF852E3E6A58D60E16AF528E","True"
"projects/07-queue/course/08_FreeRTOS_Queue/Library/I2C0.h","E30F8BA27DF76E3682B8D0325EB2B9DAAF13A20CFF0E1FC59A4625625996AF42","E30F8BA27DF76E3682B8D0325EB2B9DAAF13A20CFF0E1FC59A4625625996AF42","True"
"projects/07-queue/course/08_FreeRTOS_Queue/Library/TIMER_config.h","0F71149D9C614C36E340E830A0AD8003015C8C656A3DB89ABA39760C24389263","0F71149D9C614C36E340E830A0AD8003015C8C656A3DB89ABA39760C24389263","True"
"projects/07-queue/course/08_FreeRTOS_Queue/Library/TIMER.c","68A9D9BBDB446C51E0C577B7E7969E8F3513AF7E4736C10BC6D579FBF5661435","68A9D9BBDB446C51E0C577B7E7969E8F3513AF7E4736C10BC6D579FBF5661435","True"
"projects/07-queue/course/08_FreeRTOS_Queue/Library/TIMER.h","51A72D9863C245195AD3CD40ADDB0D573930D5AB540B30D3D971AD2AF6B2E80E","51A72D9863C245195AD3CD40ADDB0D573930D5AB540B30D3D971AD2AF6B2E80E","True"
"projects/07-queue/course/08_FreeRTOS_Queue/Library/USART_config.h","73E72408B41955E419784B2A24B0FBD8AD81A334AA38EB9DB60A7DDAE97AD633","73E72408B41955E419784B2A24B0FBD8AD81A334AA38EB9DB60A7DDAE97AD633","True"
"projects/07-queue/course/08_FreeRTOS_Queue/Library/USART0.c","090832CB28525FC58A2B62D32A0CBFABA134C47E9A79E47573855CF78EEB67E9","090832CB28525FC58A2B62D32A0CBFABA134C47E9A79E47573855CF78EEB67E9","True"
"projects/07-queue/course/08_FreeRTOS_Queue/Library/USART0.h","6016FD90E22446BB90BE0996EA5EE6493AB9CDF6E7F71024ED583F05C4860399","6016FD90E22446BB90BE0996EA5EE6493AB9CDF6E7F71024ED583F05C4860399","True"
"projects/07-queue/course/08_FreeRTOS_Queue/Project/GD32F407.uvprojx","8F68C75FBA90DC9E0CE7CE499DE9BF7D404DF5AB646E4FD723C15F058BE59F7B","8F68C75FBA90DC9E0CE7CE499DE9BF7D404DF5AB646E4FD723C15F058BE59F7B","True"
"projects/07-queue/course/08_FreeRTOS_Queue/Project/Target 1_alog.txt","6D619BB23D1E5B7C75EE7740320088F80DCB6281770C0A188AB95F10237F986E","6D619BB23D1E5B7C75EE7740320088F80DCB6281770C0A188AB95F10237F986E","True"
"projects/07-queue/course/08_FreeRTOS_Queue/Project/Target 1_analysis.xlsx","C5A79B5222A125A076CFE5CD00AE92C52BFEF088DD140AC9BD39FC472D8FF79D","C5A79B5222A125A076CFE5CD00AE92C52BFEF088DD140AC9BD39FC472D8FF79D","True"
"projects/07-queue/course/08_FreeRTOS_Queue/Project/Target 1_sort_by_flash.csv","34B6E194E3A87148A59C9D26B629F8FC26F202473997DF31F14FB4C42C75BA4B","34B6E194E3A87148A59C9D26B629F8FC26F202473997DF31F14FB4C42C75BA4B","True"
"projects/07-queue/course/08_FreeRTOS_Queue/Project/Target 1_sort_by_ram.csv","A1E09ED5484A55D910B47F52B8A4EC2DC5CD724EE11298B42E44562A361D377F","A1E09ED5484A55D910B47F52B8A4EC2DC5CD724EE11298B42E44562A361D377F","True"
"projects/07-queue/course/08_FreeRTOS_Queue/README.md","E3B0C44298FC1C149AFBF4C8996FB92427AE41E4649B934CA495991B7852B855","E3B0C44298FC1C149AFBF4C8996FB92427AE41E4649B934CA495991B7852B855","True"
"projects/07-queue/course/08_FreeRTOS_Queue/User/gd32f4xx_it.c","4AF8D0E30992B84018E763B4465FAF58DB22B108F3E64F997CE229AE1243FBFC","4AF8D0E30992B84018E763B4465FAF58DB22B108F3E64F997CE229AE1243FBFC","True"
"projects/07-queue/course/08_FreeRTOS_Queue/User/gd32f4xx_it.h","B4995762AE5CEB7125CC9720CEA7E2BAD8640C23B87ED1856D9B8A380A5FC8C3","B4995762AE5CEB7125CC9720CEA7E2BAD8640C23B87ED1856D9B8A380A5FC8C3","True"
"projects/07-queue/course/08_FreeRTOS_Queue/User/gd32f4xx_libopt.h","702C6D85987BCDDDD363A8412C5806255F6C746065DA984EB21896C5DDD6BF09","702C6D85987BCDDDD363A8412C5806255F6C746065DA984EB21896C5DDD6BF09","True"
"projects/07-queue/course/08_FreeRTOS_Queue/User/main.c","683D1D3B5AB1D6750DDCB753556E37C7EBCA9B2035085D6E9AD5B2247CDE37F3","683D1D3B5AB1D6750DDCB753556E37C7EBCA9B2035085D6E9AD5B2247CDE37F3","True"
"projects/07-queue/course/08_FreeRTOS_Queue/User/main.h","32C273B119ABF22DA51E2782C09853A1545B1DF1364A13EFFA2B465379E1A53C","32C273B119ABF22DA51E2782C09853A1545B1DF1364A13EFFA2B465379E1A53C","True"
"projects/07-queue/course/08_FreeRTOS_Queue/User/readme.txt","A45BD1E14D470B46BE2D57C9D35147E41204556CC4BB4E25EA3C7B6B424A0B7C","A45BD1E14D470B46BE2D57C9D35147E41204556CC4BB4E25EA3C7B6B424A0B7C","True"
"projects/07-queue/course/08_FreeRTOS_Queue/User/systick.c","8D524363D38E222D3E8A2281F06972493AE62F379A138637B65419C59E06CBD2","8D524363D38E222D3E8A2281F06972493AE62F379A138637B65419C59E06CBD2","True"
"projects/07-queue/course/08_FreeRTOS_Queue/User/systick.h","E74F1981340E6162CCE52F39F73009B1570EFB7F024410652F494E77997DA025","E74F1981340E6162CCE52F39F73009B1570EFB7F024410652F494E77997DA025","True"
"projects/08-event-groups/course/09_FreeRTOS_EventGroup/Doc/readme.txt","E3B0C44298FC1C149AFBF4C8996FB92427AE41E4649B934CA495991B7852B855","E3B0C44298FC1C149AFBF4C8996FB92427AE41E4649B934CA495991B7852B855","True"
"projects/08-event-groups/course/09_FreeRTOS_EventGroup/Firmware/CMSIS/core_cm4_simd.h","0C2A0C2D66C7791B82CA19D10336C96518830EF359F6BFD9DA7477BC2CBCCBBB","0C2A0C2D66C7791B82CA19D10336C96518830EF359F6BFD9DA7477BC2CBCCBBB","True"
"projects/08-event-groups/course/09_FreeRTOS_EventGroup/Firmware/CMSIS/core_cm4.h","4756546E1449D17B1A7DEE2F3307F2C92C9F1D669C3F5DFC3EE1DEC8AEE9A8F7","4756546E1449D17B1A7DEE2F3307F2C92C9F1D669C3F5DFC3EE1DEC8AEE9A8F7","True"
"projects/08-event-groups/course/09_FreeRTOS_EventGroup/Firmware/CMSIS/core_cmFunc.h","5075FF67C8E264B83D9B391C07C6512E26ABBC189E321DE0D8B4375476980E5E","5075FF67C8E264B83D9B391C07C6512E26ABBC189E321DE0D8B4375476980E5E","True"
"projects/08-event-groups/course/09_FreeRTOS_EventGroup/Firmware/CMSIS/core_cmInstr.h","C35DDCA16CA04646DC70ACF2D592AD9EAEAAECD8125A32ABB710069648266EB5","C35DDCA16CA04646DC70ACF2D592AD9EAEAAECD8125A32ABB710069648266EB5","True"
"projects/08-event-groups/course/09_FreeRTOS_EventGroup/Firmware/CMSIS/GD/GD32F4xx/Include/gd32f4xx.h","96F1F6884C9885D32DF760A385CA0B5E8E9B20C066F71B946771A00503623A62","96F1F6884C9885D32DF760A385CA0B5E8E9B20C066F71B946771A00503623A62","True"
"projects/08-event-groups/course/09_FreeRTOS_EventGroup/Firmware/CMSIS/GD/GD32F4xx/Include/system_gd32f4xx.h","98EF2DD6DD7F6D2542C4D5CA83E9869BE3630B43300CB9AB453703E4277913BD","98EF2DD6DD7F6D2542C4D5CA83E9869BE3630B43300CB9AB453703E4277913BD","True"
"projects/08-event-groups/course/09_FreeRTOS_EventGroup/Firmware/CMSIS/GD/GD32F4xx/Source/ARM/startup_gd32f405_425.s","AEF6290F6950C0B7FB922FD12B91B3FC34ADA707A6846AA5D7A1277FDD50FBD9","AEF6290F6950C0B7FB922FD12B91B3FC34ADA707A6846AA5D7A1277FDD50FBD9","True"
"projects/08-event-groups/course/09_FreeRTOS_EventGroup/Firmware/CMSIS/GD/GD32F4xx/Source/ARM/startup_gd32f407_427.s","65127CC1FFC7BB0C6E3AB3E1EF32C8F935D09EF4A83AC4914E089D40C39B8B5B","65127CC1FFC7BB0C6E3AB3E1EF32C8F935D09EF4A83AC4914E089D40C39B8B5B","True"
"projects/08-event-groups/course/09_FreeRTOS_EventGroup/Firmware/CMSIS/GD/GD32F4xx/Source/ARM/startup_gd32f450_470.s","A4E9852BA47AAD025DE9645D067FAB33DDA87B8E82DEA6D77B3364F902345299","A4E9852BA47AAD025DE9645D067FAB33DDA87B8E82DEA6D77B3364F902345299","True"
"projects/08-event-groups/course/09_FreeRTOS_EventGroup/Firmware/CMSIS/GD/GD32F4xx/Source/IAR/startup_gd32f405_425.s","70E76C6AD0182A5682773261E308008BC1102C09839605A0E058851173026836","70E76C6AD0182A5682773261E308008BC1102C09839605A0E058851173026836","True"
"projects/08-event-groups/course/09_FreeRTOS_EventGroup/Firmware/CMSIS/GD/GD32F4xx/Source/IAR/startup_gd32f407_427.s","550D6CA54DE7F8FCB2791AAF9141666BA15978C55017FA6798BF0CA80A2864C6","550D6CA54DE7F8FCB2791AAF9141666BA15978C55017FA6798BF0CA80A2864C6","True"
"projects/08-event-groups/course/09_FreeRTOS_EventGroup/Firmware/CMSIS/GD/GD32F4xx/Source/IAR/startup_gd32f450_470.s","EE6654F1D551C6937D014FE943342B0395A32076E5AC8DD688C600EACB9BD343","EE6654F1D551C6937D014FE943342B0395A32076E5AC8DD688C600EACB9BD343","True"
"projects/08-event-groups/course/09_FreeRTOS_EventGroup/Firmware/CMSIS/GD/GD32F4xx/Source/system_gd32f4xx.c","8F66A123756716CF74297A7B54EEC616F230CBBC37DFB60F21BF05D1BC070836","8F66A123756716CF74297A7B54EEC616F230CBBC37DFB60F21BF05D1BC070836","True"
"projects/08-event-groups/course/09_FreeRTOS_EventGroup/Firmware/GD32F4xx_standard_peripheral/Include/gd32f4xx_adc.h","D6B41E007F1EE95E5FA1B495F94924F7E6166439FBF3E9234A26B5FA6C32F1DE","D6B41E007F1EE95E5FA1B495F94924F7E6166439FBF3E9234A26B5FA6C32F1DE","True"
"projects/08-event-groups/course/09_FreeRTOS_EventGroup/Firmware/GD32F4xx_standard_peripheral/Include/gd32f4xx_can.h","62A96066D7B8A1CEF45AB4092FCE5058B962050EB1C9E4B3585F0E19B9F30578","62A96066D7B8A1CEF45AB4092FCE5058B962050EB1C9E4B3585F0E19B9F30578","True"
"projects/08-event-groups/course/09_FreeRTOS_EventGroup/Firmware/GD32F4xx_standard_peripheral/Include/gd32f4xx_crc.h","4870F145AEEC968F3A7A0A5068105591E1ADEB9A37A5E47FDCC9D27D7D3AFBD6","4870F145AEEC968F3A7A0A5068105591E1ADEB9A37A5E47FDCC9D27D7D3AFBD6","True"
"projects/08-event-groups/course/09_FreeRTOS_EventGroup/Firmware/GD32F4xx_standard_peripheral/Include/gd32f4xx_ctc.h","900AB7D5F9C585834166A58966C8D523FF91D410066D00BBED3E6522C25782D7","900AB7D5F9C585834166A58966C8D523FF91D410066D00BBED3E6522C25782D7","True"
"projects/08-event-groups/course/09_FreeRTOS_EventGroup/Firmware/GD32F4xx_standard_peripheral/Include/gd32f4xx_dac.h","86057CC0C52A32F955A12F47ABA1E4997AC2DABA13B10A686D8777579F638AFB","86057CC0C52A32F955A12F47ABA1E4997AC2DABA13B10A686D8777579F638AFB","True"
"projects/08-event-groups/course/09_FreeRTOS_EventGroup/Firmware/GD32F4xx_standard_peripheral/Include/gd32f4xx_dbg.h","21A089B5880F1D101116BD37EAAC7A085A103901A40900E75941130D901B150E","21A089B5880F1D101116BD37EAAC7A085A103901A40900E75941130D901B150E","True"
"projects/08-event-groups/course/09_FreeRTOS_EventGroup/Firmware/GD32F4xx_standard_peripheral/Include/gd32f4xx_dci.h","787F449F0B2EBA5BBCC92B0D50899FA668CEA6ED9CCAB3960EBA0B2253CC7748","787F449F0B2EBA5BBCC92B0D50899FA668CEA6ED9CCAB3960EBA0B2253CC7748","True"
"projects/08-event-groups/course/09_FreeRTOS_EventGroup/Firmware/GD32F4xx_standard_peripheral/Include/gd32f4xx_dma.h","F358957EBF98C4C449480A088E349CDAC2716394C24FA4111DE08B06FCDC5094","F358957EBF98C4C449480A088E349CDAC2716394C24FA4111DE08B06FCDC5094","True"
"projects/08-event-groups/course/09_FreeRTOS_EventGroup/Firmware/GD32F4xx_standard_peripheral/Include/gd32f4xx_enet.h","2BDBC2BE9B0E3BA398DEEAB38021442A2CFEEDFF21FC353CF3B16C717A2CDF9B","2BDBC2BE9B0E3BA398DEEAB38021442A2CFEEDFF21FC353CF3B16C717A2CDF9B","True"
"projects/08-event-groups/course/09_FreeRTOS_EventGroup/Firmware/GD32F4xx_standard_peripheral/Include/gd32f4xx_exmc.h","68482B678DD868085A6BE6317EEC18873D43F895936E503487E843E561A0D55E","68482B678DD868085A6BE6317EEC18873D43F895936E503487E843E561A0D55E","True"
"projects/08-event-groups/course/09_FreeRTOS_EventGroup/Firmware/GD32F4xx_standard_peripheral/Include/gd32f4xx_exti.h","705948F029F63A5995D9849A60E417D6210ECE34C8E942C76A2D4E7A2B927426","705948F029F63A5995D9849A60E417D6210ECE34C8E942C76A2D4E7A2B927426","True"
"projects/08-event-groups/course/09_FreeRTOS_EventGroup/Firmware/GD32F4xx_standard_peripheral/Include/gd32f4xx_fmc.h","5A5D9F0B1CE1E7486206130F80048F81A6D3E9E6337BF0A4C69D4A1D5EDC9F7E","5A5D9F0B1CE1E7486206130F80048F81A6D3E9E6337BF0A4C69D4A1D5EDC9F7E","True"
"projects/08-event-groups/course/09_FreeRTOS_EventGroup/Firmware/GD32F4xx_standard_peripheral/Include/gd32f4xx_fwdgt.h","04CB4EE0D6526910CF9CA8BEFC437FC6DF3FDFE09FB0BC418AB7EA5C19611A50","04CB4EE0D6526910CF9CA8BEFC437FC6DF3FDFE09FB0BC418AB7EA5C19611A50","True"
"projects/08-event-groups/course/09_FreeRTOS_EventGroup/Firmware/GD32F4xx_standard_peripheral/Include/gd32f4xx_gpio.h","A20501A28644BF45B8E3C4AB2A7237466805C1480B06E7D6C8585296D7F08787","A20501A28644BF45B8E3C4AB2A7237466805C1480B06E7D6C8585296D7F08787","True"
"projects/08-event-groups/course/09_FreeRTOS_EventGroup/Firmware/GD32F4xx_standard_peripheral/Include/gd32f4xx_i2c.h","6CF4053E2452263CDFCB98DA0832CE1F2F1B0380C1BEA5D4284C1DF0D5CBBB05","6CF4053E2452263CDFCB98DA0832CE1F2F1B0380C1BEA5D4284C1DF0D5CBBB05","True"
"projects/08-event-groups/course/09_FreeRTOS_EventGroup/Firmware/GD32F4xx_standard_peripheral/Include/gd32f4xx_ipa.h","1AD22068402E09BAE4117E637ED972FCD7452751CCBE01C7829AEA7DF45AE8AE","1AD22068402E09BAE4117E637ED972FCD7452751CCBE01C7829AEA7DF45AE8AE","True"
"projects/08-event-groups/course/09_FreeRTOS_EventGroup/Firmware/GD32F4xx_standard_peripheral/Include/gd32f4xx_iref.h","D9D1E67FD4473F44B2F7E22BB78C3DFA9B5109D083AF1B0FDC63EC657B241C4A","D9D1E67FD4473F44B2F7E22BB78C3DFA9B5109D083AF1B0FDC63EC657B241C4A","True"
"projects/08-event-groups/course/09_FreeRTOS_EventGroup/Firmware/GD32F4xx_standard_peripheral/Include/gd32f4xx_misc.h","0A918F830F0200C0E806DFB50594259783E69D8ADBC27708705567F7193D35FB","0A918F830F0200C0E806DFB50594259783E69D8ADBC27708705567F7193D35FB","True"
"projects/08-event-groups/course/09_FreeRTOS_EventGroup/Firmware/GD32F4xx_standard_peripheral/Include/gd32f4xx_pmu.h","B9A72B6E42083EFD170C0C5FBE579C5D6417F9BBF674DB36041BE96FCBD84636","B9A72B6E42083EFD170C0C5FBE579C5D6417F9BBF674DB36041BE96FCBD84636","True"
"projects/08-event-groups/course/09_FreeRTOS_EventGroup/Firmware/GD32F4xx_standard_peripheral/Include/gd32f4xx_rcu.h","AC2B2AE653EDC89E674EDA24E1CFE8B511B73984AE0CABED3DF60BA61F8EEF08","AC2B2AE653EDC89E674EDA24E1CFE8B511B73984AE0CABED3DF60BA61F8EEF08","True"
"projects/08-event-groups/course/09_FreeRTOS_EventGroup/Firmware/GD32F4xx_standard_peripheral/Include/gd32f4xx_rtc.h","1798B1B495683096D4491CF0F854957D2AD60612F65A801ED0E7A4BEE49FA549","1798B1B495683096D4491CF0F854957D2AD60612F65A801ED0E7A4BEE49FA549","True"
"projects/08-event-groups/course/09_FreeRTOS_EventGroup/Firmware/GD32F4xx_standard_peripheral/Include/gd32f4xx_sdio.h","8D6813EFC565E3085611D767EA4E670E0C76A256C6F17FC93F313BCB11D0385A","8D6813EFC565E3085611D767EA4E670E0C76A256C6F17FC93F313BCB11D0385A","True"
"projects/08-event-groups/course/09_FreeRTOS_EventGroup/Firmware/GD32F4xx_standard_peripheral/Include/gd32f4xx_spi.h","4C6360C8FE58D4A38E4870BCBA17630857551D3EC7B4BD3DDEB5085C31240B1C","4C6360C8FE58D4A38E4870BCBA17630857551D3EC7B4BD3DDEB5085C31240B1C","True"
"projects/08-event-groups/course/09_FreeRTOS_EventGroup/Firmware/GD32F4xx_standard_peripheral/Include/gd32f4xx_syscfg.h","5060FEF0A07A3FC1396A31F09F95FE1D134F8A1FB1581E3DD98BB6078108C447","5060FEF0A07A3FC1396A31F09F95FE1D134F8A1FB1581E3DD98BB6078108C447","True"
"projects/08-event-groups/course/09_FreeRTOS_EventGroup/Firmware/GD32F4xx_standard_peripheral/Include/gd32f4xx_timer.h","7A79F81F1D862A1B49F23BFE05B1AC751A71E761B6E63C2DFFABE6C7BC69AC49","7A79F81F1D862A1B49F23BFE05B1AC751A71E761B6E63C2DFFABE6C7BC69AC49","True"
"projects/08-event-groups/course/09_FreeRTOS_EventGroup/Firmware/GD32F4xx_standard_peripheral/Include/gd32f4xx_tli.h","1B94EA157AC8CE2FED962B0C4FF95B6702C6194300AA51B04C3AAFE493768D2A","1B94EA157AC8CE2FED962B0C4FF95B6702C6194300AA51B04C3AAFE493768D2A","True"
"projects/08-event-groups/course/09_FreeRTOS_EventGroup/Firmware/GD32F4xx_standard_peripheral/Include/gd32f4xx_trng.h","91E2BB5AFFEFA65F90927FAD795FAA0F4204516284ECA38E461506F0CD9CA924","91E2BB5AFFEFA65F90927FAD795FAA0F4204516284ECA38E461506F0CD9CA924","True"
"projects/08-event-groups/course/09_FreeRTOS_EventGroup/Firmware/GD32F4xx_standard_peripheral/Include/gd32f4xx_usart.h","6CF40E957A1216C99E3663D667DE1944C42272897011834BF20ADCD97E791074","6CF40E957A1216C99E3663D667DE1944C42272897011834BF20ADCD97E791074","True"
"projects/08-event-groups/course/09_FreeRTOS_EventGroup/Firmware/GD32F4xx_standard_peripheral/Include/gd32f4xx_wwdgt.h","01EECFC98B4507AEB8F0AFBE7D994EA0A617A79E5D4EB2D1D4A85979BA014EFE","01EECFC98B4507AEB8F0AFBE7D994EA0A617A79E5D4EB2D1D4A85979BA014EFE","True"
"projects/08-event-groups/course/09_FreeRTOS_EventGroup/Firmware/GD32F4xx_standard_peripheral/Source/gd32f4xx_adc.c","8A5C91EC7A397B53EFD086646674D273ECE00F36C9610AB50715FE1521BA4112","8A5C91EC7A397B53EFD086646674D273ECE00F36C9610AB50715FE1521BA4112","True"
"projects/08-event-groups/course/09_FreeRTOS_EventGroup/Firmware/GD32F4xx_standard_peripheral/Source/gd32f4xx_can.c","CE0E343B00856972EABACCC1F4D88C051796A8D1E30C4596312FC29A533DB8BA","CE0E343B00856972EABACCC1F4D88C051796A8D1E30C4596312FC29A533DB8BA","True"
"projects/08-event-groups/course/09_FreeRTOS_EventGroup/Firmware/GD32F4xx_standard_peripheral/Source/gd32f4xx_crc.c","C14034159E72E082AA70E2A8CBA60FFCF950B63D75AE467706632F32EC00F315","C14034159E72E082AA70E2A8CBA60FFCF950B63D75AE467706632F32EC00F315","True"
"projects/08-event-groups/course/09_FreeRTOS_EventGroup/Firmware/GD32F4xx_standard_peripheral/Source/gd32f4xx_ctc.c","07F4A6385C6FFB2E18ECF95DAAE6A431FB91262FA988835A249A64F4002280A1","07F4A6385C6FFB2E18ECF95DAAE6A431FB91262FA988835A249A64F4002280A1","True"
"projects/08-event-groups/course/09_FreeRTOS_EventGroup/Firmware/GD32F4xx_standard_peripheral/Source/gd32f4xx_dac.c","ACE5C99F1E2774D955CA4E4D5D6E81B2D831F718098487EA3E8C2C34C960E160","ACE5C99F1E2774D955CA4E4D5D6E81B2D831F718098487EA3E8C2C34C960E160","True"
"projects/08-event-groups/course/09_FreeRTOS_EventGroup/Firmware/GD32F4xx_standard_peripheral/Source/gd32f4xx_dbg.c","6EEC659FD6B5C549226BAE8E9C9C78785B064D557434189BB221287D550FE291","6EEC659FD6B5C549226BAE8E9C9C78785B064D557434189BB221287D550FE291","True"
"projects/08-event-groups/course/09_FreeRTOS_EventGroup/Firmware/GD32F4xx_standard_peripheral/Source/gd32f4xx_dci.c","B99613D9A21A02DD39117F30B9A488B859209AB3489DCFDE7361D147CDF76516","B99613D9A21A02DD39117F30B9A488B859209AB3489DCFDE7361D147CDF76516","True"
"projects/08-event-groups/course/09_FreeRTOS_EventGroup/Firmware/GD32F4xx_standard_peripheral/Source/gd32f4xx_dma.c","2D943A169ABABCC22CBC6C41665F5CE375C30B63005954E1D34BB3218CB63FAF","2D943A169ABABCC22CBC6C41665F5CE375C30B63005954E1D34BB3218CB63FAF","True"
"projects/08-event-groups/course/09_FreeRTOS_EventGroup/Firmware/GD32F4xx_standard_peripheral/Source/gd32f4xx_enet.c","3051E8737C463D23D07B9C9AD937BC7C488BB573738B2313982870DAA670E87E","3051E8737C463D23D07B9C9AD937BC7C488BB573738B2313982870DAA670E87E","True"
"projects/08-event-groups/course/09_FreeRTOS_EventGroup/Firmware/GD32F4xx_standard_peripheral/Source/gd32f4xx_exmc.c","E4A79B377C89D9EB8BD5BE101E273AD5EFBA0C2A24FB4621AB7BC124BEEEAEBF","E4A79B377C89D9EB8BD5BE101E273AD5EFBA0C2A24FB4621AB7BC124BEEEAEBF","True"
"projects/08-event-groups/course/09_FreeRTOS_EventGroup/Firmware/GD32F4xx_standard_peripheral/Source/gd32f4xx_exti.c","FCE4A7ECA93486D71A9E5758642F2282AE7F8805DBB559312837A0B17577FE58","FCE4A7ECA93486D71A9E5758642F2282AE7F8805DBB559312837A0B17577FE58","True"
"projects/08-event-groups/course/09_FreeRTOS_EventGroup/Firmware/GD32F4xx_standard_peripheral/Source/gd32f4xx_fmc.c","15408829D2405432FC8ED73D5D8C6BBB1E6C74540F1B817983BABD62E22CAB16","15408829D2405432FC8ED73D5D8C6BBB1E6C74540F1B817983BABD62E22CAB16","True"
"projects/08-event-groups/course/09_FreeRTOS_EventGroup/Firmware/GD32F4xx_standard_peripheral/Source/gd32f4xx_fwdgt.c","05B67D15069CED6F0472E4115ECD16064402E0D6220561499000025A8CD189B7","05B67D15069CED6F0472E4115ECD16064402E0D6220561499000025A8CD189B7","True"
"projects/08-event-groups/course/09_FreeRTOS_EventGroup/Firmware/GD32F4xx_standard_peripheral/Source/gd32f4xx_gpio.c","262BEFE864D5DA3BADA64D0B3DAB29E5C2747E46B154EDE8BCAB0B788DB614E0","262BEFE864D5DA3BADA64D0B3DAB29E5C2747E46B154EDE8BCAB0B788DB614E0","True"
"projects/08-event-groups/course/09_FreeRTOS_EventGroup/Firmware/GD32F4xx_standard_peripheral/Source/gd32f4xx_i2c.c","8EDFAF1A8F0BF2833923D0072FE1B9D0467382B3EC1D243E918D0DE9711CCCD2","8EDFAF1A8F0BF2833923D0072FE1B9D0467382B3EC1D243E918D0DE9711CCCD2","True"
"projects/08-event-groups/course/09_FreeRTOS_EventGroup/Firmware/GD32F4xx_standard_peripheral/Source/gd32f4xx_ipa.c","38A8350304763C1C83B4D2341F6782B090CA09ABE541AC360089B5CB454BCF57","38A8350304763C1C83B4D2341F6782B090CA09ABE541AC360089B5CB454BCF57","True"
"projects/08-event-groups/course/09_FreeRTOS_EventGroup/Firmware/GD32F4xx_standard_peripheral/Source/gd32f4xx_iref.c","24F2FCFCD20882FD3E65773A281A827BF5391A0A8054324EEF7C98BB3F2B9B80","24F2FCFCD20882FD3E65773A281A827BF5391A0A8054324EEF7C98BB3F2B9B80","True"
"projects/08-event-groups/course/09_FreeRTOS_EventGroup/Firmware/GD32F4xx_standard_peripheral/Source/gd32f4xx_misc.c","1CD262F295155428C25DEDC69BFBAB99F7A99DE09E0B602ECA1F2C6017CFE2DA","1CD262F295155428C25DEDC69BFBAB99F7A99DE09E0B602ECA1F2C6017CFE2DA","True"
"projects/08-event-groups/course/09_FreeRTOS_EventGroup/Firmware/GD32F4xx_standard_peripheral/Source/gd32f4xx_pmu.c","DAFA94838A55132E3313234C5AC2BE6172116DC26574347363D554EFFB186D79","DAFA94838A55132E3313234C5AC2BE6172116DC26574347363D554EFFB186D79","True"
"projects/08-event-groups/course/09_FreeRTOS_EventGroup/Firmware/GD32F4xx_standard_peripheral/Source/gd32f4xx_rcu.c","6C1030EB58EC7CB9C41E2A1FF31DDEF87F70DD083222327978234004C4E95B98","6C1030EB58EC7CB9C41E2A1FF31DDEF87F70DD083222327978234004C4E95B98","True"
"projects/08-event-groups/course/09_FreeRTOS_EventGroup/Firmware/GD32F4xx_standard_peripheral/Source/gd32f4xx_rtc.c","EEA5BCB92C88A7BAB9F3740F8E9408236412A546B03A5467F21B0F94A01183E7","EEA5BCB92C88A7BAB9F3740F8E9408236412A546B03A5467F21B0F94A01183E7","True"
"projects/08-event-groups/course/09_FreeRTOS_EventGroup/Firmware/GD32F4xx_standard_peripheral/Source/gd32f4xx_sdio.c","9D8F3E488C74C44A30C4D0BBB9CD8D86555D898CA9C36F259CE57609959B9854","9D8F3E488C74C44A30C4D0BBB9CD8D86555D898CA9C36F259CE57609959B9854","True"
"projects/08-event-groups/course/09_FreeRTOS_EventGroup/Firmware/GD32F4xx_standard_peripheral/Source/gd32f4xx_spi.c","CE06438E9AD5882A0FCA88DFE658DD925ED3320BA574C2797E2F93ACF6142459","CE06438E9AD5882A0FCA88DFE658DD925ED3320BA574C2797E2F93ACF6142459","True"
"projects/08-event-groups/course/09_FreeRTOS_EventGroup/Firmware/GD32F4xx_standard_peripheral/Source/gd32f4xx_syscfg.c","51A7A5E70F3064424CC6E2F6A06942B47ADAAC8C36A6612EE08B1643557B3CA3","51A7A5E70F3064424CC6E2F6A06942B47ADAAC8C36A6612EE08B1643557B3CA3","True"
"projects/08-event-groups/course/09_FreeRTOS_EventGroup/Firmware/GD32F4xx_standard_peripheral/Source/gd32f4xx_timer.c","3961465CF6BA39554E34C02183C50676A4AB9B3991A6AAD32D271754B2506B14","3961465CF6BA39554E34C02183C50676A4AB9B3991A6AAD32D271754B2506B14","True"
"projects/08-event-groups/course/09_FreeRTOS_EventGroup/Firmware/GD32F4xx_standard_peripheral/Source/gd32f4xx_tli.c","881A02E692AFD4A0B6848A929B0B8C79148911AD7543CF611287C45E82372541","881A02E692AFD4A0B6848A929B0B8C79148911AD7543CF611287C45E82372541","True"
"projects/08-event-groups/course/09_FreeRTOS_EventGroup/Firmware/GD32F4xx_standard_peripheral/Source/gd32f4xx_trng.c","BA9093D046A01C997AA54D2DE9F663E8AF32FB9E53C950CFC640F1033FCD6C53","BA9093D046A01C997AA54D2DE9F663E8AF32FB9E53C950CFC640F1033FCD6C53","True"
"projects/08-event-groups/course/09_FreeRTOS_EventGroup/Firmware/GD32F4xx_standard_peripheral/Source/gd32f4xx_usart.c","F67FA54D9C9537317BE92D95FD880A394D9ABE98DF708E5AA821FBFA392AE9B0","F67FA54D9C9537317BE92D95FD880A394D9ABE98DF708E5AA821FBFA392AE9B0","True"
"projects/08-event-groups/course/09_FreeRTOS_EventGroup/Firmware/GD32F4xx_standard_peripheral/Source/gd32f4xx_wwdgt.c","0ED39DE6F0101E10DDCB476E6EF21C44D2282D4F689D0D0D70F9E04940E6F0FE","0ED39DE6F0101E10DDCB476E6EF21C44D2282D4F689D0D0D70F9E04940E6F0FE","True"
"projects/08-event-groups/course/09_FreeRTOS_EventGroup/Firmware/GD32F4xx_usb_library/device/class/audio/Include/audio_core.h","D4550583AD93FB3EED7D288FB84CA5E1B57269E088FB073E541A666B636FEC00","D4550583AD93FB3EED7D288FB84CA5E1B57269E088FB073E541A666B636FEC00","True"
"projects/08-event-groups/course/09_FreeRTOS_EventGroup/Firmware/GD32F4xx_usb_library/device/class/audio/Include/audio_out_itf.h","77FB54DEA6431AF26C1DE2B1CCFB8186FAC92519D817556FE6B31FDE7947310B","77FB54DEA6431AF26C1DE2B1CCFB8186FAC92519D817556FE6B31FDE7947310B","True"
"projects/08-event-groups/course/09_FreeRTOS_EventGroup/Firmware/GD32F4xx_usb_library/device/class/audio/Source/audio_core.c","E134ABAB42ADA7E2D9C6BAD56032F4358FBD37B82E3861496BFE8DC7B4263D32","E134ABAB42ADA7E2D9C6BAD56032F4358FBD37B82E3861496BFE8DC7B4263D32","True"
"projects/08-event-groups/course/09_FreeRTOS_EventGroup/Firmware/GD32F4xx_usb_library/device/class/audio/Source/audio_out_itf.c","33F0490E4B3CE2315D51257BB877A233BA7293BF83F1272113382989476B887B","33F0490E4B3CE2315D51257BB877A233BA7293BF83F1272113382989476B887B","True"
"projects/08-event-groups/course/09_FreeRTOS_EventGroup/Firmware/GD32F4xx_usb_library/device/class/cdc/Include/cdc_acm_core.h","58A53B46A222A4CA1B4F35901A48555A22FF6C8EF95DCB23E651A64512A0B8EC","58A53B46A222A4CA1B4F35901A48555A22FF6C8EF95DCB23E651A64512A0B8EC","True"
"projects/08-event-groups/course/09_FreeRTOS_EventGroup/Firmware/GD32F4xx_usb_library/device/class/cdc/Source/cdc_acm_core.c","92F6D272CB501A2E0E8020A5C7C3FDBF3F6267044A5F00C248A53BDC23867E71","92F6D272CB501A2E0E8020A5C7C3FDBF3F6267044A5F00C248A53BDC23867E71","True"
"projects/08-event-groups/course/09_FreeRTOS_EventGroup/Firmware/GD32F4xx_usb_library/device/class/dfu/Include/dfu_core.h","B074E46C11DFC3D6F057E7C91263A7894A8598F5AD27062A8F0C737739F0AC4B","B074E46C11DFC3D6F057E7C91263A7894A8598F5AD27062A8F0C737739F0AC4B","True"
"projects/08-event-groups/course/09_FreeRTOS_EventGroup/Firmware/GD32F4xx_usb_library/device/class/dfu/Include/dfu_mem.h","EE0FA900E1595041DB2524E57A7684A911AFEC27BD737544CB8ACC1A419B54F3","EE0FA900E1595041DB2524E57A7684A911AFEC27BD737544CB8ACC1A419B54F3","True"
"projects/08-event-groups/course/09_FreeRTOS_EventGroup/Firmware/GD32F4xx_usb_library/device/class/dfu/Source/dfu_core.c","EE0B61F48E523F816E1977AB5667701D4A30C9D7994809DAEC56A6C22B6B23F2","EE0B61F48E523F816E1977AB5667701D4A30C9D7994809DAEC56A6C22B6B23F2","True"
"projects/08-event-groups/course/09_FreeRTOS_EventGroup/Firmware/GD32F4xx_usb_library/device/class/dfu/Source/dfu_mem.c","1740852FD0411642AAD47BF10951D51DE5338CA02239C634C4A28211CC0B6BD5","1740852FD0411642AAD47BF10951D51DE5338CA02239C634C4A28211CC0B6BD5","True"
"projects/08-event-groups/course/09_FreeRTOS_EventGroup/Firmware/GD32F4xx_usb_library/device/class/hid/Include/custom_hid_core.h","3D8630539B539B75241B088BA5CB2BD6A6377EBE6A0C026E14E4D9F618149F3C","3D8630539B539B75241B088BA5CB2BD6A6377EBE6A0C026E14E4D9F618149F3C","True"
"projects/08-event-groups/course/09_FreeRTOS_EventGroup/Firmware/GD32F4xx_usb_library/device/class/hid/Include/standard_hid_core.h","B43958E8EF0BB4E5939D1B1279F2B4D25791ABD357C51504FB08C6BF5CDE5A55","B43958E8EF0BB4E5939D1B1279F2B4D25791ABD357C51504FB08C6BF5CDE5A55","True"
"projects/08-event-groups/course/09_FreeRTOS_EventGroup/Firmware/GD32F4xx_usb_library/device/class/hid/Source/custom_hid_core.c","E31D924422097B600884693E2CFB38C20E4215861DFC8BBDFF3058C9A9133668","E31D924422097B600884693E2CFB38C20E4215861DFC8BBDFF3058C9A9133668","True"
"projects/08-event-groups/course/09_FreeRTOS_EventGroup/Firmware/GD32F4xx_usb_library/device/class/hid/Source/standard_hid_core.c","976542C7FC8C038846C71E4C5E6755B3C9364C8C09425F671FA694F1F14889A1","976542C7FC8C038846C71E4C5E6755B3C9364C8C09425F671FA694F1F14889A1","True"
"projects/08-event-groups/course/09_FreeRTOS_EventGroup/Firmware/GD32F4xx_usb_library/device/class/iap/Include/usb_iap_core.h","0C5491567E7452BE4CDC0099BC8F6E5B6ACA7B9C273FDB95647264938337C163","0C5491567E7452BE4CDC0099BC8F6E5B6ACA7B9C273FDB95647264938337C163","True"
"projects/08-event-groups/course/09_FreeRTOS_EventGroup/Firmware/GD32F4xx_usb_library/device/class/iap/Source/usb_iap_core.c","B48D8EDB4882F57E2EE0B7CD17D94A4EA574BBFDB3EF72F35355FB7B8CBF374D","B48D8EDB4882F57E2EE0B7CD17D94A4EA574BBFDB3EF72F35355FB7B8CBF374D","True"
"projects/08-event-groups/course/09_FreeRTOS_EventGroup/Firmware/GD32F4xx_usb_library/device/class/msc/Include/usbd_msc_bbb.h","FCE4E4A9E17E3C7AD6EF23BF6284354B3C1E0BC79E2E3D8C51C00C7CBA88598F","FCE4E4A9E17E3C7AD6EF23BF6284354B3C1E0BC79E2E3D8C51C00C7CBA88598F","True"
"projects/08-event-groups/course/09_FreeRTOS_EventGroup/Firmware/GD32F4xx_usb_library/device/class/msc/Include/usbd_msc_core.h","1B56E50C7F78BD46CC86E131565DA5A3CA050901171A99D33526283996D0062C","1B56E50C7F78BD46CC86E131565DA5A3CA050901171A99D33526283996D0062C","True"
"projects/08-event-groups/course/09_FreeRTOS_EventGroup/Firmware/GD32F4xx_usb_library/device/class/msc/Include/usbd_msc_mem.h","4219910F0D5565CBF2CB7DE2191FFFAD41F01F9903EC160827C6F441FC9FE241","4219910F0D5565CBF2CB7DE2191FFFAD41F01F9903EC160827C6F441FC9FE241","True"
"projects/08-event-groups/course/09_FreeRTOS_EventGroup/Firmware/GD32F4xx_usb_library/device/class/msc/Include/usbd_msc_scsi.h","8A843A759A5D1013DB6524B1547453013DA00C202F03A7011B604C8E79F96A2D","8A843A759A5D1013DB6524B1547453013DA00C202F03A7011B604C8E79F96A2D","True"
"projects/08-event-groups/course/09_FreeRTOS_EventGroup/Firmware/GD32F4xx_usb_library/device/class/msc/Source/usbd_msc_bbb.c","D613ECDDAB72A03DE672E4669F2549F5CE93259C09819FCBD78DB49DBBEFA4A5","D613ECDDAB72A03DE672E4669F2549F5CE93259C09819FCBD78DB49DBBEFA4A5","True"
"projects/08-event-groups/course/09_FreeRTOS_EventGroup/Firmware/GD32F4xx_usb_library/device/class/msc/Source/usbd_msc_core.c","5C5983C2884B08AA4A480B29929E20A502741C56CEFD717E48A6FE5C807BBB5C","5C5983C2884B08AA4A480B29929E20A502741C56CEFD717E48A6FE5C807BBB5C","True"
"projects/08-event-groups/course/09_FreeRTOS_EventGroup/Firmware/GD32F4xx_usb_library/device/class/msc/Source/usbd_msc_scsi.c","062E1DF310C0FEED9372585E09D4A317F65B8E0E03BD70C14AA7418A99C5EFFD","062E1DF310C0FEED9372585E09D4A317F65B8E0E03BD70C14AA7418A99C5EFFD","True"
"projects/08-event-groups/course/09_FreeRTOS_EventGroup/Firmware/GD32F4xx_usb_library/device/class/printer/Include/printer_core.h","4231DAE7349CC3643150EC1E90A5CEFB4ADF23ADC0314E82EF001BDFCD7D7E8C","4231DAE7349CC3643150EC1E90A5CEFB4ADF23ADC0314E82EF001BDFCD7D7E8C","True"
"projects/08-event-groups/course/09_FreeRTOS_EventGroup/Firmware/GD32F4xx_usb_library/device/class/printer/Source/printer_core.c","93EB77FF7A45DA1424244E1FFA25755A259E43B815D00B14C319BEC17A079831","93EB77FF7A45DA1424244E1FFA25755A259E43B815D00B14C319BEC17A079831","True"
"projects/08-event-groups/course/09_FreeRTOS_EventGroup/Firmware/GD32F4xx_usb_library/device/core/Include/usbd_core.h","A205D78D7C4299519538D5057744916BCB5459EC963BFBD6AA42101197B15041","A205D78D7C4299519538D5057744916BCB5459EC963BFBD6AA42101197B15041","True"
"projects/08-event-groups/course/09_FreeRTOS_EventGroup/Firmware/GD32F4xx_usb_library/device/core/Include/usbd_enum.h","9DE97ED85BA71120379BF876FAF752FA7900784D1614C18D1E9ECEA6C7E2C897","9DE97ED85BA71120379BF876FAF752FA7900784D1614C18D1E9ECEA6C7E2C897","True"
"projects/08-event-groups/course/09_FreeRTOS_EventGroup/Firmware/GD32F4xx_usb_library/device/core/Include/usbd_transc.h","7598A18B6AA5696B7D15C3F8DA6F0F04C37BCA44D48C86FD5A7BD92850A17681","7598A18B6AA5696B7D15C3F8DA6F0F04C37BCA44D48C86FD5A7BD92850A17681","True"
"projects/08-event-groups/course/09_FreeRTOS_EventGroup/Firmware/GD32F4xx_usb_library/device/core/Source/usbd_core.c","74A04240E3912EF2D959396250678FF65E41A6D65E4C92CDDB7BABEBC646A12F","74A04240E3912EF2D959396250678FF65E41A6D65E4C92CDDB7BABEBC646A12F","True"
"projects/08-event-groups/course/09_FreeRTOS_EventGroup/Firmware/GD32F4xx_usb_library/device/core/Source/usbd_enum.c","07C9D4AF518D9659D3696A574638D2238413C849345915F347B1CE91C02A81EE","07C9D4AF518D9659D3696A574638D2238413C849345915F347B1CE91C02A81EE","True"
"projects/08-event-groups/course/09_FreeRTOS_EventGroup/Firmware/GD32F4xx_usb_library/device/core/Source/usbd_transc.c","CE5E569F4CBB0918250C03000276FD987E116E69F489EEC7B049B790A5A87F37","CE5E569F4CBB0918250C03000276FD987E116E69F489EEC7B049B790A5A87F37","True"
"projects/08-event-groups/course/09_FreeRTOS_EventGroup/Firmware/GD32F4xx_usb_library/driver/Include/drv_usb_core.h","D7957D291F199B35772CE89782B17558BCC73B935F66F80C5B7FBE16DDBA5875","D7957D291F199B35772CE89782B17558BCC73B935F66F80C5B7FBE16DDBA5875","True"
"projects/08-event-groups/course/09_FreeRTOS_EventGroup/Firmware/GD32F4xx_usb_library/driver/Include/drv_usb_dev.h","CAF5D56EBAFDBA9FC9F167418A1616E4291B112EDBF47A8654BD9A98F8C17B9A","CAF5D56EBAFDBA9FC9F167418A1616E4291B112EDBF47A8654BD9A98F8C17B9A","True"
"projects/08-event-groups/course/09_FreeRTOS_EventGroup/Firmware/GD32F4xx_usb_library/driver/Include/drv_usb_host.h","FB4056A260F60FDA977AB1139EBFCF00E53B5C3E697FDDA573B902A413BFFF14","FB4056A260F60FDA977AB1139EBFCF00E53B5C3E697FDDA573B902A413BFFF14","True"
"projects/08-event-groups/course/09_FreeRTOS_EventGroup/Firmware/GD32F4xx_usb_library/driver/Include/drv_usb_hw.h","81DBB2D76CD496106998EAA694DA78184988C9618E06CFE573E5D6B5FA1C1F20","81DBB2D76CD496106998EAA694DA78184988C9618E06CFE573E5D6B5FA1C1F20","True"
"projects/08-event-groups/course/09_FreeRTOS_EventGroup/Firmware/GD32F4xx_usb_library/driver/Include/drv_usb_regs.h","048A97F0FF66F557EE6A5E829F8AA0336D69E13E63151CF4D64092D0FF9606BA","048A97F0FF66F557EE6A5E829F8AA0336D69E13E63151CF4D64092D0FF9606BA","True"
"projects/08-event-groups/course/09_FreeRTOS_EventGroup/Firmware/GD32F4xx_usb_library/driver/Include/drv_usbd_int.h","3B71749A04450BBEC4838039BC3C6482EE1D7ECB509B97DA5151F362F918A8F4","3B71749A04450BBEC4838039BC3C6482EE1D7ECB509B97DA5151F362F918A8F4","True"
"projects/08-event-groups/course/09_FreeRTOS_EventGroup/Firmware/GD32F4xx_usb_library/driver/Include/drv_usbh_int.h","5268EE8F0ACCEE9C9E848AE421F3F1B83B8EFA72B8854F08A5756C16C3873997","5268EE8F0ACCEE9C9E848AE421F3F1B83B8EFA72B8854F08A5756C16C3873997","True"
"projects/08-event-groups/course/09_FreeRTOS_EventGroup/Firmware/GD32F4xx_usb_library/driver/Source/drv_usb_core.c","B90492A8404BCBDCBBA9D31D38AD75D2D85B6014CCACF6EEA77B23F69CF5F623","B90492A8404BCBDCBBA9D31D38AD75D2D85B6014CCACF6EEA77B23F69CF5F623","True"
"projects/08-event-groups/course/09_FreeRTOS_EventGroup/Firmware/GD32F4xx_usb_library/driver/Source/drv_usb_dev.c","93CA6CD491C5E0FEA197D5AC7F10BA23E6973543DA7AEED38BFC1AE3A0DC474B","93CA6CD491C5E0FEA197D5AC7F10BA23E6973543DA7AEED38BFC1AE3A0DC474B","True"
"projects/08-event-groups/course/09_FreeRTOS_EventGroup/Firmware/GD32F4xx_usb_library/driver/Source/drv_usb_host.c","D9F6DE1A16C13351C6947A1D8C735A2FA2EF6495159EF75E8C84A903003853EA","D9F6DE1A16C13351C6947A1D8C735A2FA2EF6495159EF75E8C84A903003853EA","True"
"projects/08-event-groups/course/09_FreeRTOS_EventGroup/Firmware/GD32F4xx_usb_library/driver/Source/drv_usbd_int.c","6D629C1B2EE8A05BD9C1B8E20F2664410AFC9608E9489CCAC5BE881D10D0A715","6D629C1B2EE8A05BD9C1B8E20F2664410AFC9608E9489CCAC5BE881D10D0A715","True"
"projects/08-event-groups/course/09_FreeRTOS_EventGroup/Firmware/GD32F4xx_usb_library/driver/Source/drv_usbh_int.c","4D390034615DF35FB792026BD76844C922F387580E291039F1BC5F6B6C982486","4D390034615DF35FB792026BD76844C922F387580E291039F1BC5F6B6C982486","True"
"projects/08-event-groups/course/09_FreeRTOS_EventGroup/Firmware/GD32F4xx_usb_library/host/class/hid/Include/usbh_hid_core.h","0DEC84719141C68389EC4F957111FB6DC21A5BE55159A808A9D4D20759E447AA","0DEC84719141C68389EC4F957111FB6DC21A5BE55159A808A9D4D20759E447AA","True"
"projects/08-event-groups/course/09_FreeRTOS_EventGroup/Firmware/GD32F4xx_usb_library/host/class/hid/Include/usbh_standard_hid.h","9DFF3D162D5690F986145FC6A50E8BE49EE6EA57B0DF5DE92708173ECE1231A8","9DFF3D162D5690F986145FC6A50E8BE49EE6EA57B0DF5DE92708173ECE1231A8","True"
"projects/08-event-groups/course/09_FreeRTOS_EventGroup/Firmware/GD32F4xx_usb_library/host/class/hid/Source/usbh_hid_core.c","2CDAFDF63EBB98A454A09ACC070B9C2E925C7EEC29AF318F1A8CE5F913C5D200","2CDAFDF63EBB98A454A09ACC070B9C2E925C7EEC29AF318F1A8CE5F913C5D200","True"
"projects/08-event-groups/course/09_FreeRTOS_EventGroup/Firmware/GD32F4xx_usb_library/host/class/hid/Source/usbh_standard_hid.c","324F535D3213364159EF30D0AB69CB69472D94EE6A25F07D1C624D1B4BB315C3","324F535D3213364159EF30D0AB69CB69472D94EE6A25F07D1C624D1B4BB315C3","True"
"projects/08-event-groups/course/09_FreeRTOS_EventGroup/Firmware/GD32F4xx_usb_library/host/class/msc/Include/usbh_msc_bbb.h","FE164E019DB850549FA0EDB8A4B2F0C38FF1C7540A834B935C91268D0E275FF8","FE164E019DB850549FA0EDB8A4B2F0C38FF1C7540A834B935C91268D0E275FF8","True"
"projects/08-event-groups/course/09_FreeRTOS_EventGroup/Firmware/GD32F4xx_usb_library/host/class/msc/Include/usbh_msc_core.h","34B4B4AED85F332B815096EE4C39FBA67C77FEF1F9EB79FC470603568CBE2DC9","34B4B4AED85F332B815096EE4C39FBA67C77FEF1F9EB79FC470603568CBE2DC9","True"
"projects/08-event-groups/course/09_FreeRTOS_EventGroup/Firmware/GD32F4xx_usb_library/host/class/msc/Include/usbh_msc_scsi.h","E6E8CA26D9A2ABFFE14A21AF356CB07C4058D9052DFD22B46205EC11884A867A","E6E8CA26D9A2ABFFE14A21AF356CB07C4058D9052DFD22B46205EC11884A867A","True"
"projects/08-event-groups/course/09_FreeRTOS_EventGroup/Firmware/GD32F4xx_usb_library/host/class/msc/Source/usbh_msc_bbb.c","2A82AD623D78CCC1802D851AB7FB124D6ABB5DBEA980AA8C6517E26FF906E049","2A82AD623D78CCC1802D851AB7FB124D6ABB5DBEA980AA8C6517E26FF906E049","True"
"projects/08-event-groups/course/09_FreeRTOS_EventGroup/Firmware/GD32F4xx_usb_library/host/class/msc/Source/usbh_msc_core.c","5DF338C15161E6C7A6424179245E0E373973B22E81DEA91111AD5613AE0C8690","5DF338C15161E6C7A6424179245E0E373973B22E81DEA91111AD5613AE0C8690","True"
"projects/08-event-groups/course/09_FreeRTOS_EventGroup/Firmware/GD32F4xx_usb_library/host/class/msc/Source/usbh_msc_fatfs.c","8FD0C5B44F9AC0E35427803F9761E40A5297CAA2ACC078CB9FDE3C25BA4036B1","8FD0C5B44F9AC0E35427803F9761E40A5297CAA2ACC078CB9FDE3C25BA4036B1","True"
"projects/08-event-groups/course/09_FreeRTOS_EventGroup/Firmware/GD32F4xx_usb_library/host/class/msc/Source/usbh_msc_scsi.c","45E6AD746800250C90834AC684D207DA486F3F0FDA8503284DEF2C537F952A85","45E6AD746800250C90834AC684D207DA486F3F0FDA8503284DEF2C537F952A85","True"
"projects/08-event-groups/course/09_FreeRTOS_EventGroup/Firmware/GD32F4xx_usb_library/host/core/Include/usbh_core.h","8919B0DA3BC89862AC89DA53BD34CC4F8AF2F7ECEBF23493D3BC0980570EC67D","8919B0DA3BC89862AC89DA53BD34CC4F8AF2F7ECEBF23493D3BC0980570EC67D","True"
"projects/08-event-groups/course/09_FreeRTOS_EventGroup/Firmware/GD32F4xx_usb_library/host/core/Include/usbh_enum.h","A08D6A471BE77A6BFDF916E166E4A95B49358F209E0708080E4A441D7D454897","A08D6A471BE77A6BFDF916E166E4A95B49358F209E0708080E4A441D7D454897","True"
"projects/08-event-groups/course/09_FreeRTOS_EventGroup/Firmware/GD32F4xx_usb_library/host/core/Include/usbh_pipe.h","D1AA31749DB419F147E34BF1608F3C79D8846FC9067B138CE90DCC6D68A724B2","D1AA31749DB419F147E34BF1608F3C79D8846FC9067B138CE90DCC6D68A724B2","True"
"projects/08-event-groups/course/09_FreeRTOS_EventGroup/Firmware/GD32F4xx_usb_library/host/core/Include/usbh_transc.h","B0A9300C836592E16782062A0D898645ADC64EFD21AD96F46B8EF6EBD876499C","B0A9300C836592E16782062A0D898645ADC64EFD21AD96F46B8EF6EBD876499C","True"
"projects/08-event-groups/course/09_FreeRTOS_EventGroup/Firmware/GD32F4xx_usb_library/host/core/Source/usbh_core.c","2E61C1493A0F04D944A9B1E01924A57908552C5C5920F357DF984F098988DF08","2E61C1493A0F04D944A9B1E01924A57908552C5C5920F357DF984F098988DF08","True"
"projects/08-event-groups/course/09_FreeRTOS_EventGroup/Firmware/GD32F4xx_usb_library/host/core/Source/usbh_enum.c","273217F6826C6D57A1D210D2A58974AE97A27E15951B98BE25BBCCDEA8133871","273217F6826C6D57A1D210D2A58974AE97A27E15951B98BE25BBCCDEA8133871","True"
"projects/08-event-groups/course/09_FreeRTOS_EventGroup/Firmware/GD32F4xx_usb_library/host/core/Source/usbh_pipe.c","E8A4253E2A4224333C4343EE0FFD5F280C9875EF57702F44C1973CBD42EDD2E0","E8A4253E2A4224333C4343EE0FFD5F280C9875EF57702F44C1973CBD42EDD2E0","True"
"projects/08-event-groups/course/09_FreeRTOS_EventGroup/Firmware/GD32F4xx_usb_library/host/core/Source/usbh_transc.c","CF1AE1FCF884275E82634538E997D8D24C31FBE959140909F5BB4E34BCA0BBEF","CF1AE1FCF884275E82634538E997D8D24C31FBE959140909F5BB4E34BCA0BBEF","True"
"projects/08-event-groups/course/09_FreeRTOS_EventGroup/Firmware/GD32F4xx_usb_library/ustd/class/cdc/usb_cdc.h","FCD43C4F51573D30F01573E2D2856E0BE969C8FFD02D415AADFB69A595DECF4E","FCD43C4F51573D30F01573E2D2856E0BE969C8FFD02D415AADFB69A595DECF4E","True"
"projects/08-event-groups/course/09_FreeRTOS_EventGroup/Firmware/GD32F4xx_usb_library/ustd/class/hid/usb_hid.h","F3C6A02D4FC46F9512465B6EB2951C8CDDB956AF73422AAB9D2A1BAFC69F2E7B","F3C6A02D4FC46F9512465B6EB2951C8CDDB956AF73422AAB9D2A1BAFC69F2E7B","True"
"projects/08-event-groups/course/09_FreeRTOS_EventGroup/Firmware/GD32F4xx_usb_library/ustd/class/msc/msc_bbb.h","B884B8F8F7CFAF22512EDE7AE709B5F3591E126D2919AECF4E2B4D7EFEA1F5D6","B884B8F8F7CFAF22512EDE7AE709B5F3591E126D2919AECF4E2B4D7EFEA1F5D6","True"
"projects/08-event-groups/course/09_FreeRTOS_EventGroup/Firmware/GD32F4xx_usb_library/ustd/class/msc/msc_scsi.h","8842CF305E996369687FA89568C9AEE3D46F745E1AEF6EB58B1A3F519F863631","8842CF305E996369687FA89568C9AEE3D46F745E1AEF6EB58B1A3F519F863631","True"
"projects/08-event-groups/course/09_FreeRTOS_EventGroup/Firmware/GD32F4xx_usb_library/ustd/class/msc/usb_msc.h","E3C2A096085131687F121DE426EF9154F23CCC26E877129243A648FB8C90B216","E3C2A096085131687F121DE426EF9154F23CCC26E877129243A648FB8C90B216","True"
"projects/08-event-groups/course/09_FreeRTOS_EventGroup/Firmware/GD32F4xx_usb_library/ustd/common/usb_ch9_std.h","B5249865F377709E456F76CA76CA5499ACE39BAD6A452832DBE535F1989C6D22","B5249865F377709E456F76CA76CA5499ACE39BAD6A452832DBE535F1989C6D22","True"
"projects/08-event-groups/course/09_FreeRTOS_EventGroup/FreeRTOS/CMakeLists.txt","277777817A51C3B8548C84A61CF5341C43DA40769C833A05AD46FDBD6F7CEED7","277777817A51C3B8548C84A61CF5341C43DA40769C833A05AD46FDBD6F7CEED7","True"
"projects/08-event-groups/course/09_FreeRTOS_EventGroup/FreeRTOS/croutine.c","EBF0CDCE261DC4A256C06C0D4AD2582E6026A6DA0E973D4CB92092E94CE8F370","EBF0CDCE261DC4A256C06C0D4AD2582E6026A6DA0E973D4CB92092E94CE8F370","True"
"projects/08-event-groups/course/09_FreeRTOS_EventGroup/FreeRTOS/event_groups.c","76E967B14D231E4F31F014F1564F359A7BFD36BFA263EE6F437AFA8C056DF657","76E967B14D231E4F31F014F1564F359A7BFD36BFA263EE6F437AFA8C056DF657","True"
"projects/08-event-groups/course/09_FreeRTOS_EventGroup/FreeRTOS/FreeRTOSConfig.h","39B67078D0BB8FD3849F2BB44091A07464B4877075443CB4F6D28AA464C8C05C","39B67078D0BB8FD3849F2BB44091A07464B4877075443CB4F6D28AA464C8C05C","True"
"projects/08-event-groups/course/09_FreeRTOS_EventGroup/FreeRTOS/include/atomic.h","E6EB26727C6CD0A87E4DEC91CC55B2B1313CC3829E06662A0C73E62CAFD1E751","E6EB26727C6CD0A87E4DEC91CC55B2B1313CC3829E06662A0C73E62CAFD1E751","True"
"projects/08-event-groups/course/09_FreeRTOS_EventGroup/FreeRTOS/include/croutine.h","CF52C15FA26A8D4F82B55909B75EBFE2AAB25468BA7780748912DDEAD9812B4E","CF52C15FA26A8D4F82B55909B75EBFE2AAB25468BA7780748912DDEAD9812B4E","True"
"projects/08-event-groups/course/09_FreeRTOS_EventGroup/FreeRTOS/include/deprecated_definitions.h","35000A143464BBBD8DF7C9A6F066A64598A24DA5174A7BE33972E62BFBD75F4D","35000A143464BBBD8DF7C9A6F066A64598A24DA5174A7BE33972E62BFBD75F4D","True"
"projects/08-event-groups/course/09_FreeRTOS_EventGroup/FreeRTOS/include/event_groups.h","7A38D7A3CE24BD2FF6C6003C94EEA7AA7972179B1F17C1A91374334C6069F027","7A38D7A3CE24BD2FF6C6003C94EEA7AA7972179B1F17C1A91374334C6069F027","True"
"projects/08-event-groups/course/09_FreeRTOS_EventGroup/FreeRTOS/include/FreeRTOS.h","03E9C94ABA57E3CF7F4F73BC2D3EB4A96AE38F3425EEDB5450622CA286475A0B","03E9C94ABA57E3CF7F4F73BC2D3EB4A96AE38F3425EEDB5450622CA286475A0B","True"
"projects/08-event-groups/course/09_FreeRTOS_EventGroup/FreeRTOS/include/list.h","DC572F54391C0407FC25DB360D912FCA9118CDDAE7BD2E3099EB13F18804E5A9","DC572F54391C0407FC25DB360D912FCA9118CDDAE7BD2E3099EB13F18804E5A9","True"
"projects/08-event-groups/course/09_FreeRTOS_EventGroup/FreeRTOS/include/message_buffer.h","9A8141D3D6C8044A57D7E448180C9BD2ED32E45DED32BE288D095A39DCED91AB","9A8141D3D6C8044A57D7E448180C9BD2ED32E45DED32BE288D095A39DCED91AB","True"
"projects/08-event-groups/course/09_FreeRTOS_EventGroup/FreeRTOS/include/mpu_prototypes.h","2B46A2511CE5D23A56BC83079333D8D0A2E33763E5829C9383252806887A3DC0","2B46A2511CE5D23A56BC83079333D8D0A2E33763E5829C9383252806887A3DC0","True"
"projects/08-event-groups/course/09_FreeRTOS_EventGroup/FreeRTOS/include/mpu_wrappers.h","5014408CC33F0F616215F2B48C67B0D47CCC35BFD5F0044AC653B5BBC6CF5778","5014408CC33F0F616215F2B48C67B0D47CCC35BFD5F0044AC653B5BBC6CF5778","True"
"projects/08-event-groups/course/09_FreeRTOS_EventGroup/FreeRTOS/include/portable.h","7ADE8F368002778C723B3C4E14084910B7225CD36363ED0C948E9EA36C6F251F","7ADE8F368002778C723B3C4E14084910B7225CD36363ED0C948E9EA36C6F251F","True"
"projects/08-event-groups/course/09_FreeRTOS_EventGroup/FreeRTOS/include/projdefs.h","F1FA9FAA0D14851DFF86AACA00559F4B474E5F6D68772D0072842E25351D98B3","F1FA9FAA0D14851DFF86AACA00559F4B474E5F6D68772D0072842E25351D98B3","True"
"projects/08-event-groups/course/09_FreeRTOS_EventGroup/FreeRTOS/include/queue.h","A3763E24A5A3A38413996FC8392EFD6ADD1D1EE3EF507FBA22DAF75682241FEB","A3763E24A5A3A38413996FC8392EFD6ADD1D1EE3EF507FBA22DAF75682241FEB","True"
"projects/08-event-groups/course/09_FreeRTOS_EventGroup/FreeRTOS/include/semphr.h","C624E8CDFC07844D4CF35382F3CC908C872375C7A3048482BDC110BDA88CC4F2","C624E8CDFC07844D4CF35382F3CC908C872375C7A3048482BDC110BDA88CC4F2","True"
"projects/08-event-groups/course/09_FreeRTOS_EventGroup/FreeRTOS/include/stack_macros.h","3CDDF2B3D47AE387E376AC75EB468F9D8FFB575D68C143E08D54AF4087474CCE","3CDDF2B3D47AE387E376AC75EB468F9D8FFB575D68C143E08D54AF4087474CCE","True"
"projects/08-event-groups/course/09_FreeRTOS_EventGroup/FreeRTOS/include/StackMacros.h","6460E81C910496D51BC39011E35D17F5B5437B5DEB03F9E91222F796D8C8BF79","6460E81C910496D51BC39011E35D17F5B5437B5DEB03F9E91222F796D8C8BF79","True"
"projects/08-event-groups/course/09_FreeRTOS_EventGroup/FreeRTOS/include/stream_buffer.h","B876D839460197D94D0F95FB93C6AEB457F6FC572D32258480FED7D4DE686B6B","B876D839460197D94D0F95FB93C6AEB457F6FC572D32258480FED7D4DE686B6B","True"
"projects/08-event-groups/course/09_FreeRTOS_EventGroup/FreeRTOS/include/task.h","CB1B0BBCDC66E39BA3B5A09B3E2829A5D376B8990735980613514903A3C5F493","CB1B0BBCDC66E39BA3B5A09B3E2829A5D376B8990735980613514903A3C5F493","True"
"projects/08-event-groups/course/09_FreeRTOS_EventGroup/FreeRTOS/include/timers.h","08D73A99380A1BA61376258C52F4FDDF5DF5B6DCBE0F86B0EA03F11A5CA58459","08D73A99380A1BA61376258C52F4FDDF5DF5B6DCBE0F86B0EA03F11A5CA58459","True"
"projects/08-event-groups/course/09_FreeRTOS_EventGroup/FreeRTOS/list.c","DB5C169CF3EFD68DA1C6A923AC84EEBC724D602C940BDE0B9B5F01F05028FDE4","DB5C169CF3EFD68DA1C6A923AC84EEBC724D602C940BDE0B9B5F01F05028FDE4","True"
"projects/08-event-groups/course/09_FreeRTOS_EventGroup/FreeRTOS/manifest.yml","F71AEBB742E00AD33F877B3B679B4C24CDB709D7980C3E7836438758DBAA0139","F71AEBB742E00AD33F877B3B679B4C24CDB709D7980C3E7836438758DBAA0139","True"
"projects/08-event-groups/course/09_FreeRTOS_EventGroup/FreeRTOS/portable/GCC/ARM_CM4F/port.c","11F2202099ED9A73F5AE5EF9DAC414F6D9B257D6480BD9C9A1E38A71B3EE8D41","11F2202099ED9A73F5AE5EF9DAC414F6D9B257D6480BD9C9A1E38A71B3EE8D41","True"
"projects/08-event-groups/course/09_FreeRTOS_EventGroup/FreeRTOS/portable/GCC/ARM_CM4F/portmacro.h","D569E2A29AF1C742B69CB16E15D256611FA7979BDA2B355E03426D3C40369E42","D569E2A29AF1C742B69CB16E15D256611FA7979BDA2B355E03426D3C40369E42","True"
"projects/08-event-groups/course/09_FreeRTOS_EventGroup/FreeRTOS/portable/MemMang/heap_1.c","286E3FEE81C9107FC6DEC40405F500CABDCA56836D29747C182F0899BB8997FD","286E3FEE81C9107FC6DEC40405F500CABDCA56836D29747C182F0899BB8997FD","True"
"projects/08-event-groups/course/09_FreeRTOS_EventGroup/FreeRTOS/portable/MemMang/heap_2.c","A7B035B9ED786593143C8317ACFB49DE21B6450F246036A72331593577E5408B","A7B035B9ED786593143C8317ACFB49DE21B6450F246036A72331593577E5408B","True"
"projects/08-event-groups/course/09_FreeRTOS_EventGroup/FreeRTOS/portable/MemMang/heap_3.c","E2D5DBB3F3CCBADD8E7AE778F30C18D28B0532EBFE81B03AA6A20E3F75242853","E2D5DBB3F3CCBADD8E7AE778F30C18D28B0532EBFE81B03AA6A20E3F75242853","True"
"projects/08-event-groups/course/09_FreeRTOS_EventGroup/FreeRTOS/portable/MemMang/heap_4.c","D48A51E34CAED771E6650D95F6C2527E52FDE2A6EBC6F83B49D003AEF0135E05","D48A51E34CAED771E6650D95F6C2527E52FDE2A6EBC6F83B49D003AEF0135E05","True"
"projects/08-event-groups/course/09_FreeRTOS_EventGroup/FreeRTOS/portable/MemMang/heap_5.c","71B7988059E801A962DC76B956666AAB5564788D5AE437F590080DCB3FDF1881","71B7988059E801A962DC76B956666AAB5564788D5AE437F590080DCB3FDF1881","True"
"projects/08-event-groups/course/09_FreeRTOS_EventGroup/FreeRTOS/portable/RVDS/ARM_CA9/port.c","484F1EF17F58F3DF0B06026E1BFC8E44471DF51B33CB36D196A2D61369085A9B","484F1EF17F58F3DF0B06026E1BFC8E44471DF51B33CB36D196A2D61369085A9B","True"
"projects/08-event-groups/course/09_FreeRTOS_EventGroup/FreeRTOS/portable/RVDS/ARM_CA9/portASM.s","CECD728B929B81E8484C603CA00A0F95754C8EC3FF5F6D51728A3563C2E1187C","CECD728B929B81E8484C603CA00A0F95754C8EC3FF5F6D51728A3563C2E1187C","True"
"projects/08-event-groups/course/09_FreeRTOS_EventGroup/FreeRTOS/portable/RVDS/ARM_CA9/portmacro.h","AF5E80736D03E02590745B6781BB03809D68721BFAB0213C02B3697A4C4F8814","AF5E80736D03E02590745B6781BB03809D68721BFAB0213C02B3697A4C4F8814","True"
"projects/08-event-groups/course/09_FreeRTOS_EventGroup/FreeRTOS/portable/RVDS/ARM_CM0/port.c","76BE44D607E9E2CB32743386F1A97FF98E7463744DAF687773A0967B00B7F20F","76BE44D607E9E2CB32743386F1A97FF98E7463744DAF687773A0967B00B7F20F","True"
"projects/08-event-groups/course/09_FreeRTOS_EventGroup/FreeRTOS/portable/RVDS/ARM_CM0/portmacro.h","8E89F1A754EFF06CDCC206A4BDC13F41211D31A432981759FA25B184941078DE","8E89F1A754EFF06CDCC206A4BDC13F41211D31A432981759FA25B184941078DE","True"
"projects/08-event-groups/course/09_FreeRTOS_EventGroup/FreeRTOS/portable/RVDS/ARM_CM3/port.c","0F5A2323E1BDC135D37FA40DAFAC766095C46FE623F9A20CBF2F0D92405B4067","0F5A2323E1BDC135D37FA40DAFAC766095C46FE623F9A20CBF2F0D92405B4067","True"
"projects/08-event-groups/course/09_FreeRTOS_EventGroup/FreeRTOS/portable/RVDS/ARM_CM3/portmacro.h","7B6EEFBBA5194658CF11B14F97DD540B1CEEDCB40178F0C97244A063AC53F4E2","7B6EEFBBA5194658CF11B14F97DD540B1CEEDCB40178F0C97244A063AC53F4E2","True"
"projects/08-event-groups/course/09_FreeRTOS_EventGroup/FreeRTOS/portable/RVDS/ARM_CM4_MPU/port.c","1EBEB0A72801D79FAB99F4D1C43B5D2F34DC75C34E9D39A25F057B304E40685C","1EBEB0A72801D79FAB99F4D1C43B5D2F34DC75C34E9D39A25F057B304E40685C","True"
"projects/08-event-groups/course/09_FreeRTOS_EventGroup/FreeRTOS/portable/RVDS/ARM_CM4_MPU/portmacro.h","4149E8C08E5AE89F05E1E1E8C5B3BD87143321FDF4510F5693885624B8148DDE","4149E8C08E5AE89F05E1E1E8C5B3BD87143321FDF4510F5693885624B8148DDE","True"
"projects/08-event-groups/course/09_FreeRTOS_EventGroup/FreeRTOS/portable/RVDS/ARM_CM4F/port.c","6493BDBCD8AC57B5739EDB5CECC8E55EF9C82A8F978FC2F05BE19B2FAF46CEDF","6493BDBCD8AC57B5739EDB5CECC8E55EF9C82A8F978FC2F05BE19B2FAF46CEDF","True"
"projects/08-event-groups/course/09_FreeRTOS_EventGroup/FreeRTOS/portable/RVDS/ARM_CM4F/portmacro.h","9AA2265C543E086FD40A1B22C3BAFE0E4C2950E1E1F6DE05C803E13D621F9438","9AA2265C543E086FD40A1B22C3BAFE0E4C2950E1E1F6DE05C803E13D621F9438","True"
"projects/08-event-groups/course/09_FreeRTOS_EventGroup/FreeRTOS/portable/RVDS/ARM_CM7/r0p1/port.c","0B428C045198D97CBF2C7B4BECB063FB067EE8F765F263A37EF3286839B4FE12","0B428C045198D97CBF2C7B4BECB063FB067EE8F765F263A37EF3286839B4FE12","True"
"projects/08-event-groups/course/09_FreeRTOS_EventGroup/FreeRTOS/portable/RVDS/ARM_CM7/r0p1/portmacro.h","641CCD46A7EBA0E476DEFE30B350847FEE8044DFBF503B6E1ECB9CE3CDACF9F9","641CCD46A7EBA0E476DEFE30B350847FEE8044DFBF503B6E1ECB9CE3CDACF9F9","True"
"projects/08-event-groups/course/09_FreeRTOS_EventGroup/FreeRTOS/portable/RVDS/ARM_CM7/ReadMe.txt","710C88C6D9BFCC4645C414F151EE23F4C28FB8B4932308B5EB7109EF07B1D1C6","710C88C6D9BFCC4645C414F151EE23F4C28FB8B4932308B5EB7109EF07B1D1C6","True"
"projects/08-event-groups/course/09_FreeRTOS_EventGroup/FreeRTOS/portable/RVDS/ARM7_LPC21xx/port.c","4F79AF04C94548F73D9DEEA4A81CC841FF172B8D1E27C5E544FB243BD3F147B3","4F79AF04C94548F73D9DEEA4A81CC841FF172B8D1E27C5E544FB243BD3F147B3","True"
"projects/08-event-groups/course/09_FreeRTOS_EventGroup/FreeRTOS/portable/RVDS/ARM7_LPC21xx/portASM.s","EEC6FD2E493EE97E8592C715AEC32C12EF8E5CEC861DEFCCCC6E30AE584FAFD6","EEC6FD2E493EE97E8592C715AEC32C12EF8E5CEC861DEFCCCC6E30AE584FAFD6","True"
"projects/08-event-groups/course/09_FreeRTOS_EventGroup/FreeRTOS/portable/RVDS/ARM7_LPC21xx/portmacro.h","7B796FC47E27A4AC381510536369605571DB0ECDD36BA9DBDB7AB4C02FC81C92","7B796FC47E27A4AC381510536369605571DB0ECDD36BA9DBDB7AB4C02FC81C92","True"
"projects/08-event-groups/course/09_FreeRTOS_EventGroup/FreeRTOS/queue.c","5CDF4FA35FE059446EFFFF5BF20DEAF83DDFFB08921BC198FDA106B1D17DD894","5CDF4FA35FE059446EFFFF5BF20DEAF83DDFFB08921BC198FDA106B1D17DD894","True"
"projects/08-event-groups/course/09_FreeRTOS_EventGroup/FreeRTOS/stream_buffer.c","86D948694C723B814C9606A6C804EA7C1BD30B3DA518D1D6A83B81F972E3A152","86D948694C723B814C9606A6C804EA7C1BD30B3DA518D1D6A83B81F972E3A152","True"
"projects/08-event-groups/course/09_FreeRTOS_EventGroup/FreeRTOS/tasks.c","14020D617B96DD2814E1211F6E3B645BCF5E2BD3179C23FE7DD16BC666FE9463","14020D617B96DD2814E1211F6E3B645BCF5E2BD3179C23FE7DD16BC666FE9463","True"
"projects/08-event-groups/course/09_FreeRTOS_EventGroup/FreeRTOS/timers.c","24962EF361F396AAA5E6E33776EEEDDAF2FB251C87B6FE50602ACC56C537B093","24962EF361F396AAA5E6E33776EEEDDAF2FB251C87B6FE50602ACC56C537B093","True"
"projects/08-event-groups/course/09_FreeRTOS_EventGroup/Hardware/bsp_buzzer.c","DB132610BB9FD25BB3606FEE7C189AD01FB3F68FEF38D105A74C0609C66B5CEE","DB132610BB9FD25BB3606FEE7C189AD01FB3F68FEF38D105A74C0609C66B5CEE","True"
"projects/08-event-groups/course/09_FreeRTOS_EventGroup/Hardware/bsp_buzzer.h","A849E5A19D17A5DED0E7438846AFA0D5E3636544ABFC356B361024CA882EC6C5","A849E5A19D17A5DED0E7438846AFA0D5E3636544ABFC356B361024CA882EC6C5","True"
"projects/08-event-groups/course/09_FreeRTOS_EventGroup/Hardware/bsp_buzzer2.c","D4F400CA00C8ACE082181E1D587A2B1CE7CC29C870BCA80C8A920BF78710B2C1","D4F400CA00C8ACE082181E1D587A2B1CE7CC29C870BCA80C8A920BF78710B2C1","True"
"projects/08-event-groups/course/09_FreeRTOS_EventGroup/Hardware/bsp_buzzer2.h","A849E5A19D17A5DED0E7438846AFA0D5E3636544ABFC356B361024CA882EC6C5","A849E5A19D17A5DED0E7438846AFA0D5E3636544ABFC356B361024CA882EC6C5","True"
"projects/08-event-groups/course/09_FreeRTOS_EventGroup/Hardware/bsp_keys.c","F9CE7CA7732415114E7154146B0D490E39AAE7E2C05E7344F24461B46FA985EC","F9CE7CA7732415114E7154146B0D490E39AAE7E2C05E7344F24461B46FA985EC","True"
"projects/08-event-groups/course/09_FreeRTOS_EventGroup/Hardware/bsp_keys.h","6686FE9209500C9961EEF79ABF11336990F67778B8C2A196EAC9A10A2A6C4702","6686FE9209500C9961EEF79ABF11336990F67778B8C2A196EAC9A10A2A6C4702","True"
"projects/08-event-groups/course/09_FreeRTOS_EventGroup/Library/EXTI_config.h","3FC4D72800A241220830F878A4A41597CFA7754FF9D907C88BCFE6B5DC2F95A4","3FC4D72800A241220830F878A4A41597CFA7754FF9D907C88BCFE6B5DC2F95A4","True"
"projects/08-event-groups/course/09_FreeRTOS_EventGroup/Library/EXTI.c","FB93261F829F40640F1A433BC5AAB1BBFA435DE2091BD64B2D1AFF65CDA4F2A6","FB93261F829F40640F1A433BC5AAB1BBFA435DE2091BD64B2D1AFF65CDA4F2A6","True"
"projects/08-event-groups/course/09_FreeRTOS_EventGroup/Library/EXTI.h","4F9D3299CE5AC87CA0A74350C61AA1E7BB6D6CA2151C36A683A2334CAC926B84","4F9D3299CE5AC87CA0A74350C61AA1E7BB6D6CA2151C36A683A2334CAC926B84","True"
"projects/08-event-groups/course/09_FreeRTOS_EventGroup/Library/I2C0.c","1902450E399F26AB11BABACB640C9C56389B2188FF852E3E6A58D60E16AF528E","1902450E399F26AB11BABACB640C9C56389B2188FF852E3E6A58D60E16AF528E","True"
"projects/08-event-groups/course/09_FreeRTOS_EventGroup/Library/I2C0.h","E30F8BA27DF76E3682B8D0325EB2B9DAAF13A20CFF0E1FC59A4625625996AF42","E30F8BA27DF76E3682B8D0325EB2B9DAAF13A20CFF0E1FC59A4625625996AF42","True"
"projects/08-event-groups/course/09_FreeRTOS_EventGroup/Library/TIMER_config.h","BD74AB72F9068615F9AB44169B11F6EF25CD9BC3D4CD0E27A95BE4AE24608766","BD74AB72F9068615F9AB44169B11F6EF25CD9BC3D4CD0E27A95BE4AE24608766","True"
"projects/08-event-groups/course/09_FreeRTOS_EventGroup/Library/TIMER.c","68A9D9BBDB446C51E0C577B7E7969E8F3513AF7E4736C10BC6D579FBF5661435","68A9D9BBDB446C51E0C577B7E7969E8F3513AF7E4736C10BC6D579FBF5661435","True"
"projects/08-event-groups/course/09_FreeRTOS_EventGroup/Library/TIMER.h","51A72D9863C245195AD3CD40ADDB0D573930D5AB540B30D3D971AD2AF6B2E80E","51A72D9863C245195AD3CD40ADDB0D573930D5AB540B30D3D971AD2AF6B2E80E","True"
"projects/08-event-groups/course/09_FreeRTOS_EventGroup/Library/USART_config.h","73E72408B41955E419784B2A24B0FBD8AD81A334AA38EB9DB60A7DDAE97AD633","73E72408B41955E419784B2A24B0FBD8AD81A334AA38EB9DB60A7DDAE97AD633","True"
"projects/08-event-groups/course/09_FreeRTOS_EventGroup/Library/USART0.c","CC2B65D391402D08716A1897F77288ED43EA658EF43A9B0691D0FDC0A6267D27","CC2B65D391402D08716A1897F77288ED43EA658EF43A9B0691D0FDC0A6267D27","True"
"projects/08-event-groups/course/09_FreeRTOS_EventGroup/Library/USART0.h","6016FD90E22446BB90BE0996EA5EE6493AB9CDF6E7F71024ED583F05C4860399","6016FD90E22446BB90BE0996EA5EE6493AB9CDF6E7F71024ED583F05C4860399","True"
"projects/08-event-groups/course/09_FreeRTOS_EventGroup/Project/GD32F407.uvprojx","DEC28CD3A36FCF3C09318958F5E39DC51A67C28BA3726199C24BCF0079A20DC5","DEC28CD3A36FCF3C09318958F5E39DC51A67C28BA3726199C24BCF0079A20DC5","True"
"projects/08-event-groups/course/09_FreeRTOS_EventGroup/Project/Target 1_alog.txt","7BFEC1BFE3C790FA191F6A92C574396D8E9B1A430854DD30F159CD51346BB0EE","7BFEC1BFE3C790FA191F6A92C574396D8E9B1A430854DD30F159CD51346BB0EE","True"
"projects/08-event-groups/course/09_FreeRTOS_EventGroup/Project/Target 1_analysis.xlsx","C79E1052B0894BCF2EE042E511F3C93779BCE88D41E760785BCFC25F85C57ABE","C79E1052B0894BCF2EE042E511F3C93779BCE88D41E760785BCFC25F85C57ABE","True"
"projects/08-event-groups/course/09_FreeRTOS_EventGroup/Project/Target 1_sort_by_flash.csv","5C8509BC797863A8CCEE7E75CEAA66CE0F81F12A42C7469FC699A032C583E150","5C8509BC797863A8CCEE7E75CEAA66CE0F81F12A42C7469FC699A032C583E150","True"
"projects/08-event-groups/course/09_FreeRTOS_EventGroup/Project/Target 1_sort_by_ram.csv","A4AC0A6C7496D40E63E008685FBF18CD829A2557AD4DA563E409E0D475F6CCA0","A4AC0A6C7496D40E63E008685FBF18CD829A2557AD4DA563E409E0D475F6CCA0","True"
"projects/08-event-groups/course/09_FreeRTOS_EventGroup/README.md","E3B0C44298FC1C149AFBF4C8996FB92427AE41E4649B934CA495991B7852B855","E3B0C44298FC1C149AFBF4C8996FB92427AE41E4649B934CA495991B7852B855","True"
"projects/08-event-groups/course/09_FreeRTOS_EventGroup/User/gd32f4xx_it.c","4AF8D0E30992B84018E763B4465FAF58DB22B108F3E64F997CE229AE1243FBFC","4AF8D0E30992B84018E763B4465FAF58DB22B108F3E64F997CE229AE1243FBFC","True"
"projects/08-event-groups/course/09_FreeRTOS_EventGroup/User/gd32f4xx_it.h","B4995762AE5CEB7125CC9720CEA7E2BAD8640C23B87ED1856D9B8A380A5FC8C3","B4995762AE5CEB7125CC9720CEA7E2BAD8640C23B87ED1856D9B8A380A5FC8C3","True"
"projects/08-event-groups/course/09_FreeRTOS_EventGroup/User/gd32f4xx_libopt.h","702C6D85987BCDDDD363A8412C5806255F6C746065DA984EB21896C5DDD6BF09","702C6D85987BCDDDD363A8412C5806255F6C746065DA984EB21896C5DDD6BF09","True"
"projects/08-event-groups/course/09_FreeRTOS_EventGroup/User/main.c","A8017A324B1BC2C3118A3B707ADC326181EA25B56ECCE604750B101503E7B9D7","A8017A324B1BC2C3118A3B707ADC326181EA25B56ECCE604750B101503E7B9D7","True"
"projects/08-event-groups/course/09_FreeRTOS_EventGroup/User/main.h","32C273B119ABF22DA51E2782C09853A1545B1DF1364A13EFFA2B465379E1A53C","32C273B119ABF22DA51E2782C09853A1545B1DF1364A13EFFA2B465379E1A53C","True"
"projects/08-event-groups/course/09_FreeRTOS_EventGroup/User/readme.txt","A45BD1E14D470B46BE2D57C9D35147E41204556CC4BB4E25EA3C7B6B424A0B7C","A45BD1E14D470B46BE2D57C9D35147E41204556CC4BB4E25EA3C7B6B424A0B7C","True"
"projects/08-event-groups/course/09_FreeRTOS_EventGroup/User/systick.c","8D524363D38E222D3E8A2281F06972493AE62F379A138637B65419C59E06CBD2","8D524363D38E222D3E8A2281F06972493AE62F379A138637B65419C59E06CBD2","True"
"projects/08-event-groups/course/09_FreeRTOS_EventGroup/User/systick.h","E74F1981340E6162CCE52F39F73009B1570EFB7F024410652F494E77997DA025","E74F1981340E6162CCE52F39F73009B1570EFB7F024410652F494E77997DA025","True"
"projects/09-task-notifications/course/10_FreeRTOS_Notify/FreeRTOS/CMakeLists.txt","277777817A51C3B8548C84A61CF5341C43DA40769C833A05AD46FDBD6F7CEED7","277777817A51C3B8548C84A61CF5341C43DA40769C833A05AD46FDBD6F7CEED7","True"
"projects/09-task-notifications/course/10_FreeRTOS_Notify/FreeRTOS/croutine.c","55EAD528C53078FBCAE18A239E91F1F6D9438C5666C389848B8B97435F0DABFB","55EAD528C53078FBCAE18A239E91F1F6D9438C5666C389848B8B97435F0DABFB","True"
"projects/09-task-notifications/course/10_FreeRTOS_Notify/FreeRTOS/event_groups.c","D859F69B33C4CBC25111D1A36235DD89FA707BE62CB131177FA1031FD0827ADC","D859F69B33C4CBC25111D1A36235DD89FA707BE62CB131177FA1031FD0827ADC","True"
"projects/09-task-notifications/course/10_FreeRTOS_Notify/FreeRTOS/FreeRTOSConfig.h","CC15233B9FF928286A63FA14C1A784F10E4D1C9B73E7E370E0D2768216C0AEF7","CC15233B9FF928286A63FA14C1A784F10E4D1C9B73E7E370E0D2768216C0AEF7","True"
"projects/09-task-notifications/course/10_FreeRTOS_Notify/FreeRTOS/History.txt","E5249ABD1595490FE4E821904C2C6831040302F0EA232E0559D4E83F3DA93837","E5249ABD1595490FE4E821904C2C6831040302F0EA232E0559D4E83F3DA93837","True"
"projects/09-task-notifications/course/10_FreeRTOS_Notify/FreeRTOS/include/atomic.h","1BB24E0554D83CD65BE947A622DB6AE67FD6FA2BBE22E57D1D3DA58CA2CCAB1C","1BB24E0554D83CD65BE947A622DB6AE67FD6FA2BBE22E57D1D3DA58CA2CCAB1C","True"
"projects/09-task-notifications/course/10_FreeRTOS_Notify/FreeRTOS/include/croutine.h","F31F03D67830D5F1C7F26D49188BB919B7DADD883E7193202A5C3DDF3BA545F1","F31F03D67830D5F1C7F26D49188BB919B7DADD883E7193202A5C3DDF3BA545F1","True"
"projects/09-task-notifications/course/10_FreeRTOS_Notify/FreeRTOS/include/deprecated_definitions.h","E738A0B6FA2A1D8F9DBF923522DD7EEE7FE81ECC91DD1E7F44F0A60AFBDAD41D","E738A0B6FA2A1D8F9DBF923522DD7EEE7FE81ECC91DD1E7F44F0A60AFBDAD41D","True"
"projects/09-task-notifications/course/10_FreeRTOS_Notify/FreeRTOS/include/event_groups.h","7A38D7A3CE24BD2FF6C6003C94EEA7AA7972179B1F17C1A91374334C6069F027","7A38D7A3CE24BD2FF6C6003C94EEA7AA7972179B1F17C1A91374334C6069F027","True"
"projects/09-task-notifications/course/10_FreeRTOS_Notify/FreeRTOS/include/FreeRTOS.h","4FB17B1FF11FC3F82CFF4E04F4546FC82FF3115EF213097FD942C3ACDB657FBB","4FB17B1FF11FC3F82CFF4E04F4546FC82FF3115EF213097FD942C3ACDB657FBB","True"
"projects/09-task-notifications/course/10_FreeRTOS_Notify/FreeRTOS/include/list.h","FABB9DA73D1F101771CC17D39301C22B5AEFC9A53231E167564549EB4CD9EADF","FABB9DA73D1F101771CC17D39301C22B5AEFC9A53231E167564549EB4CD9EADF","True"
"projects/09-task-notifications/course/10_FreeRTOS_Notify/FreeRTOS/include/message_buffer.h","028E0C2F677C270BFBA94D660CFFEC076BD885E4CFA09FE9204EE2D7609B3482","028E0C2F677C270BFBA94D660CFFEC076BD885E4CFA09FE9204EE2D7609B3482","True"
"projects/09-task-notifications/course/10_FreeRTOS_Notify/FreeRTOS/include/mpu_prototypes.h","CB9D49B208BA11991812ABFDD5AEDDBAD0F2753D727B85030D0C1F1234FD8D82","CB9D49B208BA11991812ABFDD5AEDDBAD0F2753D727B85030D0C1F1234FD8D82","True"
"projects/09-task-notifications/course/10_FreeRTOS_Notify/FreeRTOS/include/mpu_wrappers.h","CBFA73F13C5F2C36F478EF334276FD82223F3B2A170C7933726EE172F7E73681","CBFA73F13C5F2C36F478EF334276FD82223F3B2A170C7933726EE172F7E73681","True"
"projects/09-task-notifications/course/10_FreeRTOS_Notify/FreeRTOS/include/portable.h","84158989DE868BFC446A3F80296279362A42956C26AE927A4C92B30D69E4FF3E","84158989DE868BFC446A3F80296279362A42956C26AE927A4C92B30D69E4FF3E","True"
"projects/09-task-notifications/course/10_FreeRTOS_Notify/FreeRTOS/include/projdefs.h","4988A880B1EDC239A3F5792D4F884C9F64E2B7D7B42F6E9562C26462B07125AC","4988A880B1EDC239A3F5792D4F884C9F64E2B7D7B42F6E9562C26462B07125AC","True"
"projects/09-task-notifications/course/10_FreeRTOS_Notify/FreeRTOS/include/queue.h","A3763E24A5A3A38413996FC8392EFD6ADD1D1EE3EF507FBA22DAF75682241FEB","A3763E24A5A3A38413996FC8392EFD6ADD1D1EE3EF507FBA22DAF75682241FEB","True"
"projects/09-task-notifications/course/10_FreeRTOS_Notify/FreeRTOS/include/semphr.h","CBDECFD3A4494FA6D70624EF31377D1DCAA6B8E2459C26C630E8F9E88BDFCF0C","CBDECFD3A4494FA6D70624EF31377D1DCAA6B8E2459C26C630E8F9E88BDFCF0C","True"
"projects/09-task-notifications/course/10_FreeRTOS_Notify/FreeRTOS/include/stack_macros.h","F74B1F716405A73643EE1E425336E9ACC6B6E9E8200239A0C87A89C74331FA59","F74B1F716405A73643EE1E425336E9ACC6B6E9E8200239A0C87A89C74331FA59","True"
"projects/09-task-notifications/course/10_FreeRTOS_Notify/FreeRTOS/include/StackMacros.h","EE150A50866F68911EC669DEF6003E9F66338FF8B1CEFE1A92CC6F47C55E9B4A","EE150A50866F68911EC669DEF6003E9F66338FF8B1CEFE1A92CC6F47C55E9B4A","True"
"projects/09-task-notifications/course/10_FreeRTOS_Notify/FreeRTOS/include/stream_buffer.h","36AEBD551CFF87F8309F671A943B380ED31F013491B3595E82F1D53E3B9AF1D7","36AEBD551CFF87F8309F671A943B380ED31F013491B3595E82F1D53E3B9AF1D7","True"
"projects/09-task-notifications/course/10_FreeRTOS_Notify/FreeRTOS/include/task.h","CB1B0BBCDC66E39BA3B5A09B3E2829A5D376B8990735980613514903A3C5F493","CB1B0BBCDC66E39BA3B5A09B3E2829A5D376B8990735980613514903A3C5F493","True"
"projects/09-task-notifications/course/10_FreeRTOS_Notify/FreeRTOS/include/timers.h","08D73A99380A1BA61376258C52F4FDDF5DF5B6DCBE0F86B0EA03F11A5CA58459","08D73A99380A1BA61376258C52F4FDDF5DF5B6DCBE0F86B0EA03F11A5CA58459","True"
"projects/09-task-notifications/course/10_FreeRTOS_Notify/FreeRTOS/LICENSE.md","508A77D2E7B51D98ADEED32648AD124B7B30241A8E70B2E72C99F92D8E5874D1","508A77D2E7B51D98ADEED32648AD124B7B30241A8E70B2E72C99F92D8E5874D1","True"
"projects/09-task-notifications/course/10_FreeRTOS_Notify/FreeRTOS/list.c","875073A60D1B74DA570B051CFEC2F5925D92B32B1086645616E2BE19170E0B5A","875073A60D1B74DA570B051CFEC2F5925D92B32B1086645616E2BE19170E0B5A","True"
"projects/09-task-notifications/course/10_FreeRTOS_Notify/FreeRTOS/manifest.yml","F71AEBB742E00AD33F877B3B679B4C24CDB709D7980C3E7836438758DBAA0139","F71AEBB742E00AD33F877B3B679B4C24CDB709D7980C3E7836438758DBAA0139","True"
"projects/09-task-notifications/course/10_FreeRTOS_Notify/FreeRTOS/portable/GCC/ARM_CM4_MPU/port.c","97CC33C4D3C5D5EB6FC6214DE2543167DBC702E4F48362D1E4246FA68392FA26","97CC33C4D3C5D5EB6FC6214DE2543167DBC702E4F48362D1E4246FA68392FA26","True"
"projects/09-task-notifications/course/10_FreeRTOS_Notify/FreeRTOS/portable/GCC/ARM_CM4_MPU/portmacro.h","C33248754C2D8C7D304D037304185F7626569BD06FFBA2B74F65D433F59B8790","C33248754C2D8C7D304D037304185F7626569BD06FFBA2B74F65D433F59B8790","True"
"projects/09-task-notifications/course/10_FreeRTOS_Notify/FreeRTOS/portable/GCC/ARM_CM4F/port.c","EE4AFC45A70FA95C43D476E9B8C1A25B9EE1CDB2A0121D5BA70D568D2133CA35","EE4AFC45A70FA95C43D476E9B8C1A25B9EE1CDB2A0121D5BA70D568D2133CA35","True"
"projects/09-task-notifications/course/10_FreeRTOS_Notify/FreeRTOS/portable/GCC/ARM_CM4F/portmacro.h","2D60F05611BAE671F753CCDEB1645878177D5A53756246AD63B416E093040A74","2D60F05611BAE671F753CCDEB1645878177D5A53756246AD63B416E093040A74","True"
"projects/09-task-notifications/course/10_FreeRTOS_Notify/FreeRTOS/portable/MemMang/heap_1.c","13BEC5A55C2964A2B7599486305AFA9167840587705D58CF23BD0E9FC5F25065","13BEC5A55C2964A2B7599486305AFA9167840587705D58CF23BD0E9FC5F25065","True"
"projects/09-task-notifications/course/10_FreeRTOS_Notify/FreeRTOS/portable/MemMang/heap_2.c","59E02BC1BEDF657BCE98048C170AC904B2CA0CBDFF82DFB63274986F4A1300FA","59E02BC1BEDF657BCE98048C170AC904B2CA0CBDFF82DFB63274986F4A1300FA","True"
"projects/09-task-notifications/course/10_FreeRTOS_Notify/FreeRTOS/portable/MemMang/heap_3.c","B1730D945950D0608A015AA1B1C243A7F0ED86E1795C3D682F45C5BE79D48896","B1730D945950D0608A015AA1B1C243A7F0ED86E1795C3D682F45C5BE79D48896","True"
"projects/09-task-notifications/course/10_FreeRTOS_Notify/FreeRTOS/portable/MemMang/heap_4.c","025BC24C6FFF0115D83E5AB496EFC4E7BF02803683EC57CF11225D6F71B28EB6","025BC24C6FFF0115D83E5AB496EFC4E7BF02803683EC57CF11225D6F71B28EB6","True"
"projects/09-task-notifications/course/10_FreeRTOS_Notify/FreeRTOS/portable/MemMang/heap_5.c","EA2EB956007135C957A494E84C9DB1ECC2D431CB4E7D186EEAC3E3D612AAE5F6","EA2EB956007135C957A494E84C9DB1ECC2D431CB4E7D186EEAC3E3D612AAE5F6","True"
"projects/09-task-notifications/course/10_FreeRTOS_Notify/FreeRTOS/portable/RVDS/ARM_CA9/port.c","6194A40DB55F56F6A5C81146308B9557F5BB90D9D945C5E121D6BAEA05988BCE","6194A40DB55F56F6A5C81146308B9557F5BB90D9D945C5E121D6BAEA05988BCE","True"
"projects/09-task-notifications/course/10_FreeRTOS_Notify/FreeRTOS/portable/RVDS/ARM_CA9/portASM.s","1FFC74ACEBD2C75546FAC0A8BA4DE8782F95DF11570CBC1556E7F2034AE12D61","1FFC74ACEBD2C75546FAC0A8BA4DE8782F95DF11570CBC1556E7F2034AE12D61","True"
"projects/09-task-notifications/course/10_FreeRTOS_Notify/FreeRTOS/portable/RVDS/ARM_CA9/portmacro.h","FB2342BD718CC0BB12EA23D9E37CAB98E8DB62B5EC332CC99AE70DCECDA4CD39","FB2342BD718CC0BB12EA23D9E37CAB98E8DB62B5EC332CC99AE70DCECDA4CD39","True"
"projects/09-task-notifications/course/10_FreeRTOS_Notify/FreeRTOS/portable/RVDS/ARM_CM0/port.c","EFBE0683B9166A3994762FA30A26134352C5667D5197297AC7A608A4F3808ABD","EFBE0683B9166A3994762FA30A26134352C5667D5197297AC7A608A4F3808ABD","True"
"projects/09-task-notifications/course/10_FreeRTOS_Notify/FreeRTOS/portable/RVDS/ARM_CM0/portmacro.h","24C0BEA04C07F92CBB90CB8CE5717385990A495CD7DE8F10FCBC7EBE5D281360","24C0BEA04C07F92CBB90CB8CE5717385990A495CD7DE8F10FCBC7EBE5D281360","True"
"projects/09-task-notifications/course/10_FreeRTOS_Notify/FreeRTOS/portable/RVDS/ARM_CM3/port.c","06EC11E4C7902EE64A9A28D234AF7828A3DA2852EDAAF13FE651D8E83FE72AAA","06EC11E4C7902EE64A9A28D234AF7828A3DA2852EDAAF13FE651D8E83FE72AAA","True"
"projects/09-task-notifications/course/10_FreeRTOS_Notify/FreeRTOS/portable/RVDS/ARM_CM3/portmacro.h","CF0B01E9C15319A2AFBC66408BDDC248FC3680B0B33858A010A5AA7C3E9888BF","CF0B01E9C15319A2AFBC66408BDDC248FC3680B0B33858A010A5AA7C3E9888BF","True"
"projects/09-task-notifications/course/10_FreeRTOS_Notify/FreeRTOS/portable/RVDS/ARM_CM4_MPU/port.c","7E330B5B0894CBDB8B5647857600BD8FDF5D69158D2A1EB9FCFA8EE9B1185BFE","7E330B5B0894CBDB8B5647857600BD8FDF5D69158D2A1EB9FCFA8EE9B1185BFE","True"
"projects/09-task-notifications/course/10_FreeRTOS_Notify/FreeRTOS/portable/RVDS/ARM_CM4_MPU/portmacro.h","E5C45D70D9312307D3075A4111CF6B0716099F3419675EF57FEEFD956787C8BF","E5C45D70D9312307D3075A4111CF6B0716099F3419675EF57FEEFD956787C8BF","True"
"projects/09-task-notifications/course/10_FreeRTOS_Notify/FreeRTOS/portable/RVDS/ARM_CM4F/port.c","F5294163FDC2E606B034C4CDDFE8D0E13E8C73846DB48D5459015D85A5B20986","F5294163FDC2E606B034C4CDDFE8D0E13E8C73846DB48D5459015D85A5B20986","True"
"projects/09-task-notifications/course/10_FreeRTOS_Notify/FreeRTOS/portable/RVDS/ARM_CM4F/portmacro.h","1C84433E16113236A181B1E1ABC9384F0A19395AEF66F6A1EBEA2DBEC90BAB68","1C84433E16113236A181B1E1ABC9384F0A19395AEF66F6A1EBEA2DBEC90BAB68","True"
"projects/09-task-notifications/course/10_FreeRTOS_Notify/FreeRTOS/portable/RVDS/ARM_CM7/r0p1/port.c","2B90F95EDDF2D6E2C4D0F3928C6382640EB5BE560ABFB29F027850785F642D6D","2B90F95EDDF2D6E2C4D0F3928C6382640EB5BE560ABFB29F027850785F642D6D","True"
"projects/09-task-notifications/course/10_FreeRTOS_Notify/FreeRTOS/portable/RVDS/ARM_CM7/r0p1/portmacro.h","083EFF5FA25CA0B356506617005D16DD38E5C130BA7A98EF054F6B2F58BFB5DA","083EFF5FA25CA0B356506617005D16DD38E5C130BA7A98EF054F6B2F58BFB5DA","True"
"projects/09-task-notifications/course/10_FreeRTOS_Notify/FreeRTOS/portable/RVDS/ARM_CM7/ReadMe.txt","713E476F526189B6E505B019C8053CFB6C49D3E921BA7345D59413BD0C35815F","713E476F526189B6E505B019C8053CFB6C49D3E921BA7345D59413BD0C35815F","True"
"projects/09-task-notifications/course/10_FreeRTOS_Notify/FreeRTOS/portable/RVDS/ARM7_LPC21xx/port.c","EBE9A908D4C368770140E738AADD25E3F04D43EA9E345ECE6D8D1677D771E4A6","EBE9A908D4C368770140E738AADD25E3F04D43EA9E345ECE6D8D1677D771E4A6","True"
"projects/09-task-notifications/course/10_FreeRTOS_Notify/FreeRTOS/portable/RVDS/ARM7_LPC21xx/portASM.s","2A9CE08DB398AC6026A975A93C1BB5B48475C58CA34CABA95C44D9742462261F","2A9CE08DB398AC6026A975A93C1BB5B48475C58CA34CABA95C44D9742462261F","True"
"projects/09-task-notifications/course/10_FreeRTOS_Notify/FreeRTOS/portable/RVDS/ARM7_LPC21xx/portmacro.h","F3AAEA299A30A606EDC791C91F158F1F7A66E09BFCD4CD6389FAEC56725E8D11","F3AAEA299A30A606EDC791C91F158F1F7A66E09BFCD4CD6389FAEC56725E8D11","True"
"projects/09-task-notifications/course/10_FreeRTOS_Notify/FreeRTOS/queue.c","715DBCA3AF9DCF377D122F4E0EDC3E85D614FF3F07F4369E053B9F3F3D991D2B","715DBCA3AF9DCF377D122F4E0EDC3E85D614FF3F07F4369E053B9F3F3D991D2B","True"
"projects/09-task-notifications/course/10_FreeRTOS_Notify/FreeRTOS/README.md","1067BE4298FCEA712CC9A970BD2E275C510C4FC96EDA24D4EBEA8CA5E87DBECE","1067BE4298FCEA712CC9A970BD2E275C510C4FC96EDA24D4EBEA8CA5E87DBECE","True"
"projects/09-task-notifications/course/10_FreeRTOS_Notify/FreeRTOS/stream_buffer.c","86D948694C723B814C9606A6C804EA7C1BD30B3DA518D1D6A83B81F972E3A152","86D948694C723B814C9606A6C804EA7C1BD30B3DA518D1D6A83B81F972E3A152","True"
"projects/09-task-notifications/course/10_FreeRTOS_Notify/FreeRTOS/tasks.c","9A7564A3A8EEF8116F4C65800A1B481395584A442B7A0AC24C2A3A6CF2B7DA20","9A7564A3A8EEF8116F4C65800A1B481395584A442B7A0AC24C2A3A6CF2B7DA20","True"
"projects/09-task-notifications/course/10_FreeRTOS_Notify/FreeRTOS/timers.c","F146C9B31538939A71CE0D0081E45B06E6ADE0C24B4136F713BD2D93B376DCD6","F146C9B31538939A71CE0D0081E45B06E6ADE0C24B4136F713BD2D93B376DCD6","True"
"projects/09-task-notifications/course/10_FreeRTOS_Notify/Hardware/bsp_buzzer.c","56BE7AC13ACE03D7C59D62E3E95BE6EA124FB0034E2B0B319D0693FDAED98FF5","56BE7AC13ACE03D7C59D62E3E95BE6EA124FB0034E2B0B319D0693FDAED98FF5","True"
"projects/09-task-notifications/course/10_FreeRTOS_Notify/Hardware/bsp_buzzer.h","5D64767EC62B72848196C538DF82A4B944B10953DF15C4652341D3C48283E458","5D64767EC62B72848196C538DF82A4B944B10953DF15C4652341D3C48283E458","True"
"projects/09-task-notifications/course/10_FreeRTOS_Notify/Hardware/bsp_led_pwm.c","E3415BCCB95D2DB7C00F30C6247894EDEA4EEB95B9977D792F9F21A26FFA01B0","E3415BCCB95D2DB7C00F30C6247894EDEA4EEB95B9977D792F9F21A26FFA01B0","True"
"projects/09-task-notifications/course/10_FreeRTOS_Notify/Hardware/bsp_led_pwm.h","DD4B4F3E7E24B70082A10EB495D42E245CBF893053380DD9ED6AEDFC59601A4A","DD4B4F3E7E24B70082A10EB495D42E245CBF893053380DD9ED6AEDFC59601A4A","True"
"projects/09-task-notifications/course/10_FreeRTOS_Notify/Hardware/bsp_w25qxx.c","7D2042ED5EDD6B897F700A3AC6B5235068C47EC41EF1FF3186D960EEBAE5687C","7D2042ED5EDD6B897F700A3AC6B5235068C47EC41EF1FF3186D960EEBAE5687C","True"
"projects/09-task-notifications/course/10_FreeRTOS_Notify/Hardware/bsp_w25qxx.h","ADAB9D287EB214A45D2E79DCB824CD47517F2E8F0295164080CEB7E7E1A6160B","ADAB9D287EB214A45D2E79DCB824CD47517F2E8F0295164080CEB7E7E1A6160B","True"
"projects/09-task-notifications/course/10_FreeRTOS_Notify/Hardware/i2c_oled/bmp.h","49A086E5AB31DA021F77579E99B5A71059EE57533AA0C1FAF4E23A9D0FBF1CC4","49A086E5AB31DA021F77579E99B5A71059EE57533AA0C1FAF4E23A9D0FBF1CC4","True"
"projects/09-task-notifications/course/10_FreeRTOS_Notify/Hardware/i2c_oled/oled.c","C2016FE1D19CC49097E8FCC0CAE6FD7AF0B95C164629D80535B228D30386C73D","C2016FE1D19CC49097E8FCC0CAE6FD7AF0B95C164629D80535B228D30386C73D","True"
"projects/09-task-notifications/course/10_FreeRTOS_Notify/Hardware/i2c_oled/oled.h","889F916DFD834F5C6FEDEA429634FD30BB271145C542F3D457E4904E7987DE9F","889F916DFD834F5C6FEDEA429634FD30BB271145C542F3D457E4904E7987DE9F","True"
"projects/09-task-notifications/course/10_FreeRTOS_Notify/Hardware/i2c_oled/oledfont.h","9BFD741A3DFC91F1D3309B67AC59AC4A9D367A1D7A616BCB444CCC8D09D29F4D","9BFD741A3DFC91F1D3309B67AC59AC4A9D367A1D7A616BCB444CCC8D09D29F4D","True"
"projects/09-task-notifications/course/10_FreeRTOS_Notify/Hardware/keys.c","648856355E8EDC9C0427E68590464B6D9AD22C260C184F08C0A0B2A49FE2F89B","648856355E8EDC9C0427E68590464B6D9AD22C260C184F08C0A0B2A49FE2F89B","True"
"projects/09-task-notifications/course/10_FreeRTOS_Notify/Hardware/keys.h","5B3A70DEFFB42B5AFED72E4213A5FC6BC4BA1CC3CB15254587C333172EE010C0","5B3A70DEFFB42B5AFED72E4213A5FC6BC4BA1CC3CB15254587C333172EE010C0","True"
"projects/09-task-notifications/course/10_FreeRTOS_Notify/Hardware/NIXIE.c","E3A3DFB83CD530253F78F68F6E8FC044508F83BA936B31D1C686536F8DC3C213","E3A3DFB83CD530253F78F68F6E8FC044508F83BA936B31D1C686536F8DC3C213","True"
"projects/09-task-notifications/course/10_FreeRTOS_Notify/Hardware/NIXIE.h","6252595587DA4B08C4FD90C4FE2B9DEA3C4AAC4EBC3786BAD4CDFFC1C8EC2050","6252595587DA4B08C4FD90C4FE2B9DEA3C4AAC4EBC3786BAD4CDFFC1C8EC2050","True"
"projects/09-task-notifications/course/10_FreeRTOS_Notify/Hardware/PCF8563.c","92CC7BF2B0A97BED7E43A61CCAEE68EAD0C23F70F236C6C793C30B1B03E37488","92CC7BF2B0A97BED7E43A61CCAEE68EAD0C23F70F236C6C793C30B1B03E37488","True"
"projects/09-task-notifications/course/10_FreeRTOS_Notify/Hardware/PCF8563.h","BC89B637E4B715486FEE36871515834A9F1EDB8A6412C5F2CA66E3FA8A0094E8","BC89B637E4B715486FEE36871515834A9F1EDB8A6412C5F2CA66E3FA8A0094E8","True"
"projects/09-task-notifications/course/10_FreeRTOS_Notify/Hardware/spi_oled/bmp.h","B118E7D338A0517BA350906C3FB4433803937DA878BB55588561B1DE2E104F3D","B118E7D338A0517BA350906C3FB4433803937DA878BB55588561B1DE2E104F3D","True"
"projects/09-task-notifications/course/10_FreeRTOS_Notify/Hardware/spi_oled/oled.c","E830584359980077E06AF7708843C2180E322BF95D730C148B3CD73C71035840","E830584359980077E06AF7708843C2180E322BF95D730C148B3CD73C71035840","True"
"projects/09-task-notifications/course/10_FreeRTOS_Notify/Hardware/spi_oled/oled.h","3C345B28B8F54FE5E75EE6BE3990F8718A7A34507E5AC4A4B100D641AD987260","3C345B28B8F54FE5E75EE6BE3990F8718A7A34507E5AC4A4B100D641AD987260","True"
"projects/09-task-notifications/course/10_FreeRTOS_Notify/Middleware/EXTI_config.h","F02D959206F181414C05D82477DCF97C5CBB845F75FCA78FACE9923207540799","F02D959206F181414C05D82477DCF97C5CBB845F75FCA78FACE9923207540799","True"
"projects/09-task-notifications/course/10_FreeRTOS_Notify/Middleware/EXTI.c","FBF7F4A184D46BC542ECAD37A0EDDF013C136E3CF99C705CD5BC6164D4C7BA4A","FBF7F4A184D46BC542ECAD37A0EDDF013C136E3CF99C705CD5BC6164D4C7BA4A","True"
"projects/09-task-notifications/course/10_FreeRTOS_Notify/Middleware/EXTI.h","198DF1E90DA8D118B27D0571F6646D3651A141581896D552DABBB25C4A15F4A8","198DF1E90DA8D118B27D0571F6646D3651A141581896D552DABBB25C4A15F4A8","True"
"projects/09-task-notifications/course/10_FreeRTOS_Notify/Middleware/I2C/I2C_config.h","D8BD3678BE79DB05A448C6725FE868A4606105BCDF86C45978479AC7195F54BC","D8BD3678BE79DB05A448C6725FE868A4606105BCDF86C45978479AC7195F54BC","True"
"projects/09-task-notifications/course/10_FreeRTOS_Notify/Middleware/I2C/I2C.c","1F1577C24E3EE3088E655F4BA1DF00339E80D0E5F77D81C566D2235E9CFE45B1","1F1577C24E3EE3088E655F4BA1DF00339E80D0E5F77D81C566D2235E9CFE45B1","True"
"projects/09-task-notifications/course/10_FreeRTOS_Notify/Middleware/I2C/I2C.h","5410A2E88F3052B463722BF61E66B885EB8637F7986E9265DDCF068625DE9D6A","5410A2E88F3052B463722BF61E66B885EB8637F7986E9265DDCF068625DE9D6A","True"
"projects/09-task-notifications/course/10_FreeRTOS_Notify/Middleware/I2C/I2C0.c","8F0B56134B87AADC1BEB9BA7C16A52002FF5DB4A1FB25809856B65A3E500AA09","8F0B56134B87AADC1BEB9BA7C16A52002FF5DB4A1FB25809856B65A3E500AA09","True"
"projects/09-task-notifications/course/10_FreeRTOS_Notify/Middleware/I2C/I2C0.h","50BBE6F2BD9B1B3FB90F1C8BA99687B99C1E69552DEF4334A1A1870FEA873E3C","50BBE6F2BD9B1B3FB90F1C8BA99687B99C1E69552DEF4334A1A1870FEA873E3C","True"
"projects/09-task-notifications/course/10_FreeRTOS_Notify/Middleware/SPI/SPI_config.h","4EF7FFAB4C8D7ABB05034915CB11645F2DA1ADB0CE497BB673F45DE94885992E","4EF7FFAB4C8D7ABB05034915CB11645F2DA1ADB0CE497BB673F45DE94885992E","True"
"projects/09-task-notifications/course/10_FreeRTOS_Notify/Middleware/SPI/SPI.c","91DFE55D2771548AF03D571C12EB891E64E525CD9D809528B2C106AAE9293BC3","91DFE55D2771548AF03D571C12EB891E64E525CD9D809528B2C106AAE9293BC3","True"
"projects/09-task-notifications/course/10_FreeRTOS_Notify/Middleware/SPI/SPI.h","264DE4152BEECFD9704EDBC957015236DDC43BDEC5CBA631E063D836851BF818","264DE4152BEECFD9704EDBC957015236DDC43BDEC5CBA631E063D836851BF818","True"
"projects/09-task-notifications/course/10_FreeRTOS_Notify/Middleware/SPI/SPI0.c","1F57A9071B289CE7C9617114EBE8E0247DDC88E12F0050BAD5A59F96807A24BC","1F57A9071B289CE7C9617114EBE8E0247DDC88E12F0050BAD5A59F96807A24BC","True"
"projects/09-task-notifications/course/10_FreeRTOS_Notify/Middleware/SPI/SPI0.h","D625EA9796E5C7264F95F711B4A718BB24236B72F3E17C4974C96301882049BD","D625EA9796E5C7264F95F711B4A718BB24236B72F3E17C4974C96301882049BD","True"
"projects/09-task-notifications/course/10_FreeRTOS_Notify/Middleware/SPI/SPI4.c","DAB05907C93EAE09376109825FFA8FE5F77248AD4912DD1291BB25B8BE06A6F3","DAB05907C93EAE09376109825FFA8FE5F77248AD4912DD1291BB25B8BE06A6F3","True"
"projects/09-task-notifications/course/10_FreeRTOS_Notify/Middleware/SPI/SPI4.h","B469298301CAA69128F255A53656504E2C067969DA3AE4D852C4C80F2887C0FB","B469298301CAA69128F255A53656504E2C067969DA3AE4D852C4C80F2887C0FB","True"
"projects/09-task-notifications/course/10_FreeRTOS_Notify/Middleware/TIMER_config.h","58D759EE9EBED78CEC554B945B059BC20F3B5831D09E0AB4333DDF380D568AD3","58D759EE9EBED78CEC554B945B059BC20F3B5831D09E0AB4333DDF380D568AD3","True"
"projects/09-task-notifications/course/10_FreeRTOS_Notify/Middleware/TIMER.c","CC66BD5490FBB7DA3F1CB430A055D5EBD32EA895F6A63CD4491CCB2D1F0058BA","CC66BD5490FBB7DA3F1CB430A055D5EBD32EA895F6A63CD4491CCB2D1F0058BA","True"
"projects/09-task-notifications/course/10_FreeRTOS_Notify/Middleware/TIMER.h","B8FC0119B010A82BC1F9124B4CA701DB09B9D25AA5D595B0CC37BDFFE9A16EB8","B8FC0119B010A82BC1F9124B4CA701DB09B9D25AA5D595B0CC37BDFFE9A16EB8","True"
"projects/09-task-notifications/course/10_FreeRTOS_Notify/Middleware/USART0.c","3E3574C629B3C579FD9AE8D9E88472A60D8B8A94041243949926BF847BDD90A7","3E3574C629B3C579FD9AE8D9E88472A60D8B8A94041243949926BF847BDD90A7","True"
"projects/09-task-notifications/course/10_FreeRTOS_Notify/Middleware/USART0.h","FA64A5B9B8AD20CD2AF25FF811FDB5C8053C003E80E5947CFA0AC055E3C7362F","FA64A5B9B8AD20CD2AF25FF811FDB5C8053C003E80E5947CFA0AC055E3C7362F","True"
"projects/09-task-notifications/course/10_FreeRTOS_Notify/Project/GD32F470.uvprojx","C5D8DF8D3485203B16AF7AE1FAC975750FD49445BBAEB8E85AD0F1B381E29C88","C5D8DF8D3485203B16AF7AE1FAC975750FD49445BBAEB8E85AD0F1B381E29C88","True"
"projects/09-task-notifications/course/10_FreeRTOS_Notify/Project/RTE/_Target/RTE_Components.h","0D4D5813F624F88382EE1A191C3DB597BAD25B3AD7B611765D6F497A11EF4DD3","0D4D5813F624F88382EE1A191C3DB597BAD25B3AD7B611765D6F497A11EF4DD3","True"
"projects/09-task-notifications/course/10_FreeRTOS_Notify/Project/RTE/Device/GD32F470ZG/gd32f4xx_adc.c","72F3EE097A5BC30491D61A953CDD90FB39AEB26A15B6F0C4450F74524B9A1C50","72F3EE097A5BC30491D61A953CDD90FB39AEB26A15B6F0C4450F74524B9A1C50","True"
"projects/09-task-notifications/course/10_FreeRTOS_Notify/Project/RTE/Device/GD32F470ZG/gd32f4xx_dma.c","8EDF07E3FECCF672D77A52A0D9B6214FF477E0FFA701A386625C9EB6C5E4B636","8EDF07E3FECCF672D77A52A0D9B6214FF477E0FFA701A386625C9EB6C5E4B636","True"
"projects/09-task-notifications/course/10_FreeRTOS_Notify/Project/RTE/Device/GD32F470ZG/gd32f4xx_exti.c","8AD66EA1B9DF8B26B20F07CFFBB851A9767F79E5DFA1699BF43B6937AD65C34A","8AD66EA1B9DF8B26B20F07CFFBB851A9767F79E5DFA1699BF43B6937AD65C34A","True"
"projects/09-task-notifications/course/10_FreeRTOS_Notify/Project/RTE/Device/GD32F470ZG/gd32f4xx_fwdgt.c","7BB977D59DF9303362427E22F5C631E58F4B2ED8CED4BCB21B6178B3216DFD00","7BB977D59DF9303362427E22F5C631E58F4B2ED8CED4BCB21B6178B3216DFD00","True"
"projects/09-task-notifications/course/10_FreeRTOS_Notify/Project/RTE/Device/GD32F470ZG/gd32f4xx_gpio.c","A19B2118A9A00300D914BD33DA4F853C6473208202E9156FE0AEF7BC377AA74C","A19B2118A9A00300D914BD33DA4F853C6473208202E9156FE0AEF7BC377AA74C","True"
"projects/09-task-notifications/course/10_FreeRTOS_Notify/Project/RTE/Device/GD32F470ZG/gd32f4xx_i2c.c","F3237D6556C7E6AA5C82C05D7D7988F51F73C1EA599BA67A2EB7197D1E98D697","F3237D6556C7E6AA5C82C05D7D7988F51F73C1EA599BA67A2EB7197D1E98D697","True"
"projects/09-task-notifications/course/10_FreeRTOS_Notify/Project/RTE/Device/GD32F470ZG/gd32f4xx_misc.c","452B9FF01309091AB1357B4BD5ACEE06E12EC689B5CFC19E489F42725694B146","452B9FF01309091AB1357B4BD5ACEE06E12EC689B5CFC19E489F42725694B146","True"
"projects/09-task-notifications/course/10_FreeRTOS_Notify/Project/RTE/Device/GD32F470ZG/gd32f4xx_pmu.c","4C4DC0F3AB15E47C69DC9745D91BF9475E12A705A4D628EE97286C9FDDEE0F36","4C4DC0F3AB15E47C69DC9745D91BF9475E12A705A4D628EE97286C9FDDEE0F36","True"
"projects/09-task-notifications/course/10_FreeRTOS_Notify/Project/RTE/Device/GD32F470ZG/gd32f4xx_rcu.c","27177C4D17AA3756CB51C6C66C283A26949104F2E68B84DCBA6E75D76B24E4EB","27177C4D17AA3756CB51C6C66C283A26949104F2E68B84DCBA6E75D76B24E4EB","True"
"projects/09-task-notifications/course/10_FreeRTOS_Notify/Project/RTE/Device/GD32F470ZG/gd32f4xx_rtc.c","CE84A3A61527C495F6496238F5C07BE13EC16D00A9C60B7990FBB4F688AAEA24","CE84A3A61527C495F6496238F5C07BE13EC16D00A9C60B7990FBB4F688AAEA24","True"
"projects/09-task-notifications/course/10_FreeRTOS_Notify/Project/RTE/Device/GD32F470ZG/gd32f4xx_spi.c","7F208CA1454A7D41566AABBA415B1622B7C8769379BA1280C25BEB2904CF52CA","7F208CA1454A7D41566AABBA415B1622B7C8769379BA1280C25BEB2904CF52CA","True"
"projects/09-task-notifications/course/10_FreeRTOS_Notify/Project/RTE/Device/GD32F470ZG/gd32f4xx_syscfg.c","533B19C2C36E30612AC3D2F32866CCA29FA0C428E19C63F3A9B482F816B352FF","533B19C2C36E30612AC3D2F32866CCA29FA0C428E19C63F3A9B482F816B352FF","True"
"projects/09-task-notifications/course/10_FreeRTOS_Notify/Project/RTE/Device/GD32F470ZG/gd32f4xx_timer.c","7C5F5DD07F893A781893779DBC8FDDDD024506A578D94C0810025BE05B33C72F","7C5F5DD07F893A781893779DBC8FDDDD024506A578D94C0810025BE05B33C72F","True"
"projects/09-task-notifications/course/10_FreeRTOS_Notify/Project/RTE/Device/GD32F470ZG/gd32f4xx_usart.c","412337BE314E144887F12BDA3B56A018ECA559837096DBBC094FAFF0AD36BC8B","412337BE314E144887F12BDA3B56A018ECA559837096DBBC094FAFF0AD36BC8B","True"
"projects/09-task-notifications/course/10_FreeRTOS_Notify/Project/RTE/Device/GD32F470ZG/gd32f4xx_wwdgt.c","E9B3DEA0EB3B0A0D504F4BDAC5FFAF85DE6C00082299693B75B0805C061DFAFD","E9B3DEA0EB3B0A0D504F4BDAC5FFAF85DE6C00082299693B75B0805C061DFAFD","True"
"projects/09-task-notifications/course/10_FreeRTOS_Notify/Project/RTE/Device/GD32F470ZG/startup_gd32f450_470.s","AE85BC0E0A30975FFA986A849DDC02E527C35F98F8737913170CF6282C4C8C19","AE85BC0E0A30975FFA986A849DDC02E527C35F98F8737913170CF6282C4C8C19","True"
"projects/09-task-notifications/course/10_FreeRTOS_Notify/Project/RTE/Device/GD32F470ZG/system_gd32f4xx.c","84E443F6256010A683801C18E1F3C7A8BB3E1870155814B7019690444E381CAB","84E443F6256010A683801C18E1F3C7A8BB3E1870155814B7019690444E381CAB","True"
"projects/09-task-notifications/course/10_FreeRTOS_Notify/User/gd32f4xx_it.c","8B65BEF4F5F32766587EE91E9B4F43FA2BB28FF5D22B750DEBF169FD7A57F135","8B65BEF4F5F32766587EE91E9B4F43FA2BB28FF5D22B750DEBF169FD7A57F135","True"
"projects/09-task-notifications/course/10_FreeRTOS_Notify/User/gd32f4xx_it.h","F87230F35E964DF5C8B51E7C2977FA84275E5DF595DF3C4FD819B6AB8F624236","F87230F35E964DF5C8B51E7C2977FA84275E5DF595DF3C4FD819B6AB8F624236","True"
"projects/09-task-notifications/course/10_FreeRTOS_Notify/User/main.c","9C2BF0CE34E6291D1B3A49C91943733FBAA643BA53AF980D79AD24E5EFAA1754","9C2BF0CE34E6291D1B3A49C91943733FBAA643BA53AF980D79AD24E5EFAA1754","True"
"projects/09-task-notifications/course/10_FreeRTOS_Notify/User/main.h","58B5E747831E2BF69B362E9EB490DBC7F4626F503806AE974351FF758574E3C9","58B5E747831E2BF69B362E9EB490DBC7F4626F503806AE974351FF758574E3C9","True"
"projects/09-task-notifications/course/10_FreeRTOS_Notify/User/readme.txt","97467B7B3EE6C9F43C030CBBDC210CDB330B80DE9C5C3D65360FA4288D73D3CF","97467B7B3EE6C9F43C030CBBDC210CDB330B80DE9C5C3D65360FA4288D73D3CF","True"
"projects/09-task-notifications/course/10_FreeRTOS_Notify/User/systick.c","3E9637881735BDDFB78ADDD3CC17759340901CC21F3751A6C6B87A3BAE1396C4","3E9637881735BDDFB78ADDD3CC17759340901CC21F3751A6C6B87A3BAE1396C4","True"
"projects/09-task-notifications/course/10_FreeRTOS_Notify/User/systick.h","DF3539FC3FA066B5A65656AE0631B13364353BA7FDE2D157ED950A5774D4D9A7","DF3539FC3FA066B5A65656AE0631B13364353BA7FDE2D157ED950A5774D4D9A7","True"
"projects/11-system-reference/course/FreeRTOS_GD32_BalanceBall/App/App_Balance.c","4D2ED7C2596813771D1E2DC6BDB6590B9089FA3C63B0F5269AD6DEB86A045474","4D2ED7C2596813771D1E2DC6BDB6590B9089FA3C63B0F5269AD6DEB86A045474","True"
"projects/11-system-reference/course/FreeRTOS_GD32_BalanceBall/App/App_Input.c","8D0593B8D8994610CF034F03E176EA3ECAB6704B33C419B254EA198FE1D0E923","8D0593B8D8994610CF034F03E176EA3ECAB6704B33C419B254EA198FE1D0E923","True"
"projects/11-system-reference/course/FreeRTOS_GD32_BalanceBall/App/App_OLED.c","E2CDA02AA52AB9E893FD3E1F2E1E174FB5F0CD3E0C939564D9A99A6B189F9CE8","E2CDA02AA52AB9E893FD3E1F2E1E174FB5F0CD3E0C939564D9A99A6B189F9CE8","True"
"projects/11-system-reference/course/FreeRTOS_GD32_BalanceBall/App/App_Protocol.c","065E927CB4CB376F1624D4E4FBBD5342D62B73DEFFF20D86DD4D09CC720D43FA","065E927CB4CB376F1624D4E4FBBD5342D62B73DEFFF20D86DD4D09CC720D43FA","True"
"projects/11-system-reference/course/FreeRTOS_GD32_BalanceBall/App/App.h","E9D8470A5C27FD868CD46B416658E3EDF413A081BD3D0C0C87DD10C604511D83","E9D8470A5C27FD868CD46B416658E3EDF413A081BD3D0C0C87DD10C604511D83","True"
"projects/11-system-reference/course/FreeRTOS_GD32_BalanceBall/Doc/readme.txt","71BE509ACE07780A1D58551482623855955A842DCFFFD3BB240AA6C13B7A26E6","71BE509ACE07780A1D58551482623855955A842DCFFFD3BB240AA6C13B7A26E6","True"
"projects/11-system-reference/course/FreeRTOS_GD32_BalanceBall/Driver/circular_queue.c","9DCF981E089C5050FE1F96723C7E5B7BFAC496683EEEC61A26586BF1E473A519","9DCF981E089C5050FE1F96723C7E5B7BFAC496683EEEC61A26586BF1E473A519","True"
"projects/11-system-reference/course/FreeRTOS_GD32_BalanceBall/Driver/circular_queue.h","6FEAB3A8776C6AAB4B26E81EEF4ADE7AABD4F54BD62620B367F9EBB835F16371","6FEAB3A8776C6AAB4B26E81EEF4ADE7AABD4F54BD62620B367F9EBB835F16371","True"
"projects/11-system-reference/course/FreeRTOS_GD32_BalanceBall/Driver/Protocol.c","CE01ECE5BE63488DED5D2214A46B3A4AE7534BCBD1FC02BA079FA56937923F55","CE01ECE5BE63488DED5D2214A46B3A4AE7534BCBD1FC02BA079FA56937923F55","True"
"projects/11-system-reference/course/FreeRTOS_GD32_BalanceBall/Driver/Protocol.h","F0BF0561920CBC5D3A83FC2B6196E79CDA1D9C34F38FF75DA86AE802B71B2E46","F0BF0561920CBC5D3A83FC2B6196E79CDA1D9C34F38FF75DA86AE802B71B2E46","True"
"projects/11-system-reference/course/FreeRTOS_GD32_BalanceBall/Hardware/bsp_battery_leds.c","3355EE67DF90741C1311332C6CFB0053385A7FFD03C3DE8EA06FCBD57563A61D","3355EE67DF90741C1311332C6CFB0053385A7FFD03C3DE8EA06FCBD57563A61D","True"
"projects/11-system-reference/course/FreeRTOS_GD32_BalanceBall/Hardware/bsp_battery_leds.h","F7585067C016C3B5077E05028C10AF52A247A608DE67C34047073418C430D4BF","F7585067C016C3B5077E05028C10AF52A247A608DE67C34047073418C430D4BF","True"
"projects/11-system-reference/course/FreeRTOS_GD32_BalanceBall/Hardware/bsp_buzzer.c","2585FD1908EDF73C203DBBCF159B75F73D605CDF35EE33BBEAA33DD42D6A341F","2585FD1908EDF73C203DBBCF159B75F73D605CDF35EE33BBEAA33DD42D6A341F","True"
"projects/11-system-reference/course/FreeRTOS_GD32_BalanceBall/Hardware/bsp_buzzer.h","6F5FDCA736B26835CDA0C10DD1F5A020894E48716151D63E5AB8B6911B9C8831","6F5FDCA736B26835CDA0C10DD1F5A020894E48716151D63E5AB8B6911B9C8831","True"
"projects/11-system-reference/course/FreeRTOS_GD32_BalanceBall/Hardware/bsp_keys.c","BCAB528E25D062023C62135A906DA8239BA092C52F011D7C1BF5C45FD26FE977","BCAB528E25D062023C62135A906DA8239BA092C52F011D7C1BF5C45FD26FE977","True"
"projects/11-system-reference/course/FreeRTOS_GD32_BalanceBall/Hardware/bsp_keys.h","6686FE9209500C9961EEF79ABF11336990F67778B8C2A196EAC9A10A2A6C4702","6686FE9209500C9961EEF79ABF11336990F67778B8C2A196EAC9A10A2A6C4702","True"
"projects/11-system-reference/course/FreeRTOS_GD32_BalanceBall/Hardware/bsp_servo_motor.c","A9FE1181CECF551BC77C6B0B6CCC0399DD9700B3536616E10494C03F9BC570FE","A9FE1181CECF551BC77C6B0B6CCC0399DD9700B3536616E10494C03F9BC570FE","True"
"projects/11-system-reference/course/FreeRTOS_GD32_BalanceBall/Hardware/bsp_servo_motor.h","D1E1B2C177185D625515064A0F3DAD9298C43D7ECCFEBE240AB10A3E4FB6B2D9","D1E1B2C177185D625515064A0F3DAD9298C43D7ECCFEBE240AB10A3E4FB6B2D9","True"
"projects/11-system-reference/course/FreeRTOS_GD32_BalanceBall/Hardware/OLED_I2C/bmp.h","E8A27F57936A8D6976253A4B63482A254ADFB5E2626B145F91513C25F10AB986","E8A27F57936A8D6976253A4B63482A254ADFB5E2626B145F91513C25F10AB986","True"
"projects/11-system-reference/course/FreeRTOS_GD32_BalanceBall/Hardware/OLED_I2C/oled.c","5333EB5AF53F582BABAF3862AA98DE83F67BC97A7FDC58B58905B6BBAC13D1CC","5333EB5AF53F582BABAF3862AA98DE83F67BC97A7FDC58B58905B6BBAC13D1CC","True"
"projects/11-system-reference/course/FreeRTOS_GD32_BalanceBall/Hardware/OLED_I2C/oled.h","3ED1BC16C4B8827D56FF2EEC85EBAAAC48E0171496644BF5C44F9D66985F19B3","3ED1BC16C4B8827D56FF2EEC85EBAAAC48E0171496644BF5C44F9D66985F19B3","True"
"projects/11-system-reference/course/FreeRTOS_GD32_BalanceBall/Hardware/OLED_I2C/oledfont.h","5CAEFB730D7832FE3E84D33D47DD23335DEF7E061562CA442C98D4FEEFDBBAF5","5CAEFB730D7832FE3E84D33D47DD23335DEF7E061562CA442C98D4FEEFDBBAF5","True"
"projects/11-system-reference/course/FreeRTOS_GD32_BalanceBall/Hardware/PCF8563.c","175399BA450F8E636BB2FA95E138E6B9A3BDDC84FF2F9D12CCA17C0827488E9D","175399BA450F8E636BB2FA95E138E6B9A3BDDC84FF2F9D12CCA17C0827488E9D","True"
"projects/11-system-reference/course/FreeRTOS_GD32_BalanceBall/Hardware/PCF8563.h","18CEDB9FFA72107F8618F14884E3466570CBF6E72B04AD720E18AB8DA0583A3A","18CEDB9FFA72107F8618F14884E3466570CBF6E72B04AD720E18AB8DA0583A3A","True"
"projects/11-system-reference/course/FreeRTOS_GD32_BalanceBall/Hardware/VL53L0X/bsp_VL53L0X.c","B11E38F99D1A95244F41DAD969E8FCA61DF7BFF40492CD85B198305640723E97","B11E38F99D1A95244F41DAD969E8FCA61DF7BFF40492CD85B198305640723E97","True"
"projects/11-system-reference/course/FreeRTOS_GD32_BalanceBall/Hardware/VL53L0X/bsp_VL53L0X.h","B0CA9822916984F62CE4E382C4CCA9959393FA770B8D00C9A0CE77C7CF5AE6B0","B0CA9822916984F62CE4E382C4CCA9959393FA770B8D00C9A0CE77C7CF5AE6B0","True"
"projects/11-system-reference/course/FreeRTOS_GD32_BalanceBall/Hardware/VL53L0X/core/inc/vl53l0x_api_calibration.h","DBB3B6EA62E60D2D376D21B9FF0096841D0BB8BC2048ECE5DC945A228D9A4775","DBB3B6EA62E60D2D376D21B9FF0096841D0BB8BC2048ECE5DC945A228D9A4775","True"
"projects/11-system-reference/course/FreeRTOS_GD32_BalanceBall/Hardware/VL53L0X/core/inc/vl53l0x_api_core.h","3C1CD10A7853FB2A58B92AA727AF9AE9526E374D0BD08029CDBEE0DD39D055F6","3C1CD10A7853FB2A58B92AA727AF9AE9526E374D0BD08029CDBEE0DD39D055F6","True"
"projects/11-system-reference/course/FreeRTOS_GD32_BalanceBall/Hardware/VL53L0X/core/inc/vl53l0x_api_ranging.h","15684917B558F57438258A8292EE83E1079C8BC70BFAED76F1B540D279F989D6","15684917B558F57438258A8292EE83E1079C8BC70BFAED76F1B540D279F989D6","True"
"projects/11-system-reference/course/FreeRTOS_GD32_BalanceBall/Hardware/VL53L0X/core/inc/vl53l0x_api_strings.h","0CA36093F13A8C5FC0D8CA4DB1FDD6D8D99343BC6859EF5BB751907D55921638","0CA36093F13A8C5FC0D8CA4DB1FDD6D8D99343BC6859EF5BB751907D55921638","True"
"projects/11-system-reference/course/FreeRTOS_GD32_BalanceBall/Hardware/VL53L0X/core/inc/vl53l0x_api.h","385F02A2FDA42950D472B7A079BC8442892829F48026EDC1E6FF7CB0400BFC40","385F02A2FDA42950D472B7A079BC8442892829F48026EDC1E6FF7CB0400BFC40","True"
"projects/11-system-reference/course/FreeRTOS_GD32_BalanceBall/Hardware/VL53L0X/core/inc/vl53l0x_def.h","3882AA470F9D672CC6A93DDD57B90D9D209E99A472DA76ECFA9DAF4C1260ABB7","3882AA470F9D672CC6A93DDD57B90D9D209E99A472DA76ECFA9DAF4C1260ABB7","True"
"projects/11-system-reference/course/FreeRTOS_GD32_BalanceBall/Hardware/VL53L0X/core/inc/vl53l0x_device.h","817D435DE0F5D8E6ABB9FA0DE3D1EBFDAE8FA43063BCFC962580B8977AEBFAD3","817D435DE0F5D8E6ABB9FA0DE3D1EBFDAE8FA43063BCFC962580B8977AEBFAD3","True"
"projects/11-system-reference/course/FreeRTOS_GD32_BalanceBall/Hardware/VL53L0X/core/inc/vl53l0x_interrupt_threshold_settings.h","A10B16FAED4C448A73DD4E3B8F2BFF7B0AB38BF3DF63559E096C4A713DE735DA","A10B16FAED4C448A73DD4E3B8F2BFF7B0AB38BF3DF63559E096C4A713DE735DA","True"
"projects/11-system-reference/course/FreeRTOS_GD32_BalanceBall/Hardware/VL53L0X/core/inc/vl53l0x_tuning.h","379B62DA3CFC30883847CD9AAC0101A54419259754CE49F3F5CCF54D28CED8BC","379B62DA3CFC30883847CD9AAC0101A54419259754CE49F3F5CCF54D28CED8BC","True"
"projects/11-system-reference/course/FreeRTOS_GD32_BalanceBall/Hardware/VL53L0X/core/src/vl53l0x_api_calibration.c","06C83F11659FF1AEF71A0DDEBD3C5EC8DCFC0DF603ADD95EF54F943809E2EC97","06C83F11659FF1AEF71A0DDEBD3C5EC8DCFC0DF603ADD95EF54F943809E2EC97","True"
"projects/11-system-reference/course/FreeRTOS_GD32_BalanceBall/Hardware/VL53L0X/core/src/vl53l0x_api_core.c","1ED0BC3B58FCBDB49B7A5747474CA3B40F7D774190C9923553E4801D08B58528","1ED0BC3B58FCBDB49B7A5747474CA3B40F7D774190C9923553E4801D08B58528","True"
"projects/11-system-reference/course/FreeRTOS_GD32_BalanceBall/Hardware/VL53L0X/core/src/vl53l0x_api_ranging.c","E11909F93FFB01DC74887ECC08A604EA301D7552F1E555009916385141A77460","E11909F93FFB01DC74887ECC08A604EA301D7552F1E555009916385141A77460","True"
"projects/11-system-reference/course/FreeRTOS_GD32_BalanceBall/Hardware/VL53L0X/core/src/vl53l0x_api_strings.c","F69127E21A73B3EA5149FC3F8DECC90D33A7745561C9C92C4DD3F2ABFE0FAFD2","F69127E21A73B3EA5149FC3F8DECC90D33A7745561C9C92C4DD3F2ABFE0FAFD2","True"
"projects/11-system-reference/course/FreeRTOS_GD32_BalanceBall/Hardware/VL53L0X/core/src/vl53l0x_api.c","6975BA5EF37212450E2A3562F7071F237E386285DF5059A96F43FB2D5E817EA2","6975BA5EF37212450E2A3562F7071F237E386285DF5059A96F43FB2D5E817EA2","True"
"projects/11-system-reference/course/FreeRTOS_GD32_BalanceBall/Hardware/VL53L0X/platform/inc/vl53l0x_i2c.h","7B26500284B010DEDC1FC4C67E146967835F0A079B9E1C8DCFE62434DD938E9B","7B26500284B010DEDC1FC4C67E146967835F0A079B9E1C8DCFE62434DD938E9B","True"
"projects/11-system-reference/course/FreeRTOS_GD32_BalanceBall/Hardware/VL53L0X/platform/inc/vl53l0x_platform_log.h","EBA953264F71F62466050DF0BA98B7374953F978CAD48CC6F135101508CD58E6","EBA953264F71F62466050DF0BA98B7374953F978CAD48CC6F135101508CD58E6","True"
"projects/11-system-reference/course/FreeRTOS_GD32_BalanceBall/Hardware/VL53L0X/platform/inc/vl53l0x_platform.h","29002589B0EA0B5CE0D70680D16FA95EB7BE6249056E5079E85B307DDCA204EE","29002589B0EA0B5CE0D70680D16FA95EB7BE6249056E5079E85B307DDCA204EE","True"
"projects/11-system-reference/course/FreeRTOS_GD32_BalanceBall/Hardware/VL53L0X/platform/inc/vl53l0x_types.h","BF40C16D0BC61616AD25951E0D20CE875131D4A4F3E1071BB14D88A52D34DFDA","BF40C16D0BC61616AD25951E0D20CE875131D4A4F3E1071BB14D88A52D34DFDA","True"
"projects/11-system-reference/course/FreeRTOS_GD32_BalanceBall/Hardware/VL53L0X/platform/src/vl53l0x_i2c.c","25DC2F2736B4475A8E04F3E31E69425347B85357DB0F637FF095B79ED1742619","25DC2F2736B4475A8E04F3E31E69425347B85357DB0F637FF095B79ED1742619","True"
"projects/11-system-reference/course/FreeRTOS_GD32_BalanceBall/Hardware/VL53L0X/platform/src/vl53l0x_platform.c","AD87799D74940B0B7407A9A076632E38E266CC64331A2EB78BF80F8B1D6490F4","AD87799D74940B0B7407A9A076632E38E266CC64331A2EB78BF80F8B1D6490F4","True"
"projects/11-system-reference/course/FreeRTOS_GD32_BalanceBall/Hardware/VL53L0X/vl53l0x_cali.c","E3252484908C39E5172ECAAD876A7D7A4E67AEA2732B341BDB9977FB5C2DCF43","E3252484908C39E5172ECAAD876A7D7A4E67AEA2732B341BDB9977FB5C2DCF43","True"
"projects/11-system-reference/course/FreeRTOS_GD32_BalanceBall/Hardware/VL53L0X/vl53l0x_cali.h","7DB1A93C57E022DA6B95D6A18C526D24715DC3D72C5AE1AA0005782F69150D3A","7DB1A93C57E022DA6B95D6A18C526D24715DC3D72C5AE1AA0005782F69150D3A","True"
"projects/11-system-reference/course/FreeRTOS_GD32_BalanceBall/Hardware/VL53L0X/vl53l0x_gen.c","B0008A5EE3E40BD079443BD3A1C230ACC3E2917EB30433DC09917E2524CA8431","B0008A5EE3E40BD079443BD3A1C230ACC3E2917EB30433DC09917E2524CA8431","True"
"projects/11-system-reference/course/FreeRTOS_GD32_BalanceBall/Hardware/VL53L0X/vl53l0x_gen.h","F7C071A308DE0510AE44F36D2E18627E61710B758127B93BD4EA22E81DD25D73","F7C071A308DE0510AE44F36D2E18627E61710B758127B93BD4EA22E81DD25D73","True"
"projects/11-system-reference/course/FreeRTOS_GD32_BalanceBall/Hardware/VL53L0X/vl53l0x_it.c","F6EEA4F527D6E3135137F3DB14B9668CDC7B6E29C0CC1810D906C03A9F6DFCA6","F6EEA4F527D6E3135137F3DB14B9668CDC7B6E29C0CC1810D906C03A9F6DFCA6","True"
"projects/11-system-reference/course/FreeRTOS_GD32_BalanceBall/Hardware/VL53L0X/vl53l0x_it.h","6D579850290D98868638B99D62D49E654D890CA04E410E15D75D65F85DAFB5EE","6D579850290D98868638B99D62D49E654D890CA04E410E15D75D65F85DAFB5EE","True"
"projects/11-system-reference/course/FreeRTOS_GD32_BalanceBall/Library/EXTI_config.h","0E1D8994D361A55D9837F7251D9FBE43D6C26F110B82382FF86941480F30A85B","0E1D8994D361A55D9837F7251D9FBE43D6C26F110B82382FF86941480F30A85B","True"
"projects/11-system-reference/course/FreeRTOS_GD32_BalanceBall/Library/EXTI.c","F31AD6B5038D43F75066A667D0C1905CED684533C26C8DBD32D8BFF6F822E28C","F31AD6B5038D43F75066A667D0C1905CED684533C26C8DBD32D8BFF6F822E28C","True"
"projects/11-system-reference/course/FreeRTOS_GD32_BalanceBall/Library/EXTI.h","836BC18A5497F7024B8A58223E66391071EBEF1051BC8DDDC9CF9A4537D430FB","836BC18A5497F7024B8A58223E66391071EBEF1051BC8DDDC9CF9A4537D430FB","True"
"projects/11-system-reference/course/FreeRTOS_GD32_BalanceBall/Library/I2C/I2C_config.h","3A54861342078AB1E0109ECA5F3107803BCF9E0CCCEC32AA64F355DD1A5A5759","3A54861342078AB1E0109ECA5F3107803BCF9E0CCCEC32AA64F355DD1A5A5759","True"
"projects/11-system-reference/course/FreeRTOS_GD32_BalanceBall/Library/I2C/I2C.c","E17605ACEA90BA6709874FBA8EFBACB31F105F013B10779679C71DA5D3C988C2","E17605ACEA90BA6709874FBA8EFBACB31F105F013B10779679C71DA5D3C988C2","True"
"projects/11-system-reference/course/FreeRTOS_GD32_BalanceBall/Library/I2C/I2C.h","B3C4AB98D7A9C01FE9FCEFD7C8D7FDF3D97964B8EFAA14CB057EBB2466ED5008","B3C4AB98D7A9C01FE9FCEFD7C8D7FDF3D97964B8EFAA14CB057EBB2466ED5008","True"
"projects/11-system-reference/course/FreeRTOS_GD32_BalanceBall/Library/I2C/I2C0.c","09D1EB340EFF2166230FC1727269AD8BDFDD9D69801EE72516FAFD5A4AC09F4B","09D1EB340EFF2166230FC1727269AD8BDFDD9D69801EE72516FAFD5A4AC09F4B","True"
"projects/11-system-reference/course/FreeRTOS_GD32_BalanceBall/Library/I2C/I2C0.h","5381921337295AAA5F855220FF496D62BACA4002CD4BDC8A8CD389901B73B567","5381921337295AAA5F855220FF496D62BACA4002CD4BDC8A8CD389901B73B567","True"
"projects/11-system-reference/course/FreeRTOS_GD32_BalanceBall/Library/SPI/SPI_config.h","6B4F4ED9A65F23ECC97F5B76E34DE2340443CD32839F39C58DEA84118106D8C4","6B4F4ED9A65F23ECC97F5B76E34DE2340443CD32839F39C58DEA84118106D8C4","True"
"projects/11-system-reference/course/FreeRTOS_GD32_BalanceBall/Library/SPI/SPI.c","D38D366D8C40053915116A8BC6FC4C4667341DFC87EFDBA5A68CC852A0D9B504","D38D366D8C40053915116A8BC6FC4C4667341DFC87EFDBA5A68CC852A0D9B504","True"
"projects/11-system-reference/course/FreeRTOS_GD32_BalanceBall/Library/SPI/SPI.h","228827808CD9E5FA9D40C5158C82258ADB18CB347FBC9CC6CE45D4E7C15F5198","228827808CD9E5FA9D40C5158C82258ADB18CB347FBC9CC6CE45D4E7C15F5198","True"
"projects/11-system-reference/course/FreeRTOS_GD32_BalanceBall/Library/SPI/SPI0.c","6DF75C41548208431DF0EB0A3841C7C908CA0A62F863F941239D99AF51C4D239","6DF75C41548208431DF0EB0A3841C7C908CA0A62F863F941239D99AF51C4D239","True"
"projects/11-system-reference/course/FreeRTOS_GD32_BalanceBall/Library/SPI/SPI0.h","BC197867CA0C0BDE6EB8E4407284A351E46390734E0075E840A1D9FE7DABAE87","BC197867CA0C0BDE6EB8E4407284A351E46390734E0075E840A1D9FE7DABAE87","True"
"projects/11-system-reference/course/FreeRTOS_GD32_BalanceBall/Library/TIMER_config.h","9DCD53EE19BA4958D593C4236114212CB7841FBC4EF7E0B0507A7156D46EA771","9DCD53EE19BA4958D593C4236114212CB7841FBC4EF7E0B0507A7156D46EA771","True"
"projects/11-system-reference/course/FreeRTOS_GD32_BalanceBall/Library/TIMER.c","ED30B9B9733658F54CFAAC983CE70D2D2442447A6EAB20B40BB0C8116F3FD088","ED30B9B9733658F54CFAAC983CE70D2D2442447A6EAB20B40BB0C8116F3FD088","True"
"projects/11-system-reference/course/FreeRTOS_GD32_BalanceBall/Library/TIMER.h","4EC4787176E0DEBBD5715CB8CC2AB297C420796872B249145746250C2B582FBA","4EC4787176E0DEBBD5715CB8CC2AB297C420796872B249145746250C2B582FBA","True"
"projects/11-system-reference/course/FreeRTOS_GD32_BalanceBall/Library/USART/USART_config.h","06390752A1D0D7A5C2BB5AC48BF2B751EC6A6B15F2678D5F81106FB90803A758","06390752A1D0D7A5C2BB5AC48BF2B751EC6A6B15F2678D5F81106FB90803A758","True"
"projects/11-system-reference/course/FreeRTOS_GD32_BalanceBall/Library/USART/USART.c","2F9BB98E49EB21AA5A9813C1340E2BA5187AB29C7034D9D898827CA3A592A988","2F9BB98E49EB21AA5A9813C1340E2BA5187AB29C7034D9D898827CA3A592A988","True"
"projects/11-system-reference/course/FreeRTOS_GD32_BalanceBall/Library/USART/USART.h","C365A4143B5BCA67299C41DB548DB6E4C7695D704B542C998E35F58BC9322D1A","C365A4143B5BCA67299C41DB548DB6E4C7695D704B542C998E35F58BC9322D1A","True"
"projects/11-system-reference/course/FreeRTOS_GD32_BalanceBall/Library/USART/USART0.c","F00302B1633354AD7231AFFE4D2A0704B4CF351FEBBFE0C15094F927B64DBAB5","F00302B1633354AD7231AFFE4D2A0704B4CF351FEBBFE0C15094F927B64DBAB5","True"
"projects/11-system-reference/course/FreeRTOS_GD32_BalanceBall/Library/USART/USART0.h","58D96F267DBBC3582C0622526177C7D0ECCEF031019EF990796AFCCB44A908DB","58D96F267DBBC3582C0622526177C7D0ECCEF031019EF990796AFCCB44A908DB","True"
"projects/11-system-reference/course/FreeRTOS_GD32_BalanceBall/Library/USART/USART1.c","9A6DE68381DA651969320719756E612B82DA20C772AA3B7C9E6DF4871247EE57","9A6DE68381DA651969320719756E612B82DA20C772AA3B7C9E6DF4871247EE57","True"
"projects/11-system-reference/course/FreeRTOS_GD32_BalanceBall/Library/USART/USART1.h","613EC47204418FBBEB443A5C1567065BC07A487C386AEC4F6756F84F46807866","613EC47204418FBBEB443A5C1567065BC07A487C386AEC4F6756F84F46807866","True"
"projects/11-system-reference/course/FreeRTOS_GD32_BalanceBall/Project/GD32F407.uvprojx","1EB0BE80ABADE1BA8B3967CB56BC11A3F00F3D01117354C82021023FFC8843BC","1EB0BE80ABADE1BA8B3967CB56BC11A3F00F3D01117354C82021023FFC8843BC","True"
"projects/11-system-reference/course/FreeRTOS_GD32_BalanceBall/Project/RTE/_Target_1/RTE_Components.h","3FDBA223C2D25539AAEF988F331C029927082023C5B04B3F35E532DD067944A4","3FDBA223C2D25539AAEF988F331C029927082023C5B04B3F35E532DD067944A4","True"
"projects/11-system-reference/course/FreeRTOS_GD32_BalanceBall/Project/RTE/Device/GD32F407VE/gd32f4xx_dma.c","2D943A169ABABCC22CBC6C41665F5CE375C30B63005954E1D34BB3218CB63FAF","2D943A169ABABCC22CBC6C41665F5CE375C30B63005954E1D34BB3218CB63FAF","True"
"projects/11-system-reference/course/FreeRTOS_GD32_BalanceBall/Project/RTE/Device/GD32F407VE/gd32f4xx_exti.c","FCE4A7ECA93486D71A9E5758642F2282AE7F8805DBB559312837A0B17577FE58","FCE4A7ECA93486D71A9E5758642F2282AE7F8805DBB559312837A0B17577FE58","True"
"projects/11-system-reference/course/FreeRTOS_GD32_BalanceBall/Project/RTE/Device/GD32F407VE/gd32f4xx_gpio.c","262BEFE864D5DA3BADA64D0B3DAB29E5C2747E46B154EDE8BCAB0B788DB614E0","262BEFE864D5DA3BADA64D0B3DAB29E5C2747E46B154EDE8BCAB0B788DB614E0","True"
"projects/11-system-reference/course/FreeRTOS_GD32_BalanceBall/Project/RTE/Device/GD32F407VE/gd32f4xx_i2c.c","8EDFAF1A8F0BF2833923D0072FE1B9D0467382B3EC1D243E918D0DE9711CCCD2","8EDFAF1A8F0BF2833923D0072FE1B9D0467382B3EC1D243E918D0DE9711CCCD2","True"
"projects/11-system-reference/course/FreeRTOS_GD32_BalanceBall/Project/RTE/Device/GD32F407VE/gd32f4xx_misc.c","1CD262F295155428C25DEDC69BFBAB99F7A99DE09E0B602ECA1F2C6017CFE2DA","1CD262F295155428C25DEDC69BFBAB99F7A99DE09E0B602ECA1F2C6017CFE2DA","True"
"projects/11-system-reference/course/FreeRTOS_GD32_BalanceBall/Project/RTE/Device/GD32F407VE/gd32f4xx_pmu.c","DAFA94838A55132E3313234C5AC2BE6172116DC26574347363D554EFFB186D79","DAFA94838A55132E3313234C5AC2BE6172116DC26574347363D554EFFB186D79","True"
"projects/11-system-reference/course/FreeRTOS_GD32_BalanceBall/Project/RTE/Device/GD32F407VE/gd32f4xx_rcu.c","6C1030EB58EC7CB9C41E2A1FF31DDEF87F70DD083222327978234004C4E95B98","6C1030EB58EC7CB9C41E2A1FF31DDEF87F70DD083222327978234004C4E95B98","True"
"projects/11-system-reference/course/FreeRTOS_GD32_BalanceBall/Project/RTE/Device/GD32F407VE/gd32f4xx_syscfg.c","51A7A5E70F3064424CC6E2F6A06942B47ADAAC8C36A6612EE08B1643557B3CA3","51A7A5E70F3064424CC6E2F6A06942B47ADAAC8C36A6612EE08B1643557B3CA3","True"
"projects/11-system-reference/course/FreeRTOS_GD32_BalanceBall/Project/RTE/Device/GD32F407VE/gd32f4xx_timer.c","3961465CF6BA39554E34C02183C50676A4AB9B3991A6AAD32D271754B2506B14","3961465CF6BA39554E34C02183C50676A4AB9B3991A6AAD32D271754B2506B14","True"
"projects/11-system-reference/course/FreeRTOS_GD32_BalanceBall/Project/RTE/Device/GD32F407VE/gd32f4xx_usart.c","F67FA54D9C9537317BE92D95FD880A394D9ABE98DF708E5AA821FBFA392AE9B0","F67FA54D9C9537317BE92D95FD880A394D9ABE98DF708E5AA821FBFA392AE9B0","True"
"projects/11-system-reference/course/FreeRTOS_GD32_BalanceBall/Project/RTE/Device/GD32F407VE/startup_gd32f407_427.s","65127CC1FFC7BB0C6E3AB3E1EF32C8F935D09EF4A83AC4914E089D40C39B8B5B","65127CC1FFC7BB0C6E3AB3E1EF32C8F935D09EF4A83AC4914E089D40C39B8B5B","True"
"projects/11-system-reference/course/FreeRTOS_GD32_BalanceBall/Project/RTE/Device/GD32F407VE/system_gd32f4xx.c","8F66A123756716CF74297A7B54EEC616F230CBBC37DFB60F21BF05D1BC070836","8F66A123756716CF74297A7B54EEC616F230CBBC37DFB60F21BF05D1BC070836","True"
"projects/11-system-reference/course/FreeRTOS_GD32_BalanceBall/Project/RTE/RTOS/FreeRTOSConfig.h","8FEC1B30923EF771AFBAF769D78332CCFE0DA74009DBA8A026B30376E4836D27","8FEC1B30923EF771AFBAF769D78332CCFE0DA74009DBA8A026B30376E4836D27","True"
"projects/11-system-reference/course/FreeRTOS_GD32_BalanceBall/Project/Target 1_alog.txt","7C44D29FA9C12839582C96203E7766453C94B6FA125C74E433B6AC6C912D6BBF","7C44D29FA9C12839582C96203E7766453C94B6FA125C74E433B6AC6C912D6BBF","True"
"projects/11-system-reference/course/FreeRTOS_GD32_BalanceBall/Project/Target 1_analysis.xlsx","FD162952A7F3E0DDD30723ABDECE48B56DD1EF235927D8D08BEB6A24D2C06462","FD162952A7F3E0DDD30723ABDECE48B56DD1EF235927D8D08BEB6A24D2C06462","True"
"projects/11-system-reference/course/FreeRTOS_GD32_BalanceBall/Project/Target 1_sort_by_flash.csv","725945F37C2091A26E91D215B607BEB7E0684C344E7F2B0E258117FE8F484655","725945F37C2091A26E91D215B607BEB7E0684C344E7F2B0E258117FE8F484655","True"
"projects/11-system-reference/course/FreeRTOS_GD32_BalanceBall/Project/Target 1_sort_by_ram.csv","2ADF81D76C3710DBFF1271B6D501B913E57DB5CAAFD251CAE4E4F1337DEAFE62","2ADF81D76C3710DBFF1271B6D501B913E57DB5CAAFD251CAE4E4F1337DEAFE62","True"
"projects/11-system-reference/course/FreeRTOS_GD32_BalanceBall/User/gd32f4xx_it.c","79BD2593F37EDCCE8CAE4AF01DBB88DAEDCE299B746084E5572D8B4A7D7B8F35","79BD2593F37EDCCE8CAE4AF01DBB88DAEDCE299B746084E5572D8B4A7D7B8F35","True"
"projects/11-system-reference/course/FreeRTOS_GD32_BalanceBall/User/gd32f4xx_it.h","E648F725D296DB6CB5EA144557EBFFDFA6130C53E9D8E38FE310CF892B26FB89","E648F725D296DB6CB5EA144557EBFFDFA6130C53E9D8E38FE310CF892B26FB89","True"
"projects/11-system-reference/course/FreeRTOS_GD32_BalanceBall/User/gd32f4xx_libopt.h","702C6D85987BCDDDD363A8412C5806255F6C746065DA984EB21896C5DDD6BF09","702C6D85987BCDDDD363A8412C5806255F6C746065DA984EB21896C5DDD6BF09","True"
"projects/11-system-reference/course/FreeRTOS_GD32_BalanceBall/User/main.c","CDB1434EB2898EF69DFD453A8355923D89DD4DAF63C06276D75E9B45ACE1C36C","CDB1434EB2898EF69DFD453A8355923D89DD4DAF63C06276D75E9B45ACE1C36C","True"
"projects/11-system-reference/course/FreeRTOS_GD32_BalanceBall/User/main.h","724B8AFFCDA9984A7B0F94AC7A7BB1005015AC3CA9E2CF59E5BFF08B58CEAFD1","724B8AFFCDA9984A7B0F94AC7A7BB1005015AC3CA9E2CF59E5BFF08B58CEAFD1","True"
"projects/11-system-reference/course/FreeRTOS_GD32_BalanceBall/User/readme.txt","A45BD1E14D470B46BE2D57C9D35147E41204556CC4BB4E25EA3C7B6B424A0B7C","A45BD1E14D470B46BE2D57C9D35147E41204556CC4BB4E25EA3C7B6B424A0B7C","True"
"projects/11-system-reference/course/FreeRTOS_GD32_BalanceBall/User/systick.c","6D15E36D46A93E87ABB6AF571497FFAD7012483975913AEA76775808A0CBE977","6D15E36D46A93E87ABB6AF571497FFAD7012483975913AEA76775808A0CBE977","True"
"projects/11-system-reference/course/FreeRTOS_GD32_BalanceBall/User/systick.h","8722C649EF06723501E93F5A071320E6A9E5DC57220B20F5B267A0096EA46E35","8722C649EF06723501E93F5A071320E6A9E5DC57220B20F5B267A0096EA46E35","True"
"projects/11-system-reference/course/FreeRTOS_GD32_BalanceBall/VSCode/.cmsis/include/cachel1_armv7.h","2E336A64F60A9C0EAF5A08E2C4845D94DA86C3FD84D219D0D0C9F530E63BC9C3","2E336A64F60A9C0EAF5A08E2C4845D94DA86C3FD84D219D0D0C9F530E63BC9C3","True"
"projects/11-system-reference/course/FreeRTOS_GD32_BalanceBall/VSCode/.cmsis/include/cmsis_armcc.h","5BC0D7ED8E36E9BCB868C4042FFF350C702ECA305DF4162FB00384789E35EE1C","5BC0D7ED8E36E9BCB868C4042FFF350C702ECA305DF4162FB00384789E35EE1C","True"
"projects/11-system-reference/course/FreeRTOS_GD32_BalanceBall/VSCode/.cmsis/include/cmsis_armclang_ltm.h","3E8FFB284F4F155DE3EA93841CCA853B41D5E812B53E52C64C3D4A67B7F1EC7C","3E8FFB284F4F155DE3EA93841CCA853B41D5E812B53E52C64C3D4A67B7F1EC7C","True"
"projects/11-system-reference/course/FreeRTOS_GD32_BalanceBall/VSCode/.cmsis/include/cmsis_armclang.h","D5DA2B48204F0D0CF1FF38FFCCB527E5706CD0A091FF0A331EB41D6596C33FE5","D5DA2B48204F0D0CF1FF38FFCCB527E5706CD0A091FF0A331EB41D6596C33FE5","True"
"projects/11-system-reference/course/FreeRTOS_GD32_BalanceBall/VSCode/.cmsis/include/cmsis_compiler.h","B51963D271C1571CA3463654C76AA7EA50C4EAC5D0A2710DF10414AC64D9E0F8","B51963D271C1571CA3463654C76AA7EA50C4EAC5D0A2710DF10414AC64D9E0F8","True"
"projects/11-system-reference/course/FreeRTOS_GD32_BalanceBall/VSCode/.cmsis/include/cmsis_gcc.h","43BFD1FE69FBBC2CA70AAF7D43CC3E20F16E0C7F66E1BDEF9B51AF6DC14B2617","43BFD1FE69FBBC2CA70AAF7D43CC3E20F16E0C7F66E1BDEF9B51AF6DC14B2617","True"
"projects/11-system-reference/course/FreeRTOS_GD32_BalanceBall/VSCode/.cmsis/include/cmsis_iccarm.h","2D255C8429E507E52CB603F2970BED4CC4A6CDCC3EB7FC7997385ABAD7364837","2D255C8429E507E52CB603F2970BED4CC4A6CDCC3EB7FC7997385ABAD7364837","True"
"projects/11-system-reference/course/FreeRTOS_GD32_BalanceBall/VSCode/.cmsis/include/cmsis_version.h","184C19FD3EE73632EDF35A0B4D49CD48BE75FBF49E6CCB19D9DB05FA83BEA4B3","184C19FD3EE73632EDF35A0B4D49CD48BE75FBF49E6CCB19D9DB05FA83BEA4B3","True"
"projects/11-system-reference/course/FreeRTOS_GD32_BalanceBall/VSCode/.cmsis/include/core_armv81mml.h","A40954BCCBF202BD65EE721EA688122561E005C9F9F9D18E082280C5B897D0E4","A40954BCCBF202BD65EE721EA688122561E005C9F9F9D18E082280C5B897D0E4","True"
"projects/11-system-reference/course/FreeRTOS_GD32_BalanceBall/VSCode/.cmsis/include/core_armv8mbl.h","458B1E6788079DED52ADC7D06383701C865CA97B67C5E7A0A44884194F91A842","458B1E6788079DED52ADC7D06383701C865CA97B67C5E7A0A44884194F91A842","True"
"projects/11-system-reference/course/FreeRTOS_GD32_BalanceBall/VSCode/.cmsis/include/core_armv8mml.h","5A68204FA31CDA7D04D41C9CEAF3F4B1217908F59366F757EE778181C7CC8CB9","5A68204FA31CDA7D04D41C9CEAF3F4B1217908F59366F757EE778181C7CC8CB9","True"
"projects/11-system-reference/course/FreeRTOS_GD32_BalanceBall/VSCode/.cmsis/include/core_cm0.h","AC13CB645F108666A0E57C93467872660D6BC860A839F840DC870B7A5863B4BF","AC13CB645F108666A0E57C93467872660D6BC860A839F840DC870B7A5863B4BF","True"
"projects/11-system-reference/course/FreeRTOS_GD32_BalanceBall/VSCode/.cmsis/include/core_cm0plus.h","A09FA9C6B8B21D1920BCE15B98AA56182B027E9278CCA0B154812BAC2AEA3CFA","A09FA9C6B8B21D1920BCE15B98AA56182B027E9278CCA0B154812BAC2AEA3CFA","True"
"projects/11-system-reference/course/FreeRTOS_GD32_BalanceBall/VSCode/.cmsis/include/core_cm1.h","944BF0C4F940EEF30A632CD99D5DCFE8270E8A8431EB98C0F081BCF4F61F728E","944BF0C4F940EEF30A632CD99D5DCFE8270E8A8431EB98C0F081BCF4F61F728E","True"
"projects/11-system-reference/course/FreeRTOS_GD32_BalanceBall/VSCode/.cmsis/include/core_cm23.h","77822E9738885394EC52FCA6F617452B823A0B55E2664EE225E65576CF0E8F2D","77822E9738885394EC52FCA6F617452B823A0B55E2664EE225E65576CF0E8F2D","True"
"projects/11-system-reference/course/FreeRTOS_GD32_BalanceBall/VSCode/.cmsis/include/core_cm3.h","C9937781259A8897ADF514445441C68570087D6A72A558D8A4AFE75CDB62DBD2","C9937781259A8897ADF514445441C68570087D6A72A558D8A4AFE75CDB62DBD2","True"
"projects/11-system-reference/course/FreeRTOS_GD32_BalanceBall/VSCode/.cmsis/include/core_cm33.h","225C47C36230EDAA314F1E7A45B38279F6AB4D58FAEB132226DB35F7007D58AA","225C47C36230EDAA314F1E7A45B38279F6AB4D58FAEB132226DB35F7007D58AA","True"
"projects/11-system-reference/course/FreeRTOS_GD32_BalanceBall/VSCode/.cmsis/include/core_cm35p.h","206B427589981B78169C1D9B73E898E4E8DE4EFBD76FD0C2DF7DF81D645B9FA2","206B427589981B78169C1D9B73E898E4E8DE4EFBD76FD0C2DF7DF81D645B9FA2","True"
"projects/11-system-reference/course/FreeRTOS_GD32_BalanceBall/VSCode/.cmsis/include/core_cm4.h","F5B63D52DD1557B15CA414CB59C264F595A7B5669DB2A5878DFFE22F4CAEDC8C","F5B63D52DD1557B15CA414CB59C264F595A7B5669DB2A5878DFFE22F4CAEDC8C","True"
"projects/11-system-reference/course/FreeRTOS_GD32_BalanceBall/VSCode/.cmsis/include/core_cm55.h","5707F716CF03F7E80151108AE94601FCFDF362DD2D830876040213318F6DEE3A","5707F716CF03F7E80151108AE94601FCFDF362DD2D830876040213318F6DEE3A","True"
"projects/11-system-reference/course/FreeRTOS_GD32_BalanceBall/VSCode/.cmsis/include/core_cm7.h","E974D0A91752487D0154457CD422C37667328E9DDB7BA4FA2FED479A63577F63","E974D0A91752487D0154457CD422C37667328E9DDB7BA4FA2FED479A63577F63","True"
"projects/11-system-reference/course/FreeRTOS_GD32_BalanceBall/VSCode/.cmsis/include/core_cm85.h","75BC123889F0F5CA33C4D16B6CBDD580A3572663C899FADB2C8E28F6A5E6FEAD","75BC123889F0F5CA33C4D16B6CBDD580A3572663C899FADB2C8E28F6A5E6FEAD","True"
"projects/11-system-reference/course/FreeRTOS_GD32_BalanceBall/VSCode/.cmsis/include/core_sc000.h","C81377A69A4EA8ECAEAD42194F2CE8AB59BD4EE7BD638E423F5B1F5EC283D154","C81377A69A4EA8ECAEAD42194F2CE8AB59BD4EE7BD638E423F5B1F5EC283D154","True"
"projects/11-system-reference/course/FreeRTOS_GD32_BalanceBall/VSCode/.cmsis/include/core_sc300.h","73DD461C12C7D3A693840DF3084FD8F85122095C6F21FA3D779B0F3ECEAEBAD5","73DD461C12C7D3A693840DF3084FD8F85122095C6F21FA3D779B0F3ECEAEBAD5","True"
"projects/11-system-reference/course/FreeRTOS_GD32_BalanceBall/VSCode/.cmsis/include/core_starmc1.h","92D8661F2947D00DA91653D04794CDE0593FDAAFB3438842A0477775716AAFC5","92D8661F2947D00DA91653D04794CDE0593FDAAFB3438842A0477775716AAFC5","True"
"projects/11-system-reference/course/FreeRTOS_GD32_BalanceBall/VSCode/.cmsis/include/mpu_armv7.h","29206B52EE02290ED6F5A5415EBD4187DE802CF176D9B3CB844390D8E5571372","29206B52EE02290ED6F5A5415EBD4187DE802CF176D9B3CB844390D8E5571372","True"
"projects/11-system-reference/course/FreeRTOS_GD32_BalanceBall/VSCode/.cmsis/include/mpu_armv8.h","2C7D22A344CEDCC1E35380D1F76F0E6C55DA5E3101E6A41FD85497D1841FE8C9","2C7D22A344CEDCC1E35380D1F76F0E6C55DA5E3101E6A41FD85497D1841FE8C9","True"
"projects/11-system-reference/course/FreeRTOS_GD32_BalanceBall/VSCode/.cmsis/include/pac_armv81.h","D76F5CC0C59A59E035115F700B8E8D95B7B98ECB99A2924E885F82A94903D984","D76F5CC0C59A59E035115F700B8E8D95B7B98ECB99A2924E885F82A94903D984","True"
"projects/11-system-reference/course/FreeRTOS_GD32_BalanceBall/VSCode/.cmsis/include/pmu_armv8.h","CEA8C105C5F41BA831FE4D9E8E39758068CD4C414383348DC2835D6BE447CCA0","CEA8C105C5F41BA831FE4D9E8E39758068CD4C414383348DC2835D6BE447CCA0","True"
"projects/11-system-reference/course/FreeRTOS_GD32_BalanceBall/VSCode/.cmsis/include/tz_context.h","45565C8CB04C653AABAF3CCEDDFC848B6A0DE28C20D4F7E3D475A992C7EEE788","45565C8CB04C653AABAF3CCEDDFC848B6A0DE28C20D4F7E3D475A992C7EEE788","True"
"projects/11-system-reference/course/FreeRTOS_GD32_BalanceBall/VSCode/.eide/eide.json","EA654452A12188ED9EF18E4FD4C5CB69F73D4801DC22F11AA4EF13516F0D7A12","EA654452A12188ED9EF18E4FD4C5CB69F73D4801DC22F11AA4EF13516F0D7A12","True"
"projects/11-system-reference/course/FreeRTOS_GD32_BalanceBall/VSCode/.eide/target 1.arm.options.v6.json","C6963008EE04DD774FE99635693BED6D5B7A35A9B8A2787AC8F032DB38C301D7","C6963008EE04DD774FE99635693BED6D5B7A35A9B8A2787AC8F032DB38C301D7","True"
"projects/11-system-reference/course/FreeRTOS_GD32_BalanceBall/VSCode/.eide/target 1.files.options.yml","C467586279999572DF668C0970F4FC5F481727779145E81CB8CB436715D97A66","C467586279999572DF668C0970F4FC5F481727779145E81CB8CB436715D97A66","True"
"projects/11-system-reference/course/FreeRTOS_GD32_BalanceBall/VSCode/.gitignore","F1C73E40344A687261A79727FF43165409F707C761F225536930402DAFB5C33F","F1C73E40344A687261A79727FF43165409F707C761F225536930402DAFB5C33F","True"
"projects/11-system-reference/course/FreeRTOS_GD32_BalanceBall/VSCode/.pack/GigaDevice/GD32F4xx_DFP.3.2.0/Device/F403/Firmware/Peripherals/inc/gd32f403_adc.h","DD5FB2C56E7E67AFEF3651C94C86E299A6693B4F88CF1F2EFB2AC9ED2AA2626A","DD5FB2C56E7E67AFEF3651C94C86E299A6693B4F88CF1F2EFB2AC9ED2AA2626A","True"
"projects/11-system-reference/course/FreeRTOS_GD32_BalanceBall/VSCode/.pack/GigaDevice/GD32F4xx_DFP.3.2.0/Device/F403/Firmware/Peripherals/inc/gd32f403_bkp.h","45E789D0A0A431C0A0FD0D140C8D2DF8402C2F4C1DBC79A7CAF00495E02FE755","45E789D0A0A431C0A0FD0D140C8D2DF8402C2F4C1DBC79A7CAF00495E02FE755","True"
"projects/11-system-reference/course/FreeRTOS_GD32_BalanceBall/VSCode/.pack/GigaDevice/GD32F4xx_DFP.3.2.0/Device/F403/Firmware/Peripherals/inc/gd32f403_can.h","C60F773F7CB7C603F37637A742649E46A92F0A5CC5A79AF358BA01524B05CD43","C60F773F7CB7C603F37637A742649E46A92F0A5CC5A79AF358BA01524B05CD43","True"
"projects/11-system-reference/course/FreeRTOS_GD32_BalanceBall/VSCode/.pack/GigaDevice/GD32F4xx_DFP.3.2.0/Device/F403/Firmware/Peripherals/inc/gd32f403_crc.h","3B19B6807D175A6AB44F50781CFFB8F167AACDAE66460006EA48840D0E7C4167","3B19B6807D175A6AB44F50781CFFB8F167AACDAE66460006EA48840D0E7C4167","True"
"projects/11-system-reference/course/FreeRTOS_GD32_BalanceBall/VSCode/.pack/GigaDevice/GD32F4xx_DFP.3.2.0/Device/F403/Firmware/Peripherals/inc/gd32f403_ctc.h","BFE1BFE3B08E48D05F957758DF0354A808C6A8A37A410E91CA1EA2D09E894BB9","BFE1BFE3B08E48D05F957758DF0354A808C6A8A37A410E91CA1EA2D09E894BB9","True"
"projects/11-system-reference/course/FreeRTOS_GD32_BalanceBall/VSCode/.pack/GigaDevice/GD32F4xx_DFP.3.2.0/Device/F403/Firmware/Peripherals/inc/gd32f403_dac.h","BFFB55547C5A9B42213D48F64148EF78F95A64572D6371B47C9FDC61142645E5","BFFB55547C5A9B42213D48F64148EF78F95A64572D6371B47C9FDC61142645E5","True"
"projects/11-system-reference/course/FreeRTOS_GD32_BalanceBall/VSCode/.pack/GigaDevice/GD32F4xx_DFP.3.2.0/Device/F403/Firmware/Peripherals/inc/gd32f403_dbg.h","872B3D3FBC9F47034581D8873610D67226EB53F72DA67120F4D676CD63A46805","872B3D3FBC9F47034581D8873610D67226EB53F72DA67120F4D676CD63A46805","True"
"projects/11-system-reference/course/FreeRTOS_GD32_BalanceBall/VSCode/.pack/GigaDevice/GD32F4xx_DFP.3.2.0/Device/F403/Firmware/Peripherals/inc/gd32f403_dma.h","C3379E134D7BE16E9FE1B381812EDCC79AAEC638A44BE7D3FA9B22D0B9566D06","C3379E134D7BE16E9FE1B381812EDCC79AAEC638A44BE7D3FA9B22D0B9566D06","True"
"projects/11-system-reference/course/FreeRTOS_GD32_BalanceBall/VSCode/.pack/GigaDevice/GD32F4xx_DFP.3.2.0/Device/F403/Firmware/Peripherals/inc/gd32f403_exmc.h","4B86609E4A5BE7586D05F363943FC0A3B778A0F6E6487622D38D13597A0672D0","4B86609E4A5BE7586D05F363943FC0A3B778A0F6E6487622D38D13597A0672D0","True"
"projects/11-system-reference/course/FreeRTOS_GD32_BalanceBall/VSCode/.pack/GigaDevice/GD32F4xx_DFP.3.2.0/Device/F403/Firmware/Peripherals/inc/gd32f403_exti.h","54D3253050D2C7DC010005827C47E55FB668015B9F6A0547F8BF8DCC2BFD6B03","54D3253050D2C7DC010005827C47E55FB668015B9F6A0547F8BF8DCC2BFD6B03","True"
"projects/11-system-reference/course/FreeRTOS_GD32_BalanceBall/VSCode/.pack/GigaDevice/GD32F4xx_DFP.3.2.0/Device/F403/Firmware/Peripherals/inc/gd32f403_fmc.h","DD895EB2CD51E896CC588F8CA99E033CB3918BA217D41BBA0D2AF8793B8453BE","DD895EB2CD51E896CC588F8CA99E033CB3918BA217D41BBA0D2AF8793B8453BE","True"
"projects/11-system-reference/course/FreeRTOS_GD32_BalanceBall/VSCode/.pack/GigaDevice/GD32F4xx_DFP.3.2.0/Device/F403/Firmware/Peripherals/inc/gd32f403_fwdgt.h","F7AB7B5BFB867E0807CB38C9C6A16CB92B1945EFF0FD142E62782B083A012148","F7AB7B5BFB867E0807CB38C9C6A16CB92B1945EFF0FD142E62782B083A012148","True"
"projects/11-system-reference/course/FreeRTOS_GD32_BalanceBall/VSCode/.pack/GigaDevice/GD32F4xx_DFP.3.2.0/Device/F403/Firmware/Peripherals/inc/gd32f403_gpio.h","60CDF913269AC54885EE75AD48E7480B06E0D43EFD596146B9EB0A40DB4DA44D","60CDF913269AC54885EE75AD48E7480B06E0D43EFD596146B9EB0A40DB4DA44D","True"
"projects/11-system-reference/course/FreeRTOS_GD32_BalanceBall/VSCode/.pack/GigaDevice/GD32F4xx_DFP.3.2.0/Device/F403/Firmware/Peripherals/inc/gd32f403_i2c.h","7123F290A14CA0A61AA98DD3AD5FA72AF11C481A6554EBB9DA056E181658CB62","7123F290A14CA0A61AA98DD3AD5FA72AF11C481A6554EBB9DA056E181658CB62","True"
"projects/11-system-reference/course/FreeRTOS_GD32_BalanceBall/VSCode/.pack/GigaDevice/GD32F4xx_DFP.3.2.0/Device/F403/Firmware/Peripherals/inc/gd32f403_misc.h","ADA248EFAB6FB112A595D30677383C47A8226BB699D29C3051B7B525913211FE","ADA248EFAB6FB112A595D30677383C47A8226BB699D29C3051B7B525913211FE","True"
"projects/11-system-reference/course/FreeRTOS_GD32_BalanceBall/VSCode/.pack/GigaDevice/GD32F4xx_DFP.3.2.0/Device/F403/Firmware/Peripherals/inc/gd32f403_pmu.h","6856B65207034DB262282EACEDA17E599D39FDC1340B2C03A58371D84D25E045","6856B65207034DB262282EACEDA17E599D39FDC1340B2C03A58371D84D25E045","True"
"projects/11-system-reference/course/FreeRTOS_GD32_BalanceBall/VSCode/.pack/GigaDevice/GD32F4xx_DFP.3.2.0/Device/F403/Firmware/Peripherals/inc/gd32f403_rcu.h","C5E1E4D2D86629950DFE21FE8149E8783919291392BC07B33A0394DB6D5DD8CE","C5E1E4D2D86629950DFE21FE8149E8783919291392BC07B33A0394DB6D5DD8CE","True"
"projects/11-system-reference/course/FreeRTOS_GD32_BalanceBall/VSCode/.pack/GigaDevice/GD32F4xx_DFP.3.2.0/Device/F403/Firmware/Peripherals/inc/gd32f403_rtc.h","EC47828752F242C30911CB6436D45C15EC6F9A47A58AAF6F8292A353550AC8E5","EC47828752F242C30911CB6436D45C15EC6F9A47A58AAF6F8292A353550AC8E5","True"
"projects/11-system-reference/course/FreeRTOS_GD32_BalanceBall/VSCode/.pack/GigaDevice/GD32F4xx_DFP.3.2.0/Device/F403/Firmware/Peripherals/inc/gd32f403_sdio.h","7C57E0F7E67ED9857D076E4BE5C29185B8262EA2C5413CC65C8F52D43D95B41D","7C57E0F7E67ED9857D076E4BE5C29185B8262EA2C5413CC65C8F52D43D95B41D","True"
"projects/11-system-reference/course/FreeRTOS_GD32_BalanceBall/VSCode/.pack/GigaDevice/GD32F4xx_DFP.3.2.0/Device/F403/Firmware/Peripherals/inc/gd32f403_spi.h","C9AE08AF1AC0ADE9ED00996F1561BBA60EA97B9BFD53E2936043352753F43827","C9AE08AF1AC0ADE9ED00996F1561BBA60EA97B9BFD53E2936043352753F43827","True"
"projects/11-system-reference/course/FreeRTOS_GD32_BalanceBall/VSCode/.pack/GigaDevice/GD32F4xx_DFP.3.2.0/Device/F403/Firmware/Peripherals/inc/gd32f403_timer.h","E00CD3CE6BD59A11848BE0FD60D7E9D400263105DC133E0582E2AC420BEDB0A1","E00CD3CE6BD59A11848BE0FD60D7E9D400263105DC133E0582E2AC420BEDB0A1","True"
"projects/11-system-reference/course/FreeRTOS_GD32_BalanceBall/VSCode/.pack/GigaDevice/GD32F4xx_DFP.3.2.0/Device/F403/Firmware/Peripherals/inc/gd32f403_usart.h","20CD01EE3486F3213AA34760114919DE0F264FB22C468E468D1905622BBEEB9A","20CD01EE3486F3213AA34760114919DE0F264FB22C468E468D1905622BBEEB9A","True"
"projects/11-system-reference/course/FreeRTOS_GD32_BalanceBall/VSCode/.pack/GigaDevice/GD32F4xx_DFP.3.2.0/Device/F403/Firmware/Peripherals/inc/gd32f403_wwdgt.h","A47E6AE67E178A2C973FBE21DBBC2560B919B43B2F10AF60955182AF87914E17","A47E6AE67E178A2C973FBE21DBBC2560B919B43B2F10AF60955182AF87914E17","True"
"projects/11-system-reference/course/FreeRTOS_GD32_BalanceBall/VSCode/.pack/GigaDevice/GD32F4xx_DFP.3.2.0/Device/F403/Firmware/Peripherals/src/gd32f403_adc.c","7660E178B1CA41A67F3EDF59F5DB6EA96A9A0A5EAFE4DC0DFBA5B9933EBF3B59","7660E178B1CA41A67F3EDF59F5DB6EA96A9A0A5EAFE4DC0DFBA5B9933EBF3B59","True"
"projects/11-system-reference/course/FreeRTOS_GD32_BalanceBall/VSCode/.pack/GigaDevice/GD32F4xx_DFP.3.2.0/Device/F403/Firmware/Peripherals/src/gd32f403_bkp.c","9A90CE8FB8354021F0681507FCE88CB4812FE963D23F95843EB246A83E6BAD76","9A90CE8FB8354021F0681507FCE88CB4812FE963D23F95843EB246A83E6BAD76","True"
"projects/11-system-reference/course/FreeRTOS_GD32_BalanceBall/VSCode/.pack/GigaDevice/GD32F4xx_DFP.3.2.0/Device/F403/Firmware/Peripherals/src/gd32f403_can.c","11C63BAF378D1588F38B062A7A03C5985F7E0BC860F4F09A22731A492236C9B2","11C63BAF378D1588F38B062A7A03C5985F7E0BC860F4F09A22731A492236C9B2","True"
"projects/11-system-reference/course/FreeRTOS_GD32_BalanceBall/VSCode/.pack/GigaDevice/GD32F4xx_DFP.3.2.0/Device/F403/Firmware/Peripherals/src/gd32f403_crc.c","585BD91B76367E5A1AE9535C24D87699844CA1F0DF17F887F1BB21E400804893","585BD91B76367E5A1AE9535C24D87699844CA1F0DF17F887F1BB21E400804893","True"
"projects/11-system-reference/course/FreeRTOS_GD32_BalanceBall/VSCode/.pack/GigaDevice/GD32F4xx_DFP.3.2.0/Device/F403/Firmware/Peripherals/src/gd32f403_ctc.c","4DD736F905191F1D49EA262B8B892F9C2230829B5803AB674A070EC19CFCA08B","4DD736F905191F1D49EA262B8B892F9C2230829B5803AB674A070EC19CFCA08B","True"
"projects/11-system-reference/course/FreeRTOS_GD32_BalanceBall/VSCode/.pack/GigaDevice/GD32F4xx_DFP.3.2.0/Device/F403/Firmware/Peripherals/src/gd32f403_dac.c","F70B8B5197D1FB3221877438B13993AD50AEF04673F3DD761F5DF6A07D0B55BD","F70B8B5197D1FB3221877438B13993AD50AEF04673F3DD761F5DF6A07D0B55BD","True"
"projects/11-system-reference/course/FreeRTOS_GD32_BalanceBall/VSCode/.pack/GigaDevice/GD32F4xx_DFP.3.2.0/Device/F403/Firmware/Peripherals/src/gd32f403_dbg.c","9DF7DAC285544A0EC7F6678673E0FE77D8ECAD562C867856DB74C54A46378E08","9DF7DAC285544A0EC7F6678673E0FE77D8ECAD562C867856DB74C54A46378E08","True"
"projects/11-system-reference/course/FreeRTOS_GD32_BalanceBall/VSCode/.pack/GigaDevice/GD32F4xx_DFP.3.2.0/Device/F403/Firmware/Peripherals/src/gd32f403_dma.c","DE8A5121BD0FAE91A3029C4C55EA7E847ACDA15B381D6A833D648B6146CF919C","DE8A5121BD0FAE91A3029C4C55EA7E847ACDA15B381D6A833D648B6146CF919C","True"
"projects/11-system-reference/course/FreeRTOS_GD32_BalanceBall/VSCode/.pack/GigaDevice/GD32F4xx_DFP.3.2.0/Device/F403/Firmware/Peripherals/src/gd32f403_exmc.c","BAFB924653B79885AFAB4EC0EC5F2C4957B5BC0876E25678D150D0F536AD84EC","BAFB924653B79885AFAB4EC0EC5F2C4957B5BC0876E25678D150D0F536AD84EC","True"
"projects/11-system-reference/course/FreeRTOS_GD32_BalanceBall/VSCode/.pack/GigaDevice/GD32F4xx_DFP.3.2.0/Device/F403/Firmware/Peripherals/src/gd32f403_exti.c","52E7DCD6F6BA1452FF771D78EF526D91FE67A44EFADFF47CD2350F9556F4EA0C","52E7DCD6F6BA1452FF771D78EF526D91FE67A44EFADFF47CD2350F9556F4EA0C","True"
"projects/11-system-reference/course/FreeRTOS_GD32_BalanceBall/VSCode/.pack/GigaDevice/GD32F4xx_DFP.3.2.0/Device/F403/Firmware/Peripherals/src/gd32f403_fmc.c","00E4392C187BFCA9392A4E0031A1112111CBB2C7856931F8EFF97EB4F73A5797","00E4392C187BFCA9392A4E0031A1112111CBB2C7856931F8EFF97EB4F73A5797","True"
"projects/11-system-reference/course/FreeRTOS_GD32_BalanceBall/VSCode/.pack/GigaDevice/GD32F4xx_DFP.3.2.0/Device/F403/Firmware/Peripherals/src/gd32f403_fwdgt.c","AC3BEDC439C7ED018979BD0124FEB3E7185E9732712CEBA95616DBA63DE61601","AC3BEDC439C7ED018979BD0124FEB3E7185E9732712CEBA95616DBA63DE61601","True"
"projects/11-system-reference/course/FreeRTOS_GD32_BalanceBall/VSCode/.pack/GigaDevice/GD32F4xx_DFP.3.2.0/Device/F403/Firmware/Peripherals/src/gd32f403_gpio.c","43EC3598989FFE8C4F5B7D2B9D60A9655838191A56515D78020E5EF5F8E95D2E","43EC3598989FFE8C4F5B7D2B9D60A9655838191A56515D78020E5EF5F8E95D2E","True"
"projects/11-system-reference/course/FreeRTOS_GD32_BalanceBall/VSCode/.pack/GigaDevice/GD32F4xx_DFP.3.2.0/Device/F403/Firmware/Peripherals/src/gd32f403_i2c.c","CC351A2B8547A521F314C739572828B77DE978C886062E9DE3DB5B9FD1613CE8","CC351A2B8547A521F314C739572828B77DE978C886062E9DE3DB5B9FD1613CE8","True"
"projects/11-system-reference/course/FreeRTOS_GD32_BalanceBall/VSCode/.pack/GigaDevice/GD32F4xx_DFP.3.2.0/Device/F403/Firmware/Peripherals/src/gd32f403_misc.c","0EE267D4AA54DDAF629E72F06079BA7E01A7932F3394F609B3B158A760DEC25D","0EE267D4AA54DDAF629E72F06079BA7E01A7932F3394F609B3B158A760DEC25D","True"
"projects/11-system-reference/course/FreeRTOS_GD32_BalanceBall/VSCode/.pack/GigaDevice/GD32F4xx_DFP.3.2.0/Device/F403/Firmware/Peripherals/src/gd32f403_pmu.c","E4904DC836395FD1F285A47C2DF6930836DA1B99A086D9D14959A25283B2C6FD","E4904DC836395FD1F285A47C2DF6930836DA1B99A086D9D14959A25283B2C6FD","True"
"projects/11-system-reference/course/FreeRTOS_GD32_BalanceBall/VSCode/.pack/GigaDevice/GD32F4xx_DFP.3.2.0/Device/F403/Firmware/Peripherals/src/gd32f403_rcu.c","2D7A781053196CD73F74316625FDD06D0D31CE8DA0B12815B0BAA4FA3507E2B0","2D7A781053196CD73F74316625FDD06D0D31CE8DA0B12815B0BAA4FA3507E2B0","True"
"projects/11-system-reference/course/FreeRTOS_GD32_BalanceBall/VSCode/.pack/GigaDevice/GD32F4xx_DFP.3.2.0/Device/F403/Firmware/Peripherals/src/gd32f403_rtc.c","8D3A51266A6A30E77DDD1305A5C9423F8E042FC3BAF188C74DDC2791A3C78ED5","8D3A51266A6A30E77DDD1305A5C9423F8E042FC3BAF188C74DDC2791A3C78ED5","True"
"projects/11-system-reference/course/FreeRTOS_GD32_BalanceBall/VSCode/.pack/GigaDevice/GD32F4xx_DFP.3.2.0/Device/F403/Firmware/Peripherals/src/gd32f403_sdio.c","EADC9BDC7B7A20383886B289F6CFFD50A79E1C55EA701D8F9D20D937C28AB89D","EADC9BDC7B7A20383886B289F6CFFD50A79E1C55EA701D8F9D20D937C28AB89D","True"
"projects/11-system-reference/course/FreeRTOS_GD32_BalanceBall/VSCode/.pack/GigaDevice/GD32F4xx_DFP.3.2.0/Device/F403/Firmware/Peripherals/src/gd32f403_spi.c","58DEC6BBA7093E71FF95EB91D7DD61634FF341ABAB4B41B1E9300ABE5542130B","58DEC6BBA7093E71FF95EB91D7DD61634FF341ABAB4B41B1E9300ABE5542130B","True"
"projects/11-system-reference/course/FreeRTOS_GD32_BalanceBall/VSCode/.pack/GigaDevice/GD32F4xx_DFP.3.2.0/Device/F403/Firmware/Peripherals/src/gd32f403_timer.c","BEAA6B451A277E2F62F0503A7934FE65A0DA78238162E292CB1215B0EF9BD82C","BEAA6B451A277E2F62F0503A7934FE65A0DA78238162E292CB1215B0EF9BD82C","True"
"projects/11-system-reference/course/FreeRTOS_GD32_BalanceBall/VSCode/.pack/GigaDevice/GD32F4xx_DFP.3.2.0/Device/F403/Firmware/Peripherals/src/gd32f403_usart.c","AB1EA2EE0BA15153292DF36F2A4B2AC679B17BCBF7F170B7D8917053E7B362A6","AB1EA2EE0BA15153292DF36F2A4B2AC679B17BCBF7F170B7D8917053E7B362A6","True"
"projects/11-system-reference/course/FreeRTOS_GD32_BalanceBall/VSCode/.pack/GigaDevice/GD32F4xx_DFP.3.2.0/Device/F403/Firmware/Peripherals/src/gd32f403_wwdgt.c","782C572B0BB81B59953F1B965A14103570A60062AA78EAF5CF8AB636638B24A3","782C572B0BB81B59953F1B965A14103570A60062AA78EAF5CF8AB636638B24A3","True"
"projects/11-system-reference/course/FreeRTOS_GD32_BalanceBall/VSCode/.pack/GigaDevice/GD32F4xx_DFP.3.2.0/Device/F403/Include/gd32f403_libopt.h","AF3C9AFFDB392E903C6351D893DD8261E32AF79A5AFD74022F22B24140077B62","AF3C9AFFDB392E903C6351D893DD8261E32AF79A5AFD74022F22B24140077B62","True"
"projects/11-system-reference/course/FreeRTOS_GD32_BalanceBall/VSCode/.pack/GigaDevice/GD32F4xx_DFP.3.2.0/Device/F403/Include/gd32f403.h","A2566247EDC7A0284A713AAB92BEBA9FC445A91CF92206C063F81F66F55B7380","A2566247EDC7A0284A713AAB92BEBA9FC445A91CF92206C063F81F66F55B7380","True"
"projects/11-system-reference/course/FreeRTOS_GD32_BalanceBall/VSCode/.pack/GigaDevice/GD32F4xx_DFP.3.2.0/Device/F403/Include/system_gd32f403.h","C50A29FCECC749EE24511DC0469B5428291F6A9282C592C705D9B00DE2D51862","C50A29FCECC749EE24511DC0469B5428291F6A9282C592C705D9B00DE2D51862","True"
"projects/11-system-reference/course/FreeRTOS_GD32_BalanceBall/VSCode/.pack/GigaDevice/GD32F4xx_DFP.3.2.0/Device/F403/Source/ARM/startup_gd32f403.s","323CFBD57791E8D2996633598FEF59A24B0C648725595AC929ADD0FA4A583E81","323CFBD57791E8D2996633598FEF59A24B0C648725595AC929ADD0FA4A583E81","True"
"projects/11-system-reference/course/FreeRTOS_GD32_BalanceBall/VSCode/.pack/GigaDevice/GD32F4xx_DFP.3.2.0/Device/F403/Source/system_gd32f403.c","7F40560D13590598C094186941A129D096C50FE6A66979277DF2C91F1BB6A898","7F40560D13590598C094186941A129D096C50FE6A66979277DF2C91F1BB6A898","True"
"projects/11-system-reference/course/FreeRTOS_GD32_BalanceBall/VSCode/.pack/GigaDevice/GD32F4xx_DFP.3.2.0/Device/F403/Utilities/gd32f403z_eval.c","324B6F7CC1C8937836D7EBA7898FEF5D1F2D78053B407F3B0D2AC9A4B12D4184","324B6F7CC1C8937836D7EBA7898FEF5D1F2D78053B407F3B0D2AC9A4B12D4184","True"
"projects/11-system-reference/course/FreeRTOS_GD32_BalanceBall/VSCode/.pack/GigaDevice/GD32F4xx_DFP.3.2.0/Device/F403/Utilities/gd32f403z_eval.h","AC7C28736DA524724656704DEF867D20D474D981EDE630D10A9DBB217948C309","AC7C28736DA524724656704DEF867D20D474D981EDE630D10A9DBB217948C309","True"
"projects/11-system-reference/course/FreeRTOS_GD32_BalanceBall/VSCode/.pack/GigaDevice/GD32F4xx_DFP.3.2.0/Device/F4XX/Firmware/Peripherals/inc/gd32f4xx_adc.h","9F517C1DF57A81FFAE6B36C91D0D1DFA235F164A3F48D6AC5035325D5A727B00","9F517C1DF57A81FFAE6B36C91D0D1DFA235F164A3F48D6AC5035325D5A727B00","True"
"projects/11-system-reference/course/FreeRTOS_GD32_BalanceBall/VSCode/.pack/GigaDevice/GD32F4xx_DFP.3.2.0/Device/F4XX/Firmware/Peripherals/inc/gd32f4xx_can.h","FEB1D93EDAE953ECD739427C0D49E3EFE33FC1DD795F44EA52B77C5BA9326825","FEB1D93EDAE953ECD739427C0D49E3EFE33FC1DD795F44EA52B77C5BA9326825","True"
"projects/11-system-reference/course/FreeRTOS_GD32_BalanceBall/VSCode/.pack/GigaDevice/GD32F4xx_DFP.3.2.0/Device/F4XX/Firmware/Peripherals/inc/gd32f4xx_crc.h","86AF259EF548DE62896483666031503426435C003C7C40B833958600861DE22F","86AF259EF548DE62896483666031503426435C003C7C40B833958600861DE22F","True"
"projects/11-system-reference/course/FreeRTOS_GD32_BalanceBall/VSCode/.pack/GigaDevice/GD32F4xx_DFP.3.2.0/Device/F4XX/Firmware/Peripherals/inc/gd32f4xx_ctc.h","DB7CAC31CEDB1E8A5E7596B83CACB0D57E043CCEDB5257D571F657073B9D3F36","DB7CAC31CEDB1E8A5E7596B83CACB0D57E043CCEDB5257D571F657073B9D3F36","True"
"projects/11-system-reference/course/FreeRTOS_GD32_BalanceBall/VSCode/.pack/GigaDevice/GD32F4xx_DFP.3.2.0/Device/F4XX/Firmware/Peripherals/inc/gd32f4xx_dac.h","FDA05A51066B1B14617F10DF4C06DD6E64A4EE94B1B00D86A458F7E9354B2A87","FDA05A51066B1B14617F10DF4C06DD6E64A4EE94B1B00D86A458F7E9354B2A87","True"
"projects/11-system-reference/course/FreeRTOS_GD32_BalanceBall/VSCode/.pack/GigaDevice/GD32F4xx_DFP.3.2.0/Device/F4XX/Firmware/Peripherals/inc/gd32f4xx_dbg.h","F2FA9E090D78CE68383CA6165EAEE79BB44D5DE2C6D6A4646549FABC0690FAB9","F2FA9E090D78CE68383CA6165EAEE79BB44D5DE2C6D6A4646549FABC0690FAB9","True"
"projects/11-system-reference/course/FreeRTOS_GD32_BalanceBall/VSCode/.pack/GigaDevice/GD32F4xx_DFP.3.2.0/Device/F4XX/Firmware/Peripherals/inc/gd32f4xx_dci.h","82938AA127BF623029255EE38E1D47423C1AC5183515935315E9026D0A14FB85","82938AA127BF623029255EE38E1D47423C1AC5183515935315E9026D0A14FB85","True"
"projects/11-system-reference/course/FreeRTOS_GD32_BalanceBall/VSCode/.pack/GigaDevice/GD32F4xx_DFP.3.2.0/Device/F4XX/Firmware/Peripherals/inc/gd32f4xx_dma.h","01EF8EB5EE8F8B960DCB62C267C75E015306EAD0F3F4CC47795FBCDA9031848E","01EF8EB5EE8F8B960DCB62C267C75E015306EAD0F3F4CC47795FBCDA9031848E","True"
"projects/11-system-reference/course/FreeRTOS_GD32_BalanceBall/VSCode/.pack/GigaDevice/GD32F4xx_DFP.3.2.0/Device/F4XX/Firmware/Peripherals/inc/gd32f4xx_enet.h","2CEDE586CAE39967F7FE8EA59206AC30CF0E51C7E49DE735B5BB847F1A625C18","2CEDE586CAE39967F7FE8EA59206AC30CF0E51C7E49DE735B5BB847F1A625C18","True"
"projects/11-system-reference/course/FreeRTOS_GD32_BalanceBall/VSCode/.pack/GigaDevice/GD32F4xx_DFP.3.2.0/Device/F4XX/Firmware/Peripherals/inc/gd32f4xx_exmc.h","51FDE42DFFD495736FFEE9035DD6A380223AE891EBBB75CE18499450DA3E8723","51FDE42DFFD495736FFEE9035DD6A380223AE891EBBB75CE18499450DA3E8723","True"
"projects/11-system-reference/course/FreeRTOS_GD32_BalanceBall/VSCode/.pack/GigaDevice/GD32F4xx_DFP.3.2.0/Device/F4XX/Firmware/Peripherals/inc/gd32f4xx_exti.h","640488EF0149941CA9099E2FE4F5691AD28247C0BE799AF87EC9344A2698E309","640488EF0149941CA9099E2FE4F5691AD28247C0BE799AF87EC9344A2698E309","True"
"projects/11-system-reference/course/FreeRTOS_GD32_BalanceBall/VSCode/.pack/GigaDevice/GD32F4xx_DFP.3.2.0/Device/F4XX/Firmware/Peripherals/inc/gd32f4xx_fmc.h","E636742125BB64077379E4DB55D9FDD97844B9D64FAFC84845FFA6A124C4192D","E636742125BB64077379E4DB55D9FDD97844B9D64FAFC84845FFA6A124C4192D","True"
"projects/11-system-reference/course/FreeRTOS_GD32_BalanceBall/VSCode/.pack/GigaDevice/GD32F4xx_DFP.3.2.0/Device/F4XX/Firmware/Peripherals/inc/gd32f4xx_fwdgt.h","493CEA8311B2BA24108A95CF4CD2744B6B72C2B41BC14746893C8A4342B2E677","493CEA8311B2BA24108A95CF4CD2744B6B72C2B41BC14746893C8A4342B2E677","True"
"projects/11-system-reference/course/FreeRTOS_GD32_BalanceBall/VSCode/.pack/GigaDevice/GD32F4xx_DFP.3.2.0/Device/F4XX/Firmware/Peripherals/inc/gd32f4xx_gpio.h","53D21035522659349777FEF575D702A39828219B2E38C0ECE3F67E9C6B02F654","53D21035522659349777FEF575D702A39828219B2E38C0ECE3F67E9C6B02F654","True"
"projects/11-system-reference/course/FreeRTOS_GD32_BalanceBall/VSCode/.pack/GigaDevice/GD32F4xx_DFP.3.2.0/Device/F4XX/Firmware/Peripherals/inc/gd32f4xx_i2c.h","FE0282793C669E70CBC0F69E7D75C75021DF98673D84FE2DA3D1E34AF2BD1557","FE0282793C669E70CBC0F69E7D75C75021DF98673D84FE2DA3D1E34AF2BD1557","True"
"projects/11-system-reference/course/FreeRTOS_GD32_BalanceBall/VSCode/.pack/GigaDevice/GD32F4xx_DFP.3.2.0/Device/F4XX/Firmware/Peripherals/inc/gd32f4xx_ipa.h","EFD7EFE80CE2D45A0523EA38C7289CEDAF38F9B55777D634BD32DAA187062402","EFD7EFE80CE2D45A0523EA38C7289CEDAF38F9B55777D634BD32DAA187062402","True"
"projects/11-system-reference/course/FreeRTOS_GD32_BalanceBall/VSCode/.pack/GigaDevice/GD32F4xx_DFP.3.2.0/Device/F4XX/Firmware/Peripherals/inc/gd32f4xx_iref.h","D3509099677C178AD1552101D1214041B58ACFD181BF4638C25E15D60F204157","D3509099677C178AD1552101D1214041B58ACFD181BF4638C25E15D60F204157","True"
"projects/11-system-reference/course/FreeRTOS_GD32_BalanceBall/VSCode/.pack/GigaDevice/GD32F4xx_DFP.3.2.0/Device/F4XX/Firmware/Peripherals/inc/gd32f4xx_misc.h","CF283215D54F36438978E296234E089315F68F35895458D6980375378D3F2936","CF283215D54F36438978E296234E089315F68F35895458D6980375378D3F2936","True"
"projects/11-system-reference/course/FreeRTOS_GD32_BalanceBall/VSCode/.pack/GigaDevice/GD32F4xx_DFP.3.2.0/Device/F4XX/Firmware/Peripherals/inc/gd32f4xx_pmu.h","CA5BCAF1F285D5DB312434F95B7637635609EDFDAC90B06AA701A20850E770A3","CA5BCAF1F285D5DB312434F95B7637635609EDFDAC90B06AA701A20850E770A3","True"
"projects/11-system-reference/course/FreeRTOS_GD32_BalanceBall/VSCode/.pack/GigaDevice/GD32F4xx_DFP.3.2.0/Device/F4XX/Firmware/Peripherals/inc/gd32f4xx_rcu.h","187DB9FC056C5879D633F9FFBFFA949DEC02909BA8C747FED89D497CEFA6CD35","187DB9FC056C5879D633F9FFBFFA949DEC02909BA8C747FED89D497CEFA6CD35","True"
"projects/11-system-reference/course/FreeRTOS_GD32_BalanceBall/VSCode/.pack/GigaDevice/GD32F4xx_DFP.3.2.0/Device/F4XX/Firmware/Peripherals/inc/gd32f4xx_rtc.h","FCAB796CA04AB0E092BC031650FBBEB190CD5B31CC9F502AF09613C8821DEB66","FCAB796CA04AB0E092BC031650FBBEB190CD5B31CC9F502AF09613C8821DEB66","True"
"projects/11-system-reference/course/FreeRTOS_GD32_BalanceBall/VSCode/.pack/GigaDevice/GD32F4xx_DFP.3.2.0/Device/F4XX/Firmware/Peripherals/inc/gd32f4xx_sdio.h","8042BA05FD374ED8CF40976611F55A5F71520D18066E309776C7F6305B2A30B0","8042BA05FD374ED8CF40976611F55A5F71520D18066E309776C7F6305B2A30B0","True"
"projects/11-system-reference/course/FreeRTOS_GD32_BalanceBall/VSCode/.pack/GigaDevice/GD32F4xx_DFP.3.2.0/Device/F4XX/Firmware/Peripherals/inc/gd32f4xx_spi.h","6555CFCF05CFDC76D5D7BA1A8BC0937995076CEEBD5E9D22D810D0E3A7C36B94","6555CFCF05CFDC76D5D7BA1A8BC0937995076CEEBD5E9D22D810D0E3A7C36B94","True"
"projects/11-system-reference/course/FreeRTOS_GD32_BalanceBall/VSCode/.pack/GigaDevice/GD32F4xx_DFP.3.2.0/Device/F4XX/Firmware/Peripherals/inc/gd32f4xx_syscfg.h","0D20FDF7D1B1B9F36C4C0FF87495224F4F624F5369C522F136B570D53E7F7A8D","0D20FDF7D1B1B9F36C4C0FF87495224F4F624F5369C522F136B570D53E7F7A8D","True"
"projects/11-system-reference/course/FreeRTOS_GD32_BalanceBall/VSCode/.pack/GigaDevice/GD32F4xx_DFP.3.2.0/Device/F4XX/Firmware/Peripherals/inc/gd32f4xx_timer.h","F43CD99E4FB76C676A82304F94B599EBF7F192A724BF121772A59FC835C369A0","F43CD99E4FB76C676A82304F94B599EBF7F192A724BF121772A59FC835C369A0","True"
"projects/11-system-reference/course/FreeRTOS_GD32_BalanceBall/VSCode/.pack/GigaDevice/GD32F4xx_DFP.3.2.0/Device/F4XX/Firmware/Peripherals/inc/gd32f4xx_tli.h","E55F20D841D1A71934A4FE21A14A56F4B798929E82645E5A7F2FD1E63FBC7F34","E55F20D841D1A71934A4FE21A14A56F4B798929E82645E5A7F2FD1E63FBC7F34","True"
"projects/11-system-reference/course/FreeRTOS_GD32_BalanceBall/VSCode/.pack/GigaDevice/GD32F4xx_DFP.3.2.0/Device/F4XX/Firmware/Peripherals/inc/gd32f4xx_trng.h","CBFEAA26691400E56C5DC97A3330BA142CB294BDB248952B52F6B144650F19E9","CBFEAA26691400E56C5DC97A3330BA142CB294BDB248952B52F6B144650F19E9","True"
"projects/11-system-reference/course/FreeRTOS_GD32_BalanceBall/VSCode/.pack/GigaDevice/GD32F4xx_DFP.3.2.0/Device/F4XX/Firmware/Peripherals/inc/gd32f4xx_usart.h","FAD8E7D9741996CF06BD1043D68F0525596AF82BF5A5C6A33FE4C5E6EE4EE606","FAD8E7D9741996CF06BD1043D68F0525596AF82BF5A5C6A33FE4C5E6EE4EE606","True"
"projects/11-system-reference/course/FreeRTOS_GD32_BalanceBall/VSCode/.pack/GigaDevice/GD32F4xx_DFP.3.2.0/Device/F4XX/Firmware/Peripherals/inc/gd32f4xx_wwdgt.h","473AA451623FFD1A2C7F303D77140B51021BA5C4BC920E2032E4B85102AE2286","473AA451623FFD1A2C7F303D77140B51021BA5C4BC920E2032E4B85102AE2286","True"
"projects/11-system-reference/course/FreeRTOS_GD32_BalanceBall/VSCode/.pack/GigaDevice/GD32F4xx_DFP.3.2.0/Device/F4XX/Firmware/Peripherals/src/gd32f4xx_adc.c","71DEB61DD029F366E41DE8F0A34ED1519EB62C74AFBAF3D46677A5A4BA80BC11","71DEB61DD029F366E41DE8F0A34ED1519EB62C74AFBAF3D46677A5A4BA80BC11","True"
"projects/11-system-reference/course/FreeRTOS_GD32_BalanceBall/VSCode/.pack/GigaDevice/GD32F4xx_DFP.3.2.0/Device/F4XX/Firmware/Peripherals/src/gd32f4xx_can.c","40CA2FEA90D56735748B76641058C1CD3409D29BE2913D095C83BEA8AC43AB99","40CA2FEA90D56735748B76641058C1CD3409D29BE2913D095C83BEA8AC43AB99","True"
"projects/11-system-reference/course/FreeRTOS_GD32_BalanceBall/VSCode/.pack/GigaDevice/GD32F4xx_DFP.3.2.0/Device/F4XX/Firmware/Peripherals/src/gd32f4xx_crc.c","5BE392A0558E3193FA4A5FD032DD37BBF7D84B59CB5F12AD8C2B6BC82DA79377","5BE392A0558E3193FA4A5FD032DD37BBF7D84B59CB5F12AD8C2B6BC82DA79377","True"
"projects/11-system-reference/course/FreeRTOS_GD32_BalanceBall/VSCode/.pack/GigaDevice/GD32F4xx_DFP.3.2.0/Device/F4XX/Firmware/Peripherals/src/gd32f4xx_ctc.c","3FB5928713D58E9514D17024DFAD2AF0291C9364E711514425210EABBE7B640E","3FB5928713D58E9514D17024DFAD2AF0291C9364E711514425210EABBE7B640E","True"
"projects/11-system-reference/course/FreeRTOS_GD32_BalanceBall/VSCode/.pack/GigaDevice/GD32F4xx_DFP.3.2.0/Device/F4XX/Firmware/Peripherals/src/gd32f4xx_dac.c","E62858CDDA48EDDA71FA5C43C826B39D3CBD12C1AAAD5955467D230B58F8708D","E62858CDDA48EDDA71FA5C43C826B39D3CBD12C1AAAD5955467D230B58F8708D","True"
"projects/11-system-reference/course/FreeRTOS_GD32_BalanceBall/VSCode/.pack/GigaDevice/GD32F4xx_DFP.3.2.0/Device/F4XX/Firmware/Peripherals/src/gd32f4xx_dbg.c","7B47AA831866100119F9DD5E1D1940666DCF505E77678DAC536B42DC8856A0FF","7B47AA831866100119F9DD5E1D1940666DCF505E77678DAC536B42DC8856A0FF","True"
"projects/11-system-reference/course/FreeRTOS_GD32_BalanceBall/VSCode/.pack/GigaDevice/GD32F4xx_DFP.3.2.0/Device/F4XX/Firmware/Peripherals/src/gd32f4xx_dci.c","D0C9A974B6D4180A0A981771AEDFDB5C6E4AD693F27DC9F2400448722F60C155","D0C9A974B6D4180A0A981771AEDFDB5C6E4AD693F27DC9F2400448722F60C155","True"
"projects/11-system-reference/course/FreeRTOS_GD32_BalanceBall/VSCode/.pack/GigaDevice/GD32F4xx_DFP.3.2.0/Device/F4XX/Firmware/Peripherals/src/gd32f4xx_dma.c","954A5E2DBDA662AFBE51264BC37FC384202D5AD897C7DADC543EA7B4C7982A9C","954A5E2DBDA662AFBE51264BC37FC384202D5AD897C7DADC543EA7B4C7982A9C","True"
"projects/11-system-reference/course/FreeRTOS_GD32_BalanceBall/VSCode/.pack/GigaDevice/GD32F4xx_DFP.3.2.0/Device/F4XX/Firmware/Peripherals/src/gd32f4xx_enet.c","89025D65F8BF08D09F1753C5AFBD056B098F438BAB53A116B11FBB448C8535DD","89025D65F8BF08D09F1753C5AFBD056B098F438BAB53A116B11FBB448C8535DD","True"
"projects/11-system-reference/course/FreeRTOS_GD32_BalanceBall/VSCode/.pack/GigaDevice/GD32F4xx_DFP.3.2.0/Device/F4XX/Firmware/Peripherals/src/gd32f4xx_exmc.c","4E8F2CFE77FFC8E68ED97D4994A352DC63902918AF0C5AC66DB6380F76F1DF6D","4E8F2CFE77FFC8E68ED97D4994A352DC63902918AF0C5AC66DB6380F76F1DF6D","True"
"projects/11-system-reference/course/FreeRTOS_GD32_BalanceBall/VSCode/.pack/GigaDevice/GD32F4xx_DFP.3.2.0/Device/F4XX/Firmware/Peripherals/src/gd32f4xx_exti.c","039D27F4134E32EE4DD5FB7A36E2341B7E65D7044684E8EBE38521B025088059","039D27F4134E32EE4DD5FB7A36E2341B7E65D7044684E8EBE38521B025088059","True"
"projects/11-system-reference/course/FreeRTOS_GD32_BalanceBall/VSCode/.pack/GigaDevice/GD32F4xx_DFP.3.2.0/Device/F4XX/Firmware/Peripherals/src/gd32f4xx_fmc.c","48A092FF4264303ECBADD797504A8760F8D8F40FA5A435E42D30D92C242F88FD","48A092FF4264303ECBADD797504A8760F8D8F40FA5A435E42D30D92C242F88FD","True"
"projects/11-system-reference/course/FreeRTOS_GD32_BalanceBall/VSCode/.pack/GigaDevice/GD32F4xx_DFP.3.2.0/Device/F4XX/Firmware/Peripherals/src/gd32f4xx_fwdgt.c","EEBE830A1E7A0C0F3184CC5BD7276EB52E56E063B7DAF96D66D94FAC509FB29D","EEBE830A1E7A0C0F3184CC5BD7276EB52E56E063B7DAF96D66D94FAC509FB29D","True"
"projects/11-system-reference/course/FreeRTOS_GD32_BalanceBall/VSCode/.pack/GigaDevice/GD32F4xx_DFP.3.2.0/Device/F4XX/Firmware/Peripherals/src/gd32f4xx_gpio.c","19A6719A29A2944A5D50B62A6D85F166AA4E1D80DF9983E3185DCCAA3AD50694","19A6719A29A2944A5D50B62A6D85F166AA4E1D80DF9983E3185DCCAA3AD50694","True"
"projects/11-system-reference/course/FreeRTOS_GD32_BalanceBall/VSCode/.pack/GigaDevice/GD32F4xx_DFP.3.2.0/Device/F4XX/Firmware/Peripherals/src/gd32f4xx_i2c.c","432427E1EEA05C9E13AF45665BEABAC878054BEE78C6A2C946287E6BAD56FA60","432427E1EEA05C9E13AF45665BEABAC878054BEE78C6A2C946287E6BAD56FA60","True"
"projects/11-system-reference/course/FreeRTOS_GD32_BalanceBall/VSCode/.pack/GigaDevice/GD32F4xx_DFP.3.2.0/Device/F4XX/Firmware/Peripherals/src/gd32f4xx_ipa.c","2F54E4D64F1C647D49F746C9914DAEAC10EFA80AFD2EFF038C6624C35F8B920C","2F54E4D64F1C647D49F746C9914DAEAC10EFA80AFD2EFF038C6624C35F8B920C","True"
"projects/11-system-reference/course/FreeRTOS_GD32_BalanceBall/VSCode/.pack/GigaDevice/GD32F4xx_DFP.3.2.0/Device/F4XX/Firmware/Peripherals/src/gd32f4xx_iref.c","0F19992B9842071EAF0600AEEF25484F80B76569A326138904E3BFBA4E51B548","0F19992B9842071EAF0600AEEF25484F80B76569A326138904E3BFBA4E51B548","True"
"projects/11-system-reference/course/FreeRTOS_GD32_BalanceBall/VSCode/.pack/GigaDevice/GD32F4xx_DFP.3.2.0/Device/F4XX/Firmware/Peripherals/src/gd32f4xx_misc.c","CF2D608F73D5787E179808CBDE31A9087015A0B6B509A100A73EC14ABD872E54","CF2D608F73D5787E179808CBDE31A9087015A0B6B509A100A73EC14ABD872E54","True"
"projects/11-system-reference/course/FreeRTOS_GD32_BalanceBall/VSCode/.pack/GigaDevice/GD32F4xx_DFP.3.2.0/Device/F4XX/Firmware/Peripherals/src/gd32f4xx_pmu.c","067742B6D2E798AA34D39675A83372A570565706FD3706E2906A412BEA7F05C0","067742B6D2E798AA34D39675A83372A570565706FD3706E2906A412BEA7F05C0","True"
"projects/11-system-reference/course/FreeRTOS_GD32_BalanceBall/VSCode/.pack/GigaDevice/GD32F4xx_DFP.3.2.0/Device/F4XX/Firmware/Peripherals/src/gd32f4xx_rcu.c","9A29714087F53E873F428DFA7C00C55918647B436762692E357CE5483D757AA2","9A29714087F53E873F428DFA7C00C55918647B436762692E357CE5483D757AA2","True"
"projects/11-system-reference/course/FreeRTOS_GD32_BalanceBall/VSCode/.pack/GigaDevice/GD32F4xx_DFP.3.2.0/Device/F4XX/Firmware/Peripherals/src/gd32f4xx_rtc.c","1293750E148EE3EA958D688E979805774BA7641FF2D79EF5E777C0A90B290E6A","1293750E148EE3EA958D688E979805774BA7641FF2D79EF5E777C0A90B290E6A","True"
"projects/11-system-reference/course/FreeRTOS_GD32_BalanceBall/VSCode/.pack/GigaDevice/GD32F4xx_DFP.3.2.0/Device/F4XX/Firmware/Peripherals/src/gd32f4xx_sdio.c","634090428E5D15F3AE1E1A979312BB12C1B586BF1F7EBB39D480C5F55FDA000A","634090428E5D15F3AE1E1A979312BB12C1B586BF1F7EBB39D480C5F55FDA000A","True"
"projects/11-system-reference/course/FreeRTOS_GD32_BalanceBall/VSCode/.pack/GigaDevice/GD32F4xx_DFP.3.2.0/Device/F4XX/Firmware/Peripherals/src/gd32f4xx_spi.c","6707017222FA06670B263F6D8E923BE050595CED24125110D8EE1A727D89DA90","6707017222FA06670B263F6D8E923BE050595CED24125110D8EE1A727D89DA90","True"
"projects/11-system-reference/course/FreeRTOS_GD32_BalanceBall/VSCode/.pack/GigaDevice/GD32F4xx_DFP.3.2.0/Device/F4XX/Firmware/Peripherals/src/gd32f4xx_syscfg.c","DBC4AE770500DC08A63C1E9A3D0D4DDB9791A0C76972C9F699D0605237B372F1","DBC4AE770500DC08A63C1E9A3D0D4DDB9791A0C76972C9F699D0605237B372F1","True"
"projects/11-system-reference/course/FreeRTOS_GD32_BalanceBall/VSCode/.pack/GigaDevice/GD32F4xx_DFP.3.2.0/Device/F4XX/Firmware/Peripherals/src/gd32f4xx_timer.c","13D7A86AE5A4FD08C1E291900A7D1B5B0EBA6D32C3636A7D977D33B0576EF105","13D7A86AE5A4FD08C1E291900A7D1B5B0EBA6D32C3636A7D977D33B0576EF105","True"
"projects/11-system-reference/course/FreeRTOS_GD32_BalanceBall/VSCode/.pack/GigaDevice/GD32F4xx_DFP.3.2.0/Device/F4XX/Firmware/Peripherals/src/gd32f4xx_tli.c","B7431492CA657B879DEC8E36BB9292895F7A868E1168DD88BECF14B9252CBF35","B7431492CA657B879DEC8E36BB9292895F7A868E1168DD88BECF14B9252CBF35","True"
"projects/11-system-reference/course/FreeRTOS_GD32_BalanceBall/VSCode/.pack/GigaDevice/GD32F4xx_DFP.3.2.0/Device/F4XX/Firmware/Peripherals/src/gd32f4xx_trng.c","F24220AB843B5F80A86EAB90818D923994E22988BE85F5FC8063AA8BE652A59B","F24220AB843B5F80A86EAB90818D923994E22988BE85F5FC8063AA8BE652A59B","True"
"projects/11-system-reference/course/FreeRTOS_GD32_BalanceBall/VSCode/.pack/GigaDevice/GD32F4xx_DFP.3.2.0/Device/F4XX/Firmware/Peripherals/src/gd32f4xx_usart.c","F27B3FE943C6D098800DAA6AF10DBF68F1C1932F0966B1B6DD3325DA386DCE1D","F27B3FE943C6D098800DAA6AF10DBF68F1C1932F0966B1B6DD3325DA386DCE1D","True"
"projects/11-system-reference/course/FreeRTOS_GD32_BalanceBall/VSCode/.pack/GigaDevice/GD32F4xx_DFP.3.2.0/Device/F4XX/Firmware/Peripherals/src/gd32f4xx_wwdgt.c","92A4EF3FED8448A637DAD267C42595CD62682530A66F3ADB1B4A90C2CDE23B59","92A4EF3FED8448A637DAD267C42595CD62682530A66F3ADB1B4A90C2CDE23B59","True"
"projects/11-system-reference/course/FreeRTOS_GD32_BalanceBall/VSCode/.pack/GigaDevice/GD32F4xx_DFP.3.2.0/Device/F4XX/Include/gd32f4xx_libopt.h","61886B68AC58DE6BFC4756C50DA4AEC50F95EFF59AA66BCC552556E868A7288C","61886B68AC58DE6BFC4756C50DA4AEC50F95EFF59AA66BCC552556E868A7288C","True"
"projects/11-system-reference/course/FreeRTOS_GD32_BalanceBall/VSCode/.pack/GigaDevice/GD32F4xx_DFP.3.2.0/Device/F4XX/Include/gd32f4xx.h","599901BC5DAA535FCA01E605FA8972C79BB5250F616B2AE5E349D13D98F9E8B3","599901BC5DAA535FCA01E605FA8972C79BB5250F616B2AE5E349D13D98F9E8B3","True"
"projects/11-system-reference/course/FreeRTOS_GD32_BalanceBall/VSCode/.pack/GigaDevice/GD32F4xx_DFP.3.2.0/Device/F4XX/Include/system_gd32f4xx.h","555C816BEC85118F639961CCE64EB6ACFFD7D8EB467BC0F4DDCDF9A18649D45F","555C816BEC85118F639961CCE64EB6ACFFD7D8EB467BC0F4DDCDF9A18649D45F","True"
"projects/11-system-reference/course/FreeRTOS_GD32_BalanceBall/VSCode/.pack/GigaDevice/GD32F4xx_DFP.3.2.0/Device/F4XX/Source/ARM/startup_gd32f405_425.s","F8ADA36F774AD53A9CECF1976A107238803F4E887CBD2F63B5EF2F65A71F4B85","F8ADA36F774AD53A9CECF1976A107238803F4E887CBD2F63B5EF2F65A71F4B85","True"
"projects/11-system-reference/course/FreeRTOS_GD32_BalanceBall/VSCode/.pack/GigaDevice/GD32F4xx_DFP.3.2.0/Device/F4XX/Source/ARM/startup_gd32f407_427.s","47C046085A7ACC58A9D3C4C51370A84825EE1994395290F83C9B677DB654AD73","47C046085A7ACC58A9D3C4C51370A84825EE1994395290F83C9B677DB654AD73","True"
"projects/11-system-reference/course/FreeRTOS_GD32_BalanceBall/VSCode/.pack/GigaDevice/GD32F4xx_DFP.3.2.0/Device/F4XX/Source/ARM/startup_gd32f450_470.s","CBCF4C5198D81647459842101F3EA81BCCD1A6258F835E5FE023267C42978B2C","CBCF4C5198D81647459842101F3EA81BCCD1A6258F835E5FE023267C42978B2C","True"
"projects/11-system-reference/course/FreeRTOS_GD32_BalanceBall/VSCode/.pack/GigaDevice/GD32F4xx_DFP.3.2.0/Device/F4XX/Source/system_gd32f4xx.c","BC7706BDE01CCF87947B5574A8A6EBA0A71BA7C14BCDB263A04AAE9175070072","BC7706BDE01CCF87947B5574A8A6EBA0A71BA7C14BCDB263A04AAE9175070072","True"
"projects/11-system-reference/course/FreeRTOS_GD32_BalanceBall/VSCode/.pack/GigaDevice/GD32F4xx_DFP.3.2.0/Device/F4XX/Utilities/gd32f450i_eval_exmc_sdram.c","9A534A5840F195A31F68E91BBE7BF3E5F242C49E19B4F5907523069C24AD373C","9A534A5840F195A31F68E91BBE7BF3E5F242C49E19B4F5907523069C24AD373C","True"
"projects/11-system-reference/course/FreeRTOS_GD32_BalanceBall/VSCode/.pack/GigaDevice/GD32F4xx_DFP.3.2.0/Device/F4XX/Utilities/gd32f450i_eval_exmc_sdram.h","4BB40501F0B206ED092A5C964AF9A2319BD673B207A5B37C0DDD01680D660B01","4BB40501F0B206ED092A5C964AF9A2319BD673B207A5B37C0DDD01680D660B01","True"
"projects/11-system-reference/course/FreeRTOS_GD32_BalanceBall/VSCode/.pack/GigaDevice/GD32F4xx_DFP.3.2.0/Device/F4XX/Utilities/gd32f450i_eval.c","5A69D108BD9152B019EA7A8236D44204435E632B2315BB9347F00A0A73E3FF14","5A69D108BD9152B019EA7A8236D44204435E632B2315BB9347F00A0A73E3FF14","True"
"projects/11-system-reference/course/FreeRTOS_GD32_BalanceBall/VSCode/.pack/GigaDevice/GD32F4xx_DFP.3.2.0/Device/F4XX/Utilities/gd32f450i_eval.h","0D5A448F76C7164BD12502B065FD2E450375EEE8BD2B21184DA7C11E9ECF9435","0D5A448F76C7164BD12502B065FD2E450375EEE8BD2B21184DA7C11E9ECF9435","True"
"projects/11-system-reference/course/FreeRTOS_GD32_BalanceBall/VSCode/.pack/GigaDevice/GD32F4xx_DFP.3.2.0/Device/F4XX/Utilities/gd32f450i_lcd_eval.c","4C717954200D761457A516201EAB2004DA33478BE751D5A0423DBE4E6448CB3A","4C717954200D761457A516201EAB2004DA33478BE751D5A0423DBE4E6448CB3A","True"
"projects/11-system-reference/course/FreeRTOS_GD32_BalanceBall/VSCode/.pack/GigaDevice/GD32F4xx_DFP.3.2.0/Device/F4XX/Utilities/gd32f450i_lcd_eval.h","0A4BD7474E459DDA22A6D2E5AB652CDE2D3268D4422002F919B6959FCB0A7A3C","0A4BD7474E459DDA22A6D2E5AB652CDE2D3268D4422002F919B6959FCB0A7A3C","True"
"projects/11-system-reference/course/FreeRTOS_GD32_BalanceBall/VSCode/.pack/GigaDevice/GD32F4xx_DFP.3.2.0/Device/F4XX/Utilities/gd32f450z_eval.c","BDABC71C87624E0F346C457E8808CA110331CFB3FA786B3B630EE6DA94C6E4C5","BDABC71C87624E0F346C457E8808CA110331CFB3FA786B3B630EE6DA94C6E4C5","True"
"projects/11-system-reference/course/FreeRTOS_GD32_BalanceBall/VSCode/.pack/GigaDevice/GD32F4xx_DFP.3.2.0/Device/F4XX/Utilities/gd32f450z_eval.h","AAFD86C1DE7B6D2A4198B96EAB2589FC4ABC90140CA81A1DC126048D3D56F0FD","AAFD86C1DE7B6D2A4198B96EAB2589FC4ABC90140CA81A1DC126048D3D56F0FD","True"
"projects/11-system-reference/course/FreeRTOS_GD32_BalanceBall/VSCode/VSCode.code-workspace","254E79D293DFCA8FC2AAADEC81282183E7F03826C6A02A27ECB05EDF8389D7F1","254E79D293DFCA8FC2AAADEC81282183E7F03826C6A02A27ECB05EDF8389D7F1","True"
"assets/images/hardware/gd32-interactive-board.png","7F6CE7602581A0D0E37F33642010FAD3FF9B5BFBC5CBA3A41C541E09E4C80013","7F6CE7602581A0D0E37F33642010FAD3FF9B5BFBC5CBA3A41C541E09E4C80013","True"
